sha256,count,device_labels,artifact_types,evidence_classes,sample_filenames_redacted
e3b0c44298fc1c149afbf4c8996fb92427ae41e4649b934ca495991b7852b855,27,15G|UNKNOWN,analytics_log|csv_summary|jetsam_resource|text_log,RAW_DEVICE_LOG_ARCHIVE|ROOM85_RECONSTRUCTION_OUTPUT,00_errors.csv || 01_17d_USER_APP_OPERATION_STORAGE_BASELINE.stderr.txt || 02_17e_NATIVE_CONNECTIVITY_TRIGGER_BASELINE.stderr.txt || 03_18_USAGE_DAEMON_ORDER_LOGS_ONLY.stderr.txt || 04_18b_RESET_JETSAM_SEAM_REFINE.stderr.txt || 05_18c2_PATTERN_B_ALPHA_BETA_COMPARE_FIXED.stderr.txt || 06_18d_BC_COMBINED_DAEMON_SEAM.stderr.txt || 07_18e_CONDITION_TRIGGER_CROSS_MODEL.stderr.txt || 08_18f_TIME_WINDOW_CONDITION_CROSS.stderr.txt || 09_18f2_TIME_WINDOW_UNIQUE_CLEAN.stderr.txt || 10_18g_CORE_ONLY_JOKER_DECISION.stderr.txt || 11_18g2_CORE_OF_CORE_JOKER_FINAL.stderr.txt || 12_18h_FINAL_JOKER_PACKAGE.stderr.txt || Preferences-[PHONE].ips
95432ab9afeb105535ee16f07207f9befe0299ac11305e26019ccbacea556e69,26,12G,analytics_log,RAW_DEVICE_LOG_ARCHIVE,WiFiLQMMetrics-[PHONE].ips
f01a374e9c81e3db89b3a42940c4d6a5447684986a1296e42bf13f196eed6295,26,UNKNOWN|mini1G,csv_summary|endpoint_network|jetsam_resource|manifest_related|usageclientid,MINI1G_BASELINE_OR_RAW|ROOM85_RECONSTRUCTION_OUTPUT,00_context_errors.csv || 00_errors.csv || 00_extract_errors.csv || 00_parse_errors.csv || 00_scan_errors.csv || 03_raw_usageclientid_index_compact.csv || 03_scan_errors.csv || 23d_usageclientid_from_to_events.csv || 23d_usageclientid_from_to_summary.csv || 27c_machservices_errors.csv || 29c_usage_explicit_from_to_candidates.csv || 29f4_rejected_or_manual_review_transitions.csv || 30b4_focus_keep_endpoint_summary.csv || 30c2_unresolved_keep_endpoint_rows.csv || 31d2_hard_marker_rows.csv || 36_missing_evidence_index_manifest.csv || 36_missing_scripts_manifest.csv
2801bfb1c23c3803c87fa62ff3d26e5277a7392f1b16bf0efabb02cd2e95217a,15,12G,analytics_log,RAW_DEVICE_LOG_ARCHIVE,WiFiLQMMetrics-[PHONE].ips
5a8a4de036e21f2cd49dc40fef39f20af2995ed465ed3743d9ae142946991f5f,9,12G,rtcr|text_log,RAW_DEVICE_LOG_ARCHIVE,RTCReporting_messageLog_2025-[PHONE].txt || テキスト 2.txt || テキスト 3.txt || テキスト.txt
d46873695513b6cb03ce2fd372566aecf01cb9c10c45b736ba67e31c7baddfd8,8,12G,analytics_log,RAW_DEVICE_LOG_ARCHIVE,WiFiLQMMetrics-[PHONE].ips
4902b5e55d6835e824099f296c4e7794cefe2bfa32d2544db464a3ab44a68553,7,15G,analytics_log,RAW_DEVICE_LOG_ARCHIVE,WiFiLQMMetrics-[PHONE].ips
6634a4ccfd339d21518f8e31fa97927b5c83f0cf78d7d06c31e305574127b4e3,7,15G,analytics_log,RAW_DEVICE_LOG_ARCHIVE,WiFiLQMMetrics-[PHONE].ips
6026bb1393745d61645f373f589ba96c139cec18690f315135b01103627eb05e,7,15G,analytics_log,RAW_DEVICE_LOG_ARCHIVE,WiFiLQMMetrics-[PHONE].ips
9c1aa6874032c1f1ff76a0e57f0c47dbc838e593e360028478c918ed9729ae9e,7,15G,analytics_log,RAW_DEVICE_LOG_ARCHIVE,WiFiLQMMetrics-[PHONE].ips
e805d58351bf204b2c4f3650bcafaa75eedd1b9d8ad3f8b6d04e4c7dcd423cd4,7,15G,analytics_log,RAW_DEVICE_LOG_ARCHIVE,WiFiLQMMetrics-[PHONE].ips
5a5d4156e221c635d7733faa7c13a529289ccba255b086ea390026ba6d1dbf4d,6,15G,rtcr,RAW_DEVICE_LOG_ARCHIVE,RTCReporting_messageLog_2026-[PHONE](2).txt || RTCReporting_messageLog_2026-[PHONE].txt
0fd4844eeb2afca4ae4ea4e3fad19fde0c63ca1440b83b20b1b6e48cd3ba2a8e,6,15G,rtcr,RAW_DEVICE_LOG_ARCHIVE,RTCReporting_messageLog_2026-[PHONE](1).txt || RTCReporting_messageLog_2026-[PHONE].txt
715a449c3ef5236e5d2bd0555ca61e7b822edffc98d4460540d5219c659fd60d,6,mini1,rtcr|script,RAW_DEVICE_LOG_ARCHIVE,unified_ios_day_zip_check.py
6a78744da9d36ed592a11f1a5be4d41d244bd64095c8192dfc8fa220b2931e31,6,mini2,rtcr|text_log,RAW_DEVICE_LOG_ARCHIVE,RTCReporting_messageLog_2025-[PHONE] (3).txt || RTCReporting_messageLog_2025-[PHONE].txt || テキスト (11).txt || テキスト (12).txt || テキスト.txt
2d1fbfef5e255f21061b9a5de18665b50c34b6a3a8ffefb1b67922998c574f0e,6,mini2,analytics_log,RAW_DEVICE_LOG_ARCHIVE,SiriSearchFeedback-[PHONE].ips
235b54756a6c5a7c0f7769be14a63d9741efef11da9300f75f91dd0f2760fb2e,6,mini2,rtcr|text_log,RAW_DEVICE_LOG_ARCHIVE,RTCReporting_messageLog_2025-[PHONE] (3).txt || RTCReporting_messageLog_2025-[PHONE] (4).txt || テキスト (18).txt || テキスト (19).txt
ed0f8d5655f325ed4341e8d3067164d38278f7d6938d9f960912c9954ef34e4f,6,mini2,rtcr,RAW_DEVICE_LOG_ARCHIVE,RTCReporting_messageLog_2026-[PHONE].txt
18e630cf24f31bfe8c6e8600ca76b8e0345253156e55c1a9caa8f3cd34980995,6,UNKNOWN,csv_summary,ROOM85_RECONSTRUCTION_OUTPUT,98_errors.csv
90535a9138c8dac93f9719d01509ca1b0ffee3fcb1d007197b0163ae9811a06e,5,12G,rtcr|text_log,RAW_DEVICE_LOG_ARCHIVE,RTCReporting_messageLog_2025-[PHONE].txt || テキスト 3.txt || テキスト.txt
192c728c502043f6d1b4b28b322102257aa76d4cbcef9d7625724d2c1e75db6b,5,12G,rtcr|text_log,RAW_DEVICE_LOG_ARCHIVE,RTCReporting_messageLog_2025-[PHONE].txt || テキスト 2.txt || テキスト.txt
997e7cd2972ad6288a1f9cbf809ddb337b7b9db5ac66e0de7549fc16cb53a084,5,12G,analytics_log,RAW_DEVICE_LOG_ARCHIVE,WiFiLQMMetrics-[PHONE].ips
90c0415dd7cfa4567c572396c8cb06b3c401abe90881e8f6e9ef4ae16d37a98c,5,15G,analytics_log,RAW_DEVICE_LOG_ARCHIVE,stacks-[PHONE].ips
5bc69bbff3ba276a7a1175244cb3f067d3fc37751faed9963b42e5b5e309c7fc,5,iPhone11Pro,rtcr,RAW_DEVICE_LOG_ARCHIVE,RTCReporting_messageLog_2026-[PHONE].txt
e0c31a3d76e8ec968b470ccad8d5562edc4cd00f4a2c91fa49c03a3ef4e64864,5,mini2,rtcr|text_log,RAW_DEVICE_LOG_ARCHIVE,RTCReporting_messageLog_2025-[PHONE] (2).txt || RTCReporting_messageLog_2025-[PHONE] (8).txt || RTCReporting_messageLog_2025-[PHONE].txt || テキスト 2 (6).txt || テキスト 3 (4).txt
3b265af1c32e85aa8b4c4f5b3b17ce022dab230f0fc442731a841dbbb35b96a2,5,mini2,rtcr|text_log,RAW_DEVICE_LOG_ARCHIVE,RTCReporting_messageLog_2025-[PHONE] (5).txt || RTCReporting_messageLog_2025-[PHONE].txt || テキスト (13).txt || テキスト (6).txt || テキスト.txt
a257fa7d9796667c3858c215c0737e80a2389d17bbe7db55b249d8eda8e22893,5,mini2,rtcr|text_log,RAW_DEVICE_LOG_ARCHIVE,RTCReporting_messageLog_2025-[PHONE] (3).txt || RTCReporting_messageLog_2025-[PHONE] (5).txt || RTCReporting_messageLog_2025-[PHONE].txt || テキスト (6).txt || テキスト 3.txt
729422aeaaab3ee66e662aef1a27c194c58021456c07174cd657d64e074f543d,5,mini2,rtcr,RAW_DEVICE_LOG_ARCHIVE,RTCReporting_messageLog_2025-[PHONE].txt
596013023dd35f2bbc6d0596825a72f9927aebdced1d64d9350a21f4ff90df40,4,12G,rtcr|text_log,RAW_DEVICE_LOG_ARCHIVE,RTCReporting_messageLog_2025-[PHONE].txt || テキスト 2.txt || テキスト 3.txt
7f685de359c77257081d6127810fad15e31079c42266201da59563445a9d1c3c,4,12G,analytics_log,RAW_DEVICE_LOG_ARCHIVE,SiriSearchFeedback-[PHONE].ips
2d328fc645f593f0398328896d879128569f2a8e9dd6e9bd4e1141c9bafd9fbf,4,12G,analytics_log,RAW_DEVICE_LOG_ARCHIVE,stacks-[PHONE].ips
d4a463985a9b167170a35f45430712f546760094df932a6ee3d48957e7a0a60f,4,12G,analytics_log,RAW_DEVICE_LOG_ARCHIVE,ANECompilerService.diskwrites_resource-[PHONE].ips
9920c83a28328bb48f2a167e55569927357fc573afee747f604e559a4b8f68b6,4,12G,analytics_log,RAW_DEVICE_LOG_ARCHIVE,SiriSearchFeedback-[PHONE].ips
67146b9fcf451ded1df0c77b5ba68256a9ad4785ddd4c39490dba8ddf1e10e80,4,12G,rtcr|text_log,RAW_DEVICE_LOG_ARCHIVE,RTCReporting_messageLog_2025-[PHONE].txt || テキスト 2.txt || テキスト 3.txt
9b9648391d7f6f84341ef8dd1ec315682106046ee91f4d716036f0f92dbd64d0,4,12G,rtcr|text_log,RAW_DEVICE_LOG_ARCHIVE,RTCReporting_messageLog_2025-[PHONE].txt || テキスト 3.txt || テキスト 4.txt
ebdcaa36349ef8e49ecd9ae28b2cd6c646eda6a49fb2734cc9d8e70b60f47e96,4,12G,rtcr|text_log,RAW_DEVICE_LOG_ARCHIVE,RTCReporting_messageLog_2025-[PHONE](1).txt || RTCReporting_messageLog_2025-[PHONE].txt || テキスト 2.txt
d10c04c4fa9a7191afb8216d41007311f7d39676df6bfd2a0f2a5faf2cb1970d,4,12G,rtcr,RAW_DEVICE_LOG_ARCHIVE,RTCReporting_messageLog_2025-[PHONE].txt
d4de934b788b8b65f92bfb1f41d451dd8a190dbbc9acc3be52032058ddcd4e7b,4,12G,rtcr,RAW_DEVICE_LOG_ARCHIVE,RTCReporting_messageLog_2026-[PHONE].txt
26b5deef133f47becca26680cc98a89cdea5a622a8662f81ec0154679fc15e8f,4,15G,analytics_log,RAW_DEVICE_LOG_ARCHIVE,WiFiLQMMetrics-[PHONE].ips
a167d3426dffc42531f2079ff57f431a639c3128625668524272ed812ef12e77,4,15G,rtcr,RAW_DEVICE_LOG_ARCHIVE,RTCReporting_messageLog_2026-[PHONE].txt
67a32928169aa9e7d4cc52eafb50b681b01fcf89d8734b9f3b05fad8463ee721,4,15G,rtcr,RAW_DEVICE_LOG_ARCHIVE,RTCReporting_messageLog_2026-[PHONE].txt
257235e104baff7c2d4c26f56fc865e6080679658cf2a5bd57edab6ccc58be0b,4,15G,rtcr,RAW_DEVICE_LOG_ARCHIVE,RTCReporting_messageLog_2026-[PHONE].txt
8a23587b9097d2eaf7a49dcd64b26bc0bc70c9aedd99562065553aa4dedce4df,4,15G,analytics_log,RAW_DEVICE_LOG_ARCHIVE,JetsamEvent-[PHONE].ips
59ec20ca901553029ee16b266e19206906273bf4926a1fbc3cda43b17be4cc08,4,15G,analytics_log,RAW_DEVICE_LOG_ARCHIVE,maild-[PHONE].ips
19fb6e0de2d3722691257abeeab7be2a2c4790c27a23594e0a7c620347e7bb12,4,15G,analytics_log,RAW_DEVICE_LOG_ARCHIVE,maild-[PHONE].ips
ce005effd52ed9d187a3ea809555cd564d4384af512c8ea3e99b977088a033e4,4,15G,analytics_log,RAW_DEVICE_LOG_ARCHIVE,maild-[PHONE].ips
b38f3136ea1b7e387e3495d5921b21a2070c3bfc8776543ca6815bf32eae9fc9,4,15G,analytics_log,RAW_DEVICE_LOG_ARCHIVE,SiriSearchFeedback-[PHONE].ips
63af78bc69f03f971a25cac11446178aecf560abcd1c9c643182b8a6a7330300,4,15G,analytics_log,RAW_DEVICE_LOG_ARCHIVE,SiriSearchFeedback-[PHONE].ips
968841d7ccfc8d5351c594b55c1e8647e7050c13e6b61643003f9d9f6f03fab0,4,15G,analytics_log,RAW_DEVICE_LOG_ARCHIVE,SiriSearchFeedback-[PHONE].ips
710faeae0bb5082cbf10f96df383664d1a3a4874df5c6c6af5518bf814c2282d,4,15G,analytics_log,RAW_DEVICE_LOG_ARCHIVE,SiriSearchFeedback-[PHONE].ips
0605e39fb9e5e6cac948812f61fd9f280983a54d04d587dd2f0920bfcec31bd7,4,15G,sysdiagnose,RAW_DEVICE_LOG_ARCHIVE,sysdiagnose_2026.03.17_03-17-17+0700_iPhone-OS_iPhone_22F76 2.tar.gz || sysdiagnose_2026.03.17_03-17-17+0700_iPhone-OS_iPhone_22F76.tar.gz
74d50a488dec9c870ac2bf04da0d0a2f52bd69d96318ee44061291b527435410,4,15G,rtcr,RAW_DEVICE_LOG_ARCHIVE,RTCReporting_messageLog_2026-[PHONE](2).txt || RTCReporting_messageLog_2026-[PHONE].txt
c12218352ea8f720b62121a088f3a0c308e4bb24306b7d44bb72a2caedbad064,4,15G,analytics_log,RAW_DEVICE_LOG_ARCHIVE,SiriSearchFeedback-[PHONE].ips
180bf0a3ad9c3af822ae288557816f85f5d9cbc5bec7fbb610386c5339a8fab9,4,15G,analytics_log,RAW_DEVICE_LOG_ARCHIVE,SiriSearchFeedback-[PHONE](1).ips || SiriSearchFeedback-[PHONE].ips
47280d3665ae9f380767539d7f813383f7512eab40ce254c9a4345b7abd61a92,4,15G,rtcr,RAW_DEVICE_LOG_ARCHIVE,RTCReporting_messageLog_2026-[PHONE].txt
0313ab522049d9c04406d15c3a52ab04f71341ef3704a17c294a17ccc0fabf2c,4,iPad,rtcr,RAW_DEVICE_LOG_ARCHIVE,RTCReporting_messageLog_2026-[PHONE].txt
39220338aeee6f8972856ffc776486d31779d818281a47f887610f10fba7524b,4,iPhone11Pro,rtcr|text_log,RAW_DEVICE_LOG_ARCHIVE,RTCReporting_messageLog_2026-[PHONE].txt || SFA-CloudServices.json-[PHONE].txt
0363fd252e756adf12e458400441b0649a3f7912aa3cbe36fe0e76ca13795b70,4,mini1,rtcr,RAW_DEVICE_LOG_ARCHIVE,RTCReporting_messageLog_2025-[PHONE].txt
4b5bc6598fee0e731ce26aa740a6e874ce561149838d0435dad8ab1198bf1471,4,mini2,rtcr|text_log,RAW_DEVICE_LOG_ARCHIVE,RTCReporting_messageLog_2025-[PHONE] (12).txt || RTCReporting_messageLog_2025-[PHONE] (5).txt || RTCReporting_messageLog_2025-[PHONE].txt || テキスト 3.txt
f23396687205f6043d25df574a5c36be95270075d76d2e5eca2e1793037e954d,4,mini2,rtcr|text_log,RAW_DEVICE_LOG_ARCHIVE,RTCReporting_messageLog_2025-[PHONE] (13).txt || RTCReporting_messageLog_2025-[PHONE] (6).txt || RTCReporting_messageLog_2025-[PHONE].txt || テキスト (4).txt
40ac3d98dc0f707635dc2157bed850ac254cf1a12cb84ac51e44dacef7cd5525,4,mini2,rtcr|text_log,RAW_DEVICE_LOG_ARCHIVE,RTCReporting_messageLog_2025-[PHONE] (14).txt || RTCReporting_messageLog_2025-[PHONE] (7).txt || RTCReporting_messageLog_2025-[PHONE].txt || テキスト 2 (5).txt
3e82fa5d509fd484a9f95d750a6cb6403b76c063cb247eccae409a638a6e1c7d,4,mini2,rtcr|text_log,RAW_DEVICE_LOG_ARCHIVE,RTCReporting_messageLog_2025-[PHONE] (17).txt || RTCReporting_messageLog_2025-[PHONE] (9).txt || RTCReporting_messageLog_2025-[PHONE].txt || テキスト 2 (7).txt
04ec94f614fd8205939b91a7ff41517c50da42f3d881ef812111faa6a13a1274,4,mini2,rtcr|text_log,RAW_DEVICE_LOG_ARCHIVE,RTCReporting_messageLog_2025-[PHONE].txt || テキスト 2 (8).txt || テキスト 2.txt
dff2d87d2dea2242febec231aee17d1445c35a56868d604b05615f0bf9d772a2,4,mini2,analytics_log,RAW_DEVICE_LOG_ARCHIVE,WiFiLQMMetrics-[PHONE].ips
a633b403d628945abb4a5a263b8456bfaecbff9e8e5a1dfa21c498e5b7061f40,4,mini2,analytics_log,RAW_DEVICE_LOG_ARCHIVE,SFA-sos.json-[PHONE].000 (2).ips || SFA-sos.json-[PHONE].000.ips
08c1547228d474e3b2a68eabe9ff7f8cc25a559867c088cfabda1e9b572e77ff,4,mini2,rtcr|text_log,RAW_DEVICE_LOG_ARCHIVE,RTCReporting_messageLog_2025-[PHONE] (2).txt || RTCReporting_messageLog_2025-[PHONE] (4).txt || テキスト (4).txt || テキスト 2 (3).txt
2f3ccfb732869d9121db95d13f2fe4ae93cf0af116623d0c9f3e089feb17aa39,4,mini2,rtcr|text_log,RAW_DEVICE_LOG_ARCHIVE,RTCReporting_messageLog_2025-[PHONE] (2).txt || RTCReporting_messageLog_2025-[PHONE].txt || テキスト (7).txt || テキスト 3 (2).txt
5514c491404dc8dc8c0d22552c5454a543d0e9dd8ca2f74af0e9f8b1301a38ba,4,mini2,rtcr|text_log,RAW_DEVICE_LOG_ARCHIVE,RTCReporting_messageLog_2025-[PHONE] (6).txt || RTCReporting_messageLog_2025-[PHONE].txt || テキスト (11).txt || テキスト 3 (3).txt
e4f75b14536c33a4ee39460df2b11be0849113b5a13a5f04605a05621074a9a3,4,mini2,rtcr|text_log,RAW_DEVICE_LOG_ARCHIVE,RTCReporting_messageLog_2025-[PHONE] (4).txt || RTCReporting_messageLog_2025-[PHONE] (8).txt || テキスト (16).txt || テキスト 2 (9).txt
15c521dc1088be87cb7019c541066885e59a91b2bfdc89614d374653c8ebee2e,4,mini2,rtcr|text_log,RAW_DEVICE_LOG_ARCHIVE,RTCReporting_messageLog_2025-[PHONE] (5).txt || RTCReporting_messageLog_2025-[PHONE] (8).txt || テキスト 2 (13).txt || テキスト 3 (6).txt
f5c73a4df7af1d639f9dfcd86e9c0f0c885b0a702f7c2c08b02da52285faa70a,4,mini2,rtcr|text_log,RAW_DEVICE_LOG_ARCHIVE,RTCReporting_messageLog_2025-[PHONE] (2).txt || RTCReporting_messageLog_2025-[PHONE].txt || テキスト 3.txt
2dc2038e53ce99f5d22d9abc1c8bad646b56c151a3b9e659c351f5a595235d95,4,mini2,rtcr,RAW_DEVICE_LOG_ARCHIVE,RTCReporting_messageLog_2025-[PHONE].txt
5a3acfe70bd2d143122818a3c9314b092261856681ea16913f325b74946b146f,4,mini2,rtcr,RAW_DEVICE_LOG_ARCHIVE,RTCReporting_messageLog_2025-[PHONE].txt
1bed3d9dba729abe1a57f395c6e61afc9addc0e53c7fb26f72b45cd13a8e413a,4,UNKNOWN,csv_summary,ROOM85_RECONSTRUCTION_OUTPUT,00_input_check.csv
39cd42d0ea4ca023e11ac27f102d11cf21d336a1f9421b2d2a21a280ff41d956,4,UNKNOWN,csv_summary,ROOM85_RECONSTRUCTION_OUTPUT,04_app_storage_link_events.csv || 05_strong_app_storage_candidates.csv
6b700868d2a2c8c2bdda31efc4d416d56150ebca18c6ac232390b5b9d44c3a9e,3,12G,json_summary,RAW_DEVICE_LOG_ARCHIVE,com.apple.Pages.[UUID].json
1764a417c9423d6f90a7ad26a206334aa08b5623b5388eda4c54b256c0f310da,3,12G,rtcr|text_log,RAW_DEVICE_LOG_ARCHIVE,RTCReporting_messageLog_2025-[PHONE].txt || テキスト.txt
932890590431a4b0f1d64c01369de285a140cdf98600a8d4c2c71b5193fb50d9,3,12G,analytics_log,RAW_DEVICE_LOG_ARCHIVE,proactive_event_tracker-com_apple_Trial-com_apple_triald-[PHONE](1).ips || proactive_event_tracker-com_apple_Trial-com_apple_triald-[PHONE](2).ips || proactive_event_tracker-com_apple_Trial-com_apple_triald-[PHONE].ips
0f77badeea61e90cf54334d31895fa2967720eb2e1d91212dc61dbd5665526e8,3,12G,rtcr|text_log,RAW_DEVICE_LOG_ARCHIVE,RTCReporting_messageLog_2025-[PHONE].txt || テキスト 2(1).txt || テキスト 2.txt
a373e130baf26762be641ea3c0cfa299ed00367159aecbeca600f2d1c3dc3dbf,3,12G,sysdiagnose,RAW_DEVICE_LOG_ARCHIVE,sysdiagnose_2025.08.03_14-31-20+0700_iPhone-OS_iPhone_22F76 2.tar.gz || sysdiagnose_2025.08.03_14-31-20+0700_iPhone-OS_iPhone_22F76 3.tar.gz
c508f0e6bfa9957679a95e2d85866f56dd988cf785c1a5cfdae3f3d0c357866c,3,12G,json_summary,RAW_DEVICE_LOG_ARCHIVE,com.apple.Pages.[UUID].json
90cedc9d4979adcb6e2ce37e27356e281cd608b50d7c6ddfe0d4f53ccf8d6c1b,3,12G,analytics_log,RAW_DEVICE_LOG_ARCHIVE,stacks-[PHONE].ips
53601526badbf8ad81964f06fda1f0a64475a05239d579efbfb76a459ce01070,3,12G,sysdiagnose,RAW_DEVICE_LOG_ARCHIVE,sysdiagnose_2025.08.06_12-03-39+0700_iPhone-OS_iPhone_22F76.tar.gz
0b97a87b9cfaadd0df5ae3ec093014e0a307496f4253e27832f9377cbda432b8,3,12G,analytics_log,RAW_DEVICE_LOG_ARCHIVE,SiriSearchFeedback-[PHONE].ips
297986edead85ecc7c8b2cd8d8a25561071d9c4e287abbc6ee910e34df5fccdb,3,12G,analytics_log,RAW_DEVICE_LOG_ARCHIVE,SiriSearchFeedback-[PHONE].ips
f83ba36dd73b617bfcfe8c3ec420c8e58714fc7649c9ac93620ef84aec2c0b95,3,12G,rtcr|text_log,RAW_DEVICE_LOG_ARCHIVE,RTCReporting_messageLog_2025-[PHONE].txt || テキスト 2.txt
979effa9bc4d94e4a76e74264572a064d3e603063316ec986b4089d9d8256396,3,12G,rtcr|text_log,RAW_DEVICE_LOG_ARCHIVE,RTCReporting_messageLog_2025-[PHONE].txt || テキスト 2.txt
8641a3cb315e4159e805b82d4fd73eef104c5d0b62f490d49bd2c53bd21781de,3,12G,rtcr|text_log,RAW_DEVICE_LOG_ARCHIVE,RTCReporting_messageLog_2025-[PHONE].txt || テキスト.txt
4bffcc52a34982000137096772f80398687d5a9cbc8f60a1e3849c9cc69d4346,3,12G,rtcr|text_log,RAW_DEVICE_LOG_ARCHIVE,RTCReporting_messageLog_2025-[PHONE].txt || テキスト.txt
2e67fc769bb3922ecdf6737bee05f49d89c7dedaaeae48fb8f9b38a2066d626a,3,12G,rtcr|text_log,RAW_DEVICE_LOG_ARCHIVE,RTCReporting_messageLog_2025-[PHONE].txt || テキスト.txt
3a77d6e63b95475b83223fc3a7fb59d13c69b8ff57777c542c8a63f221bef284,3,12G,rtcr|text_log,RAW_DEVICE_LOG_ARCHIVE,RTCReporting_messageLog_2025-[PHONE].txt || テキスト 2.txt || テキスト 3.txt
fb7046753548cb4e5f0741c7b6fb83fa46ab9c9df13029d89412685bc83f6ed8,3,12G,rtcr|text_log,RAW_DEVICE_LOG_ARCHIVE,RTCReporting_messageLog_2025-[PHONE].txt || テキスト (31).txt || テキスト.txt
03b9f9d192a3195db661b368e1f4cb4d2d6b9226fcc18a06fc4b856ed7746d9c,3,12G,analytics_log,RAW_DEVICE_LOG_ARCHIVE,SiriSearchFeedback-[PHONE].ips
873f4d045912e14ac22a85a026f9e87063a087d41841db304e35cf45afef962e,3,12G,other,RAW_DEVICE_LOG_ARCHIVE,PrivacyPreservingMeasurement_2025-[PHONE].json.anon
15adffdc73720ba8f03ab9335d8db449ad8df7179ca81fd964f2ccc4371c253b,3,12G,other,RAW_DEVICE_LOG_ARCHIVE,PrivacyPreservingMeasurement_2025-[PHONE].json.anon
ed413adf5f0a36bb70691ed37f72dcd2301a0a5b8144906cac407dd85cd07146,3,12G,rtcr,RAW_DEVICE_LOG_ARCHIVE,RTCReporting_messageLog_2026-[PHONE].txt
312ddd390c313d3a61f73274e7c63cdb15db3d8d62a9b749913e636afe9b8bf1,3,12G,analytics_log,RAW_DEVICE_LOG_ARCHIVE,stacks-[PHONE].ips
9a0e27d4cb995e792a84cccb1c6319ffe71c1443a7594ccf994d2b71ab2c5e25,3,12G,rtcr,RAW_DEVICE_LOG_ARCHIVE,RTCReporting_messageLog_2026-[PHONE].txt
ad33a2503c8012189017890770f2bedd2e98db9d9340e3028830b1a62fa15bfc,3,15G,analytics_log,RAW_DEVICE_LOG_ARCHIVE,SiriSearchFeedback-[PHONE].ips
71796bff345fa695ee5290c7511a778ad152fe0ddf2cd2afdab8b6411f8790e6,3,15G,rtcr|text_log,RAW_DEVICE_LOG_ARCHIVE,RTCReporting_messageLog_2025-[PHONE].txt || テキスト 3.txt
b574543b1c8acd46248ecc84a47ff4f90faac5c15f1d2d207a4e7836961d240c,3,15G,rtcr,RAW_DEVICE_LOG_ARCHIVE,RTCReporting_messageLog_2026-[PHONE].txt
34a9edd38dcd021cdcdd817934c8a693b845648f944ad410132ada3ecf7c8d97,3,15G,rtcr,RAW_DEVICE_LOG_ARCHIVE,RTCReporting_messageLog_2026-[PHONE].txt
7c8542f6316e046898d244c243f5071de44eb34e84934152623d3dda16da8ddb,3,15G,sysdiagnose,RAW_DEVICE_LOG_ARCHIVE,sysdiagnose_2026.01.15_08-47-38+0800_iPhone-OS_iPhone_22F76.tar.gz
7ea6bfa52746217cacd7e48b8fa15885c433208b93ebc5a8972c5bbcb403b334,3,15G,analytics_log,RAW_DEVICE_LOG_ARCHIVE,calaccessd-[PHONE].000 2.ips || calaccessd-[PHONE].000 3.ips || calaccessd-[PHONE].000.ips
8fc03cab13ec374a9a4269eb203f2c84ce9a2713b764601fb03b14ad2b8b9ffc,3,15G,analytics_log,RAW_DEVICE_LOG_ARCHIVE,stacks-[PHONE].ips
1a1230d333b9847b106c97b2e84ff7c52566cf6f8ce344d71a9092b5a46af6ac,3,15G,sysdiagnose,RAW_DEVICE_LOG_ARCHIVE,sysdiagnose_2026.03.17_00-37-10+0700_iPhone-OS_iPhone_22F76.tar.gz
42b7fa4d95d27d16126e2e61fd5ac7b2106735e060ead2fe583f0447d90c6102,3,15G,sysdiagnose,RAW_DEVICE_LOG_ARCHIVE,sysdiagnose_2026.03.17_06-34-24+0700_iPhone-OS_iPhone_22F76.tar.gz
79eb894d511c2ea3667ba69eba0308051359af4848f500395986077526e5f272,3,15G,sysdiagnose,RAW_DEVICE_LOG_ARCHIVE,sysdiagnose_2026.03.17_22-09-01+0700_iPhone-OS_iPhone_22F76.tar.gz
e78c22e9c15acb47d873869a5c1482eeaaa9297db95c6272f4f762bd2b21bf93,3,15G,analytics_log,RAW_DEVICE_LOG_ARCHIVE,duetexpertd.cpu_resource-[PHONE].ips
3ed55153c8a0004cb7782607ea906548571bf89370caba59fad2d2ccbac97159,3,15G,analytics_log,RAW_DEVICE_LOG_ARCHIVE,SiriSearchFeedback-[PHONE].ips
b48eba2a1781a2837ac95de0abdc49ddff65b305b4489724e45fe8dd03ac5dfb,3,15G,rtcr,RAW_DEVICE_LOG_ARCHIVE,RTCReporting_messageLog_2026-[PHONE].txt
09bce17d9d5a19b91aa0d75d0988c54b493d6566525f611f4f59ca0915115644,3,15G,analytics_log,RAW_DEVICE_LOG_ARCHIVE,SiriSearchFeedback-[PHONE].ips
ff1b9770634eff326e0cce93209949e328f804a31fde70fa41d029d45901fabf,3,15G,analytics_log,RAW_DEVICE_LOG_ARCHIVE,stacks-[PHONE].ips
be895381b5a506ba7ce72a64a4f5bfa77e312022b2bab14b164ed6cdcf7cf8d5,3,15G,sysdiagnose,RAW_DEVICE_LOG_ARCHIVE,sysdiagnose_2026.03.28_02-41-35+0700_iPhone-OS_iPhone_22F76.tar.gz
6e62b7eeaa00137657c69c86cc5651d7d09913a739a428adda99b5cca7c274ba,3,15G,rtcr,RAW_DEVICE_LOG_ARCHIVE,RTCReporting_messageLog_2026-[PHONE].txt
1223da1c573127edef23897e872cbc9c26a6df22e65893bd0fc453f79deffa92,3,15G,analytics_log,RAW_DEVICE_LOG_ARCHIVE,maild-[PHONE].000.ips
f0d8750eff2363549144dbcb8555edb25bbdb115e7cb71e422f3271ad3780f6a,3,15G,rtcr,RAW_DEVICE_LOG_ARCHIVE,RTCReporting_messageLog_2026-[PHONE].txt
1a1e4603f84a2a67671c427e36ea49f856ef1ea545208a1aedfde2cdb615918b,3,15G,rtcr,RAW_DEVICE_LOG_ARCHIVE,RTCReporting_messageLog_2026-[PHONE].txt
f02677d35bf13b1fed92f2adc95919a847daaa13da92f91c8c6b685cac79258c,3,15G,rtcr,RAW_DEVICE_LOG_ARCHIVE,RTCReporting_messageLog_2026-[PHONE].txt
020a8de557be87e489f79117946ce1ffe14d65ab599313bee914fd05ee108115,3,iPad,rtcr,RAW_DEVICE_LOG_ARCHIVE,RTCReporting_messageLog_2026-[PHONE].txt
5ad195e5178de5e2173ab34db60ccd9bbbe489475437759060fb14b9f29999ca,3,iPad,rtcr,RAW_DEVICE_LOG_ARCHIVE,RTCReporting_messageLog_2026-[PHONE].txt
0de4d138b28f6cb1cb1b052b466596d87e93cc92ca3f0b63dc90a862904aca1e,3,iPhone11Pro,rtcr,RAW_DEVICE_LOG_ARCHIVE,RTCReporting_messageLog_2025-[PHONE].txt
26a926c270fa7098f36831e5304b7cc8a7b9a1f2ad9b42d807c6de8d058a513e,3,iPhone11Pro,rtcr,RAW_DEVICE_LOG_ARCHIVE,RTCReporting_messageLog_2026-[PHONE].txt
44fe73b5ad6cc284cb2115984a833c6d1584a235718d65e6977e9b413787c110,3,iPhone11Pro,rtcr,RAW_DEVICE_LOG_ARCHIVE,RTCReporting_messageLog_2026-[PHONE].txt
1ca54b6ff13ddf7fc3c67d920f59db9c4507847842443743f8ceeb16f4c91e98,3,iPhone11Pro,rtcr,RAW_DEVICE_LOG_ARCHIVE,RTCReporting_messageLog_2026-[PHONE].txt
0891f8683d854d5260f94ed1579ae32466cce3758e98a3021eedb3fd85f1400d,3,iPhone11Pro,rtcr,RAW_DEVICE_LOG_ARCHIVE,RTCReporting_messageLog_2026-[PHONE].txt
9111022fe4f3573767788204f246a78b0d96d7c96ef2ad653e8a312897d3c9fa,3,iPhone11Pro,rtcr,RAW_DEVICE_LOG_ARCHIVE,RTCReporting_messageLog_2026-[PHONE].txt
49e4498e8032081e64d6f25c4a0cf25e39dbef9e750fd0282b8c58a34ee24e98,3,iPhone11Pro,rtcr,RAW_DEVICE_LOG_ARCHIVE,RTCReporting_messageLog_2026-[PHONE].txt
c8f5c3e08864e51f34172ea711cc1ca6b24a8325f9be7eceded4e29dfbaee1bb,3,mini1,rtcr,RAW_DEVICE_LOG_ARCHIVE,RTCReporting_messageLog_2025-[PHONE].txt
1bafff9091862e90657b0f38d19bb2d59caa91dd927ac27ce93ab55c13a787f7,3,mini1,analytics_log,RAW_DEVICE_LOG_ARCHIVE,JetsamEvent-[PHONE].ips
6b693d094cff31195fc4f642582adace2d84a31aa75dbb2dbfff4f41fb92038c,3,mini1,rtcr,RAW_DEVICE_LOG_ARCHIVE,RTCReporting_messageLog_2026-[PHONE] (2).txt || RTCReporting_messageLog_2026-[PHONE].txt
d3761c76ece5d5e22a1e96dcc01dbbd74d55994043c1b3268fade7a01c9f4c6a,3,mini1,analytics_log,RAW_DEVICE_LOG_ARCHIVE,calaccessd-[PHONE].000 2.ips || calaccessd-[PHONE].000.ips
8f0a7751b38fbce4e72fbf0e9df6f6378a3d9f8d8e8d717d3a22d5319a9d1a04,3,mini2,analytics_log,RAW_DEVICE_LOG_ARCHIVE,duetexpertd.cpu_resource-[PHONE].ips
6c35c285da35e237a10dadeab6b3e1cd85fb22694f79057eb4856d727aebad0c,3,mini2,analytics_log,RAW_DEVICE_LOG_ARCHIVE,ospredictiond.cpu_resource-[PHONE].ips
2b22b194b06a29303b6accdafefdbd684a1e72a883ce3b2cee8151ef8ed4c32e,3,mini2,analytics_log,RAW_DEVICE_LOG_ARCHIVE,proactive_event_tracker-com_apple_Trial-com_apple_triald-[PHONE].ips
fe730078125cedbce67759d6b0b310c62871c5861f9b6cdf5c432aa25e6ea77a,3,mini2,analytics_log,RAW_DEVICE_LOG_ARCHIVE,SiriSearchFeedback-[PHONE].ips
bf4613d41a8a336067e81125a32799e2b5f3186d033f75fa73067afcb254a343,3,mini2,analytics_log,RAW_DEVICE_LOG_ARCHIVE,SiriSearchFeedback-[PHONE].ips
8d3261ca15ffe4a10922bfc5f78de9acb5d274f5507b1eb007190f05ad7b75c6,3,mini2,analytics_log,RAW_DEVICE_LOG_ARCHIVE,SiriSearchFeedback-[PHONE].ips
b1a0d8784cb017482897a92274ed789ea3ba77be34b162650fbc8a6c1a9f603d,3,mini2,analytics_log,RAW_DEVICE_LOG_ARCHIVE,SiriSearchFeedback-[PHONE].ips
20024375e13367df7aebd3f3f57167b286efd049e469587fcbfad21a045ce6d4,3,mini2,analytics_log,RAW_DEVICE_LOG_ARCHIVE,SiriSearchFeedback-[PHONE].ips
1ec1764cd0284e6b726b9e0ca96f02faedc6c8716d6eced461a4b1af685b76c0,3,mini2,analytics_log,RAW_DEVICE_LOG_ARCHIVE,SiriSearchFeedback-[PHONE].ips
7d396f1ffc0fa4887caaa0dead607f5a52c1df5b010f59dda0d13ae4dbe33b59,3,mini2,analytics_log,RAW_DEVICE_LOG_ARCHIVE,stacks-[PHONE].ips
edc0005ebfdad8578dbe281020f2623ad95d25d252b7a8322c0fc0cbd81ff548,3,mini2,analytics_log,RAW_DEVICE_LOG_ARCHIVE,xp_amp_app_usage_dnu-[PHONE].ips
23c611b8ede2d9ccbf0421a6106aa7f7f7cd9ae72b88b17232e6386bf68c4488,3,mini2,analytics_log,RAW_DEVICE_LOG_ARCHIVE,duetexpertd.cpu_resource-[PHONE].ips
1fdc619b68932631e6c4fc85b849fd837930ad384dda25855cd3a594569d7595,3,mini2,analytics_log,RAW_DEVICE_LOG_ARCHIVE,JetsamEvent-[PHONE].ips
6addb6bb630f88098b1c6700cae57bd6f4b38b0425cfd5c24fc94722a353ec60,3,mini2,analytics_log,RAW_DEVICE_LOG_ARCHIVE,proactive_event_tracker-com_apple_Trial-com_apple_triald-[PHONE].ips
93c00467e3ff3fa68fdd07f4d9ed67bcd894e853cf78dd472b046fb0361855e1,3,mini2,analytics_log,RAW_DEVICE_LOG_ARCHIVE,SFA-ckks.json-[PHONE].ips
d683a644b2bfeb32b5caef71b0428116e6014b3bf0624ef91f2d918ee262cc69,3,mini2,analytics_log,RAW_DEVICE_LOG_ARCHIVE,SFA-ckks.json-[PHONE].000.ips
64b23f28a83084f7d1f632047fda202c411577815c60c30ea2093903dee3eade,3,mini2,analytics_log,RAW_DEVICE_LOG_ARCHIVE,SFA-ckks.json-[PHONE].ips
9a34196e5722f525524c300439e944d449ef69b2076423aaa466b5cbfc62a54d,3,mini2,analytics_log,RAW_DEVICE_LOG_ARCHIVE,SFA-CloudServices.json-[PHONE].ips
c16a0657176d8ca46fbb3768da9941a817559048b1c1733b9342b496d2ed6c32,3,mini2,analytics_log,RAW_DEVICE_LOG_ARCHIVE,SFA-CloudServices.json-[PHONE].ips
dc26e62e71c374a56d70168cfa91ed1838c532f5455c1054489741afd089329d,3,mini2,analytics_log,RAW_DEVICE_LOG_ARCHIVE,SFA-CloudServices.json-[PHONE].ips
e84faec14a2618f4f80604b202a6182ad28b3f3e323e010d29b4db8407900c8e,3,mini2,analytics_log,RAW_DEVICE_LOG_ARCHIVE,SFA-local.json-[PHONE].ips
1d35255ab075baf36f8cf77cac28e33477834d6fed66bd1777d4993c6d548ca0,3,mini2,analytics_log,RAW_DEVICE_LOG_ARCHIVE,SFA-local.json-[PHONE].000.ips
090f8503efb17866349f580164963d5191337e922365ba89d2bb94073ddb4422,3,mini2,analytics_log,RAW_DEVICE_LOG_ARCHIVE,SFA-local.json-[PHONE].000.ips
4fb3e0e2c5f189ab6f2a5610c2a96df18903c35bf4ccbe94dcd3e38802149733,3,mini2,analytics_log,RAW_DEVICE_LOG_ARCHIVE,SFA-networking.json-[PHONE].ips
4fcb8da5ba6f8aa0314f876053ffa7bfadbda3ac9ccc5dcfe55446feb2451658,3,mini2,analytics_log,RAW_DEVICE_LOG_ARCHIVE,SFA-networking.json-[PHONE].ips
461e5dea7bffea38a4746d6cdb1dccd8b6b9959168ef9b2d0fc92b014cb11844,3,mini2,analytics_log,RAW_DEVICE_LOG_ARCHIVE,SFA-networking.json-[PHONE].ips
4b40340f1d5d934ae7b0c8e701fa930eff0bdf42cab343965c522c45b5d34915,3,mini2,analytics_log,RAW_DEVICE_LOG_ARCHIVE,SFA-pcs.json-[PHONE].0002.ips
807603d1f2c4eba2f5911d71db31e2046fad085460b46996543d28bc8a66980d,3,mini2,analytics_log,RAW_DEVICE_LOG_ARCHIVE,SFA-pcs.json-[PHONE].ips
2ae9859fae6944ae4f4258a0595799411f056263cc94e30b28d2e1a25974a3f4,3,mini2,analytics_log,RAW_DEVICE_LOG_ARCHIVE,SFA-pcs.json-[PHONE].ips
1a7c7bdd92db95a69895ad8ce04feb04357f16cf8e078dfa88c3502e66f97e96,3,mini2,analytics_log,RAW_DEVICE_LOG_ARCHIVE,SFA-sos.json-[PHONE].000.ips
e1597c27d877a71d56390d5bf5e74a12e6c8bb1aa3a6807ce66ca2e6d4728282,3,mini2,analytics_log,RAW_DEVICE_LOG_ARCHIVE,SFA-sos.json-[PHONE].ips
9cd4492a677832503dda4dc2c18a9d7febfd51102e34192c6338cb3486e6e56d,3,mini2,analytics_log,RAW_DEVICE_LOG_ARCHIVE,SFA-sos.json-[PHONE].000.ips
ce793354a2be4dc0d5e4cd2248775fabb7f84688f5346c74b3e847517c47ee12,3,mini2,analytics_log,RAW_DEVICE_LOG_ARCHIVE,SiriSearchFeedback-[PHONE].000.ips
4afcce44ee24145911ae55f42ac283c1e693248a552aae48c35a7852f5f6a40c,3,mini2,analytics_log,RAW_DEVICE_LOG_ARCHIVE,SiriSearchFeedback-[PHONE].ips
c07a7c6b904e551681ac807ba71fe7b45a37bf2a77bbdad2e4998433baacce91,3,mini2,analytics_log,RAW_DEVICE_LOG_ARCHIVE,SiriSearchFeedback-[PHONE].ips
55034b6cca565ecf9c63377614455f000943fd37fb344345569cfcbee16f1df9,3,mini2,analytics_log,RAW_DEVICE_LOG_ARCHIVE,SiriSearchFeedback-[PHONE].000.ips
80d826afc0e7088796751046b277f7682ed8da8afbec829d90b4cccf9b25787e,3,mini2,analytics_log,RAW_DEVICE_LOG_ARCHIVE,SiriSearchFeedback-[PHONE].ips
8cb09d5e978480c21f7e3317095e0d7a3e803a63b32fc5fac150a535c8e70c06,3,mini2,analytics_log,RAW_DEVICE_LOG_ARCHIVE,SiriSearchFeedback-[PHONE].ips
5bb5967f6efd1926e8807b3bf9bee5bfccb8f8ee6f2319de5e60480823667c8f,3,mini2,analytics_log,RAW_DEVICE_LOG_ARCHIVE,SiriSearchFeedback-[PHONE].ips
298af259a7394ee41281cdd8e20289b03e149d53644f85a4700c51e08098a56e,3,mini2,analytics_log,RAW_DEVICE_LOG_ARCHIVE,SiriSearchFeedback-[PHONE].ips
bf0bde0dfaff0fe179494e84a1fe1cd26ce1b4ba3c86f582c3b0c37ba7117ea1,3,mini2,analytics_log,RAW_DEVICE_LOG_ARCHIVE,stacks-[PHONE].ips
45c56446e94225fe090f01ced017d37600c3a0f83d9a61292f609cba6cfd9b2b,3,mini2,analytics_log,RAW_DEVICE_LOG_ARCHIVE,suggestd.cpu_resource-[PHONE].ips
de80233d01c64a3e6c13caab46db2150134e7850b7911cecefcbf5cc5f457309,3,mini2,analytics_log,RAW_DEVICE_LOG_ARCHIVE,xp_amp_app_usage_dnu-[PHONE].ips
ca7f44b1abc992641ebc6eaabe6c84a27ad6b204912de04ea1c816d63e46843e,3,mini2,analytics_log,RAW_DEVICE_LOG_ARCHIVE,xp_amp_app_usage_dnu-[PHONE].ips
d752dd2767f7d11a0b001ec8bdc0b759f3a465660c6a28ff1375feb4bd5cf198,3,mini2,analytics_log,RAW_DEVICE_LOG_ARCHIVE,JetsamEvent-[PHONE].ips
6319529a62ff388cff485340fc765c4eb38fe859f1d1cbe40c6d6c1082a28e3e,3,mini2,analytics_log,RAW_DEVICE_LOG_ARCHIVE,PerfPowerServices.diskwrites_resource-[PHONE].ips
061e873b98a118d8a0b4ac933591eb00a2a9cbc20c8ef9f38c3f1309d6d9417e,3,mini2,analytics_log,RAW_DEVICE_LOG_ARCHIVE,proactive_event_tracker-com_apple_Trial-com_apple_triald-[PHONE].ips
834449191de7a9f8deacdd62222207474df6b227365ff6424fd3c4f532030ca2,3,mini2,rtcr,RAW_DEVICE_LOG_ARCHIVE,RTCReporting_messageLog_2025-[PHONE] (4).txt || RTCReporting_messageLog_2025-[PHONE].txt
2e52cbe6661efb2258ed1c3a0f23cece1e4c379a8ead1c11e8c75a5fe056ab2b,3,mini2,analytics_log,RAW_DEVICE_LOG_ARCHIVE,SFA-ckks.json-[PHONE].ips
39ce56371f29d93b530a173f946b649bb6efc422477eea4c417422a8e7f4636b,3,mini2,analytics_log,RAW_DEVICE_LOG_ARCHIVE,SFA-ckks.json-[PHONE].ips
bc76b0c4b8e93945c7019ec5e9c5b386381eeaf024144622e94e9936c5c69b3c,3,mini2,analytics_log,RAW_DEVICE_LOG_ARCHIVE,SFA-CloudServices.json-[PHONE].ips
3f49d605ae8180e18f0bc478736184776a20aedc8b9a73c04135a2baf5084b6d,3,mini2,analytics_log,RAW_DEVICE_LOG_ARCHIVE,SFA-CloudServices.json-[PHONE].ips
692932f2c1563407fdf66e841e99b1e8752e045fce13a6e063b4fd7215b96043,3,mini2,analytics_log,RAW_DEVICE_LOG_ARCHIVE,SFA-local.json-[PHONE].0002.ips
f54a79860135589bc92d5b4791188ab9ceef39e90ce7bbd8b4ab5365b2485b63,3,mini2,analytics_log,RAW_DEVICE_LOG_ARCHIVE,SFA-local.json-[PHONE].0002.ips
7b0af68fa37d9c8ca7815d4aefdb208c1ee35fa86e3f39dd78ceaa7fdbedcf38,3,mini2,analytics_log,RAW_DEVICE_LOG_ARCHIVE,SFA-networking.json-[PHONE].ips
7cd64f1bc4f6881afb93b3a5dc719c845c1f34b2a307334ac94e28ec53552a23,3,mini2,analytics_log,RAW_DEVICE_LOG_ARCHIVE,SFA-networking.json-[PHONE].ips
e7b3d0965896cada3c46887439d8a7f9bcfb30b8bb4e3fa94988de90be6437b8,3,mini2,analytics_log,RAW_DEVICE_LOG_ARCHIVE,SFA-pcs.json-[PHONE].000.ips
c0b925f0ad1238de589e10459af62899272a350f2e067fc099c2a5135f62201d,3,mini2,analytics_log,RAW_DEVICE_LOG_ARCHIVE,SFA-pcs.json-[PHONE].000.ips
2bb1ff647351305d04f8ac00755561f648045d1b26464236b67277102cea4b08,3,mini2,analytics_log,RAW_DEVICE_LOG_ARCHIVE,SFA-sos.json-[PHONE].ips
7dbb0f38de172a28472b16cee7e27074057f96c07488145eed69d5fec64b08fc,3,mini2,analytics_log,RAW_DEVICE_LOG_ARCHIVE,SFA-sos.json-[PHONE].ips
2f9963e86c618d4e96dc143c6d3c1fe5a3e4ff75c4e107945f33c666144d8581,3,mini2,analytics_log,RAW_DEVICE_LOG_ARCHIVE,SiriSearchFeedback-[PHONE].ips
6516dc7b7f06a598785fdf4a1e25c85a4316462add87120596c652ca6a4543d3,3,mini2,analytics_log,RAW_DEVICE_LOG_ARCHIVE,SiriSearchFeedback-[PHONE].ips
4a78b737bf425fdf634b87f29c384a40daa0cc497b32bcf89d43ea66dfe44c12,3,mini2,analytics_log,RAW_DEVICE_LOG_ARCHIVE,SiriSearchFeedback-[PHONE].000.ips
74ec78608ec975f12dd1dfc5694b63268b56f490db0e49da703202d1315f1b35,3,mini2,analytics_log,RAW_DEVICE_LOG_ARCHIVE,SiriSearchFeedback-[PHONE].ips
460204ac1622ff4961e6d64d6744878e5c024c8d32f71de53bc8547eac424e9a,3,mini2,analytics_log,RAW_DEVICE_LOG_ARCHIVE,SiriSearchFeedback-[PHONE].ips
8a916dff618541a9837a4038e61022567272f605ef17ffc344c3f4dba4ff5d48,3,mini2,analytics_log,RAW_DEVICE_LOG_ARCHIVE,SiriSearchFeedback-[PHONE].ips
f87b575523f89809de9f4a523180188213b97177f1be1040cad7c76725c04ca3,3,mini2,analytics_log,RAW_DEVICE_LOG_ARCHIVE,SiriSearchFeedback-[PHONE].ips
aef19b6b6acc609dd618f1fcd45b2247af9c5db16968fef3762079ea61f38ce3,3,mini2,analytics_log,RAW_DEVICE_LOG_ARCHIVE,SiriSearchFeedback-[PHONE].ips
58195f918875794d969c6c4878f76fcf35864b1fe841e15ab5e30e1aabc5fa03,3,mini2,analytics_log,RAW_DEVICE_LOG_ARCHIVE,SiriSearchFeedback-[PHONE].ips
3ad6453aa1aa777f713ac3e2440917a5ce319eaed510be1f9a9a4dd40f12f25e,3,mini2,analytics_log,RAW_DEVICE_LOG_ARCHIVE,SiriSearchFeedback-[PHONE].ips
062ec0f794b821ab5cb4ad5eed3b5a7eddc8478f72debd6759b46e946585c2be,3,mini2,analytics_log,RAW_DEVICE_LOG_ARCHIVE,SiriSearchFeedback-[PHONE].ips
51a1c23337ab23565d1331a66256b42a6b8525ae0a3e42939723d8950487625d,3,mini2,analytics_log,RAW_DEVICE_LOG_ARCHIVE,SiriSearchFeedback-[PHONE].ips
f57aa7568479880cb74a32423b6339964635c3163afe094ee508f64002c34576,3,mini2,analytics_log,RAW_DEVICE_LOG_ARCHIVE,SiriSearchFeedback-[PHONE].ips
bbb14451141086bba5b05618ccb6af98dc7f5b50eacd11e867bcc08e2e59965a,3,mini2,analytics_log,RAW_DEVICE_LOG_ARCHIVE,SiriSearchFeedback-[PHONE].ips
7e53839e1be374ba5fb56be2177937fb7a0ec105b99227400e98069d8d304093,3,mini2,analytics_log,RAW_DEVICE_LOG_ARCHIVE,stacks-[PHONE].ips
0b65ea01dc5d53ec7ffd6e38f8f19fde28d1e9a1a03f2522ae403502a80318bd,3,mini2,analytics_log,RAW_DEVICE_LOG_ARCHIVE,xp_amp_app_usage_dnu-[PHONE].ips
e5af966da6cd053efbe300795262e61b57256908fe2e6802f5ed4977c763cdbe,3,mini2,analytics_log,RAW_DEVICE_LOG_ARCHIVE,xp_amp_app_usage_dnu-[PHONE].ips
1cb3e0e99449c34702896592c25bfb323966b37998fae248604b6e5ee96adcfa,3,mini2,analytics_log,RAW_DEVICE_LOG_ARCHIVE,JetsamEvent-[PHONE].ips
73200ebb64a586c72671bd547fa80441885f09ae2879bacb2b61c19bbffd82e0,3,mini2,analytics_log,RAW_DEVICE_LOG_ARCHIVE,ospredictiond.cpu_resource-[PHONE].ips
5c777136b00987bb41cbfba6de4b068ced07943f5131fb3056b25a20496ea203,3,mini2,analytics_log,RAW_DEVICE_LOG_ARCHIVE,proactive_event_tracker-com_apple_Trial-com_apple_triald-[PHONE].ips
036b03021b8e56261bf202581c008bdd601283ef3de35dd770040b894719c271,3,mini2,analytics_log,RAW_DEVICE_LOG_ARCHIVE,SFA-ckks.json-[PHONE].000.ips
024101051609b4ebbff03d9a72df3f0ed39260eeb2fad52b341dbbbd6a8714c2,3,mini2,analytics_log,RAW_DEVICE_LOG_ARCHIVE,SFA-ckks.json-[PHONE].ips
f734d9a3fb81781ba37e8b5d3d52d3583e0cffc8da4bb0fd59db0880a51e8229,3,mini2,analytics_log,RAW_DEVICE_LOG_ARCHIVE,SFA-ckks.json-[PHONE].000.ips
4bc4070d74239f78be1564f0e3e5132ab57c4bb309838fedbe2217ea7cbf96e5,3,mini2,analytics_log,RAW_DEVICE_LOG_ARCHIVE,SFA-CloudServices.json-[PHONE].ips
3729b4f44a77ddad4f1437f5243ff07b8ed46629f2ac96388844cfe342f36f62,3,mini2,analytics_log,RAW_DEVICE_LOG_ARCHIVE,SFA-CloudServices.json-[PHONE].ips
649ef4e753aa9d2875cb70975439b0d7cde8d88e075cb16fa5468b73eac2eb10,3,mini2,analytics_log,RAW_DEVICE_LOG_ARCHIVE,SFA-CloudServices.json-[PHONE].ips
b2f9076db41c93989bc20ed507f30b3cdbb9d36774dadebbdb516a396cc137bf,3,mini2,analytics_log,RAW_DEVICE_LOG_ARCHIVE,SFA-local.json-[PHONE].0002.ips
4dbed084afbb08b3cbdc854a3ff483eb130a1db23cbf8e4b81087aacb41acffd,3,mini2,analytics_log,RAW_DEVICE_LOG_ARCHIVE,SFA-local.json-[PHONE].000.ips
e08c078f4357a2e329c85cb85c32f6059f96cd7e175ac86c741484be291fabae,3,mini2,analytics_log,RAW_DEVICE_LOG_ARCHIVE,SFA-local.json-[PHONE].0002.ips
13656de341b2b1e2dee33a32630ba6a45b8cb12caf8dd31aeafdc7e85ed21e6b,3,mini2,analytics_log,RAW_DEVICE_LOG_ARCHIVE,SFA-networking.json-[PHONE].ips
6d4f94f4fc09f948abda79e68180c993c0b845305bad22f7b87d82d884eccb7a,3,mini2,analytics_log,RAW_DEVICE_LOG_ARCHIVE,SFA-networking.json-[PHONE].000.ips
44e045ea31841c659ed72f27b05f176105815cc923a8143c8a6528bcaae11d57,3,mini2,analytics_log,RAW_DEVICE_LOG_ARCHIVE,SFA-networking.json-[PHONE].ips
213afc07e0bee0d9433f16a900085570d4a9541d018f33abe2397775dfe48fda,3,mini2,analytics_log,RAW_DEVICE_LOG_ARCHIVE,SFA-pcs.json-[PHONE].000.ips
2a136f097beaff8620a8f30c743b3bf90ac0086a3a51d27df4965e242921a701,3,mini2,analytics_log,RAW_DEVICE_LOG_ARCHIVE,SFA-pcs.json-[PHONE].ips
bca2a4b4eaeb256617ba9ccee047a167189725aa4fe21a1d69c77d7f077bd105,3,mini2,analytics_log,RAW_DEVICE_LOG_ARCHIVE,SFA-pcs.json-[PHONE].000.ips
e233fc8fba2c364b6385ada01c210160e8d820651c64d3aefc20388745d94838,3,mini2,analytics_log,RAW_DEVICE_LOG_ARCHIVE,SFA-sos.json-[PHONE].ips
8cafe5c413cb6b64d8ed9dbe5dba62556ee3bb85f76f4ca2f213a5fabebc47c7,3,mini2,analytics_log,RAW_DEVICE_LOG_ARCHIVE,SFA-sos.json-[PHONE].000.ips
ba27f5c60bdf842e781e83920ec6ce88efccc031b02156b7bc5c54dc00e28657,3,mini2,analytics_log,RAW_DEVICE_LOG_ARCHIVE,SFA-sos.json-[PHONE].ips
c0bb340cd36fc0919dba14f752c550574d97a02a361874431bee498b19432011,3,mini2,analytics_log,RAW_DEVICE_LOG_ARCHIVE,SiriSearchFeedback-[PHONE].000.ips
257fe356918599c9fe4ca9c424f12cf5b714a7605f15aa2d03bbdd9cbb095d87,3,mini2,analytics_log,RAW_DEVICE_LOG_ARCHIVE,SiriSearchFeedback-[PHONE].ips
4b84088f32250b20e9d40e2315af7ff14a700b6771dfc55ff8506ab51d97eb51,3,mini2,analytics_log,RAW_DEVICE_LOG_ARCHIVE,SiriSearchFeedback-[PHONE].ips
6c534199834416502647a80be27ba8222bb5ba81eac4e977702175ede6edaa92,3,mini2,analytics_log,RAW_DEVICE_LOG_ARCHIVE,SiriSearchFeedback-[PHONE].000.ips
aece260199851146ea9210f74e5b68a2ae507fc1ae60c72ee3f47fc53b06cce7,3,mini2,analytics_log,RAW_DEVICE_LOG_ARCHIVE,SiriSearchFeedback-[PHONE].ips
b41be771fc1e1be307e27872e930d0d3b1b382dda1c02e7df7baa9a756634882,3,mini2,analytics_log,RAW_DEVICE_LOG_ARCHIVE,SiriSearchFeedback-[PHONE].ips
5f609d2b41d7abf82148f4851645e942a9e415d423f879c62f764e8a4dd7444e,3,mini2,analytics_log,RAW_DEVICE_LOG_ARCHIVE,SiriSearchFeedback-[PHONE].ips
81ef232e0a1669e1de4a8bb73802823bc46cfc314c58c593528763db2643b43b,3,mini2,analytics_log,RAW_DEVICE_LOG_ARCHIVE,SiriSearchFeedback-[PHONE].000.ips
9d4dc21d909b15bd56bd4a120e1af803230fbc78b97ec5abe5ce2b0491ae8796,3,mini2,analytics_log,RAW_DEVICE_LOG_ARCHIVE,SiriSearchFeedback-[PHONE].ips
ad2ea7f9d5f73732246227df515dd82574473cd89fb699ccac56e3450b4eee79,3,mini2,analytics_log,RAW_DEVICE_LOG_ARCHIVE,SiriSearchFeedback-[PHONE].ips
b787094016b576ad55123c96eba8b4ee5003edcda1ffa4fe17406a3446559357,3,mini2,analytics_log,RAW_DEVICE_LOG_ARCHIVE,SiriSearchFeedback-[PHONE].ips
f7f30ea4bb0c77ecf49be8d7d3e22fb186fb175c77921cd036524d8cc3e756e6,3,mini2,analytics_log,RAW_DEVICE_LOG_ARCHIVE,SiriSearchFeedback-[PHONE].ips
adf98a7d2bcfa0b29b4a78899c593afc82baa554cc39954f77f731fec8c71aa1,3,mini2,analytics_log,RAW_DEVICE_LOG_ARCHIVE,SiriSearchFeedback-[PHONE].ips
529dac2d99cdb52bcfc0e822a3d2c1ff543a26f98975d31e7c1c85df99a8202c,3,mini2,analytics_log,RAW_DEVICE_LOG_ARCHIVE,SiriSearchFeedback-[PHONE].000.ips
7df02224160d21844bbb03522f998618970cd47814e6e73dd756cf881ed550cd,3,mini2,analytics_log,RAW_DEVICE_LOG_ARCHIVE,SiriSearchFeedback-[PHONE].ips
cb5a63c1c5405244bb7103bc7ca670739f4cbe12a5938d89f3d187b713c738bc,3,mini2,analytics_log,RAW_DEVICE_LOG_ARCHIVE,SiriSearchFeedback-[PHONE].ips
79656df447aa08b2bc28b527c1a37f66fce558b63f2565f4840637447d2ff88f,3,mini2,analytics_log,RAW_DEVICE_LOG_ARCHIVE,SiriSearchFeedback-[PHONE].ips
a37800d1fc130d639a21cd4370fe6a9c1e3d01ccec5ae3d7b6acfd7a8d54000c,3,mini2,analytics_log,RAW_DEVICE_LOG_ARCHIVE,stacks-[PHONE].ips
d0a2bc94d1a05e70e1538366f6fbddd0ed972c832f61444d6a1de6c62921f1d1,3,mini2,analytics_log,RAW_DEVICE_LOG_ARCHIVE,stacks-[PHONE].ips
068720a8972aa0a8c6dacfeb744e74e4298b70d583dfc6eca28bba5f26b7e12c,3,mini2,analytics_log,RAW_DEVICE_LOG_ARCHIVE,stacks-[PHONE].ips
119dd15bcc83afe5cbc06179f6f200d2404f2a6c748442611644fd204f52f218,3,mini2,analytics_log,RAW_DEVICE_LOG_ARCHIVE,stacks-[PHONE].ips
58f8df01018fc9675d26d848dc0d6170ca195aa581de5013e5b2e2dc3304a7c3,3,mini2,analytics_log,RAW_DEVICE_LOG_ARCHIVE,stacks-[PHONE].ips
2faacecbe225e70328e0e34aadbca3c279478312e37e512d8e11552c0bc0b111,3,mini2,analytics_log,RAW_DEVICE_LOG_ARCHIVE,stacks-[PHONE].ips
345657750740f989ae4a07ca9609b1942a0ed4988b1ebd31257aae48a66e7cb2,3,mini2,analytics_log,RAW_DEVICE_LOG_ARCHIVE,stacks-[PHONE].ips
de1c7ef4a001a00cfff36dd532dc071ef5630ff32853061eb848462e59192bd7,3,mini2,analytics_log,RAW_DEVICE_LOG_ARCHIVE,stacks-[PHONE].ips
2d6d3a2d33c42fadc532a6e48cce3fd09121ccdecc8df2be30333eb19ae08d00,3,mini2,analytics_log,RAW_DEVICE_LOG_ARCHIVE,WiFiConnectionQuality-[PHONE].ips
5d65dece1701b3960935f25974b66b5e0b79c6e1efac8c47c5ea74011596749f,3,mini2,analytics_log,RAW_DEVICE_LOG_ARCHIVE,xp_amp_app_usage_dnu-[PHONE].ips
5ed4e1d15a45e3f1e45f745f2b588a901fb88ab0bba3a996866c275bc35649d1,3,mini2,analytics_log,RAW_DEVICE_LOG_ARCHIVE,xp_amp_app_usage_dnu-[PHONE].ips
035dfb900f8a91fd0f85ba82e44acc3cea90144146d4281fae2dddaa45d1d692,3,mini2,analytics_log,RAW_DEVICE_LOG_ARCHIVE,duetexpertd.cpu_resource-[PHONE].ips
9ba8060ee3285c6c56963b41706017ccc2b0da6f32d5d39c46cae33cd376fb13,3,mini2,analytics_log,RAW_DEVICE_LOG_ARCHIVE,JetsamEvent-[PHONE].ips
b2b92ae65464e577b7552fb407bd309446988826201e6cb1a22fc14174d280de,3,mini2,rtcr,RAW_DEVICE_LOG_ARCHIVE,RTCReporting_messageLog_2025-[PHONE] (2).txt || RTCReporting_messageLog_2025-[PHONE] (6).txt || RTCReporting_messageLog_2025-[PHONE].txt
156153f55c7f04c03e6f46f6abb8b5c0e98f1c867a9c7d2597f6c1fd1169e9e4,3,mini2,analytics_log,RAW_DEVICE_LOG_ARCHIVE,SFA-ckks.json-[PHONE].ips
4ed1934f425074e97f30f99c30ca1e037bbe143b8ed86e9825c8f4817f771a62,3,mini2,analytics_log,RAW_DEVICE_LOG_ARCHIVE,SFA-ckks.json-[PHONE].ips
4162890bfb4e335d2b9d627ca263a24a7942c00671c77dbb101ffb129445ffd3,3,mini2,analytics_log,RAW_DEVICE_LOG_ARCHIVE,SFA-CloudServices.json-[PHONE].ips
9af8306b9248e0ece594e6949880d4a25186cabbab2d9f690ddb1a0937547f3e,3,mini2,analytics_log,RAW_DEVICE_LOG_ARCHIVE,SFA-CloudServices.json-[PHONE].ips
a042c33f49a3b7f6e740e91fe22e2141fe40b238aac44dd6c02d119190c31216,3,mini2,analytics_log,RAW_DEVICE_LOG_ARCHIVE,SFA-local.json-[PHONE].000.ips
6ce14e5d7a4eca86108a46c07a4f1072585503f1a3821d83f5364f66397b5b5f,3,mini2,analytics_log,RAW_DEVICE_LOG_ARCHIVE,SFA-local.json-[PHONE].000.ips
315aa29726251a2d2efa0f8ad74b8d784153ff68ddc9845aaa799c456f06a3bf,3,mini2,analytics_log,RAW_DEVICE_LOG_ARCHIVE,SFA-networking.json-[PHONE].ips
ff6dc3f44d5a40ce51b58fdbde3b6cd9e23a6d27ed451d71ca1e720dbb241a74,3,mini2,analytics_log,RAW_DEVICE_LOG_ARCHIVE,SFA-networking.json-[PHONE].ips
ebfdcfda3bdb69f95132b77649e2e6538f0ba2bfd741115f256bb59af79cc11c,3,mini2,analytics_log,RAW_DEVICE_LOG_ARCHIVE,SFA-pcs.json-[PHONE].ips
93c535bd135074123dc91562c4a1e230295937c41178ebbbd951dd7dfffbb30e,3,mini2,analytics_log,RAW_DEVICE_LOG_ARCHIVE,SFA-pcs.json-[PHONE].ips
6f08594baf2decb8cc1e0e65babb1a7d49873421a55649aca1e33fb1f7c92900,3,mini2,analytics_log,RAW_DEVICE_LOG_ARCHIVE,SFA-sos.json-[PHONE].000.ips
1f880025d632c3339b63b8e3a6db596d6037b2cae0d0153f95db8eb94cab66f4,3,mini2,analytics_log,RAW_DEVICE_LOG_ARCHIVE,SFA-sos.json-[PHONE].000.ips
74e9f4bbd9fae96470504e6a54713b40b7328e7ecaed55a6b9773531d301be62,3,mini2,analytics_log,RAW_DEVICE_LOG_ARCHIVE,SiriSearchFeedback-[PHONE].ips
f9d6849f279dcf288f65fc5a05b81eae2b44fc5b8372c425794f5fc874bf4ede,3,mini2,analytics_log,RAW_DEVICE_LOG_ARCHIVE,SiriSearchFeedback-[PHONE].ips
97bdfc4c940c0cb3e8be139859e17f0b6267edbe79eafd073572eee7ea8cfc8f,3,mini2,analytics_log,RAW_DEVICE_LOG_ARCHIVE,SiriSearchFeedback-[PHONE].000.ips
c2091e46744cff21faa9ede00c215404513fb5ec359d36a973694ea3187e86c9,3,mini2,analytics_log,RAW_DEVICE_LOG_ARCHIVE,SiriSearchFeedback-[PHONE].ips
cf45306651605d8bbef80b7e30c1a293028b4ca1810a823d883bb304345d9dfc,3,mini2,analytics_log,RAW_DEVICE_LOG_ARCHIVE,SiriSearchFeedback-[PHONE].000.ips
018e574888fab6ac1b19fddaea0ed0d0ed2f3d1a2833b0437e0f8c77aa23dac9,3,mini2,analytics_log,RAW_DEVICE_LOG_ARCHIVE,SiriSearchFeedback-[PHONE].ips
9ee8508733360b71b7738ae3a42630d30decec54ea809de3707320fe2c50437e,3,mini2,analytics_log,RAW_DEVICE_LOG_ARCHIVE,SiriSearchFeedback-[PHONE].ips
27d3a647fcee6246411292258e89e62eccc1dd0d74a7beca29fad2e91f609da7,3,mini2,analytics_log,RAW_DEVICE_LOG_ARCHIVE,SiriSearchFeedback-[PHONE].ips
982b1e69e3a63a013e8095278f3d51288a4fe80f2fafeb4aa4eb7e46f89a94bc,3,mini2,analytics_log,RAW_DEVICE_LOG_ARCHIVE,SiriSearchFeedback-[PHONE].ips
82f9f32927583bfc6566d29d65a51973d2478a7e6c7117960ee1b8565aa5629d,3,mini2,analytics_log,RAW_DEVICE_LOG_ARCHIVE,SiriSearchFeedback-[PHONE].000.ips
2689115fff90701cf68eabd2408353b75146712738722bb93cd1fe316c736aef,3,mini2,analytics_log,RAW_DEVICE_LOG_ARCHIVE,SiriSearchFeedback-[PHONE].ips
37c2acaed633e31deb11b2ce1fd7a8b59d3375827872a444a2aebfc9d6385542,3,mini2,analytics_log,RAW_DEVICE_LOG_ARCHIVE,SiriSearchFeedback-[PHONE].ips
1c8c58ada16e769015551a352814a9fb1ec0574390003c3f121739e6b37aec14,3,mini2,analytics_log,RAW_DEVICE_LOG_ARCHIVE,xp_amp_app_usage_dnu-[PHONE].ips
adcb207b866e6d09e927abd07dd5aac2651a4639d1485f5dce609fce0d6608e1,3,mini2,analytics_log,RAW_DEVICE_LOG_ARCHIVE,xp_amp_app_usage_dnu-[PHONE].ips
dbfc8d7b31d36ee0ab66eccd250eef9c9b45dca8ca3a37995ad3871dd74115f0,3,mini2,analytics_log,RAW_DEVICE_LOG_ARCHIVE,JetsamEvent-[PHONE].ips
1a8b8d190799d0adf103522b22b56d314106f8627deb6d999825d6c3b290a5f4,3,mini2,analytics_log,RAW_DEVICE_LOG_ARCHIVE,proactive_event_tracker-com_apple_Trial-com_apple_triald-[PHONE].ips
e31f72d1a0573f644dff4ab8310bab6b8609fee2f0b41a7fe2f1d9d0530a668a,3,mini2,rtcr,RAW_DEVICE_LOG_ARCHIVE,RTCReporting_messageLog_2025-[PHONE] (3).txt || RTCReporting_messageLog_2025-[PHONE] (7).txt || RTCReporting_messageLog_2025-[PHONE].txt
cb11de338906d10ac88f878d983df6a44f53cb29c788449e764181673d3b9e0c,3,mini2,analytics_log,RAW_DEVICE_LOG_ARCHIVE,SFA-ckks.json-[PHONE].ips
657a3bebbc1be17b99ba0495d1099297864cb94dbc1d2611747363754f6d294e,3,mini2,analytics_log,RAW_DEVICE_LOG_ARCHIVE,SFA-ckks.json-[PHONE].ips
56edc31cd65463e022738421ceb1df052454355ef4b4b4f5d378096f76a216af,3,mini2,analytics_log,RAW_DEVICE_LOG_ARCHIVE,SFA-CloudServices.json-[PHONE].ips
b0b7b836ebf657aa169e7894fdcc328dbe0c75bf710b724746e0ae0504ef1668,3,mini2,analytics_log,RAW_DEVICE_LOG_ARCHIVE,SFA-CloudServices.json-[PHONE].ips
b10a8d58a1ea1d1086d2902c604c3c031336b105dfb6e01e5b1d4636d059aed2,3,mini2,analytics_log,RAW_DEVICE_LOG_ARCHIVE,SFA-local.json-[PHONE].0003.ips
ae125bc0e0dd5f8d0533e083843f2a4002b0fb50ad2cdcfce0f19af44101e64f,3,mini2,analytics_log,RAW_DEVICE_LOG_ARCHIVE,SFA-local.json-[PHONE].0003.ips
c57aec43757ddf08c2312c3f708d982d5a2d4c6f776a271ba5a7db3497fb0048,3,mini2,analytics_log,RAW_DEVICE_LOG_ARCHIVE,SFA-networking.json-[PHONE].ips
e3b75aa62fb11fe363d798c41e838c9bf94d74f99b7f7b0b11fccf3748b05cb8,3,mini2,analytics_log,RAW_DEVICE_LOG_ARCHIVE,SFA-networking.json-[PHONE].ips
029d1bc747f14a7338de878ace9ffabd557c0527191c7c78e3b3bbe382ed4c3f,3,mini2,analytics_log,RAW_DEVICE_LOG_ARCHIVE,SFA-pcs.json-[PHONE].0002.ips
b640dc273c181eee11c1c7db1a2e77785b7aaddc43c89b2c996bb1389c2fe54e,3,mini2,analytics_log,RAW_DEVICE_LOG_ARCHIVE,SFA-pcs.json-[PHONE].0002.ips
caff55a8631b36ab2154de72e3161981edc2441432594f1b73bd4244d970c7ba,3,mini2,analytics_log,RAW_DEVICE_LOG_ARCHIVE,SFA-sos.json-[PHONE].000.ips
dd96b2e8a6ebe71aad8db9e207515f24065b4afc29125631e2846232a3c08f38,3,mini2,analytics_log,RAW_DEVICE_LOG_ARCHIVE,SFA-sos.json-[PHONE].000.ips
23a1d05977c4c9b7cddda7a70bd042ca991301d7696c96f2ed27c4b97eabbf65,3,mini2,analytics_log,RAW_DEVICE_LOG_ARCHIVE,SiriSearchFeedback-[PHONE].000.ips
3ef7692f0cb1a253559741fa61fef21883ce4e38269ef95603126a47f7b78dab,3,mini2,analytics_log,RAW_DEVICE_LOG_ARCHIVE,SiriSearchFeedback-[PHONE].ips
61f91b4e9a81f2ebddbc3c4cbed712ee0a056b1010b87dca9294d76f460adec9,3,mini2,analytics_log,RAW_DEVICE_LOG_ARCHIVE,SiriSearchFeedback-[PHONE].ips
8cfa9a66a8b4d9cddbc827ea93c204cb1d0159a624bca39ee1a7436ad36db788,3,mini2,analytics_log,RAW_DEVICE_LOG_ARCHIVE,SiriSearchFeedback-[PHONE].000.ips
f620da1d1947ad48f100669ccf415c5379e06bb784e16f328e2081c37366ecb6,3,mini2,analytics_log,RAW_DEVICE_LOG_ARCHIVE,SiriSearchFeedback-[PHONE].ips
c30a27cb930029ed1766c96cb9d810ebfef6b93c5596724ec1c699849034cc2a,3,mini2,analytics_log,RAW_DEVICE_LOG_ARCHIVE,SiriSearchFeedback-[PHONE].ips
0a296cb5a8d808b99a2a7a18ad83dc64722462eec0ee3d0ef2750918d830777e,3,mini2,analytics_log,RAW_DEVICE_LOG_ARCHIVE,stacks-[PHONE].ips
97c9a5e395281bbf916a2a294dbde8d4bb7fb0e48257fd8661b230318eaf3476,3,mini2,analytics_log,RAW_DEVICE_LOG_ARCHIVE,stacks-[PHONE].ips
5873c15e2ec2b877875fb8ae053bf8b2b3c11e37924a4c0fa57bfc9a432edfa9,3,mini2,analytics_log,RAW_DEVICE_LOG_ARCHIVE,stacks-[PHONE].ips
6cfb063425c31bd0e5476e0a690e9f0e6578bffde3d98515fb289b91cf0b00ee,3,mini2,analytics_log,RAW_DEVICE_LOG_ARCHIVE,stacks-[PHONE].ips
9972eaeb6b1d9850571c7f02e87604cb6a8e01c2127f4b53204afbfc66f03cb2,3,mini2,analytics_log,RAW_DEVICE_LOG_ARCHIVE,stacks-[PHONE].ips
468511e0e09026998c78e8a08386b1aef5040eefab1db85159c52df21f2b4f53,3,mini2,analytics_log,RAW_DEVICE_LOG_ARCHIVE,stacks-[PHONE].ips
65d80eb217c2f71f97bdf61769747372fda35810b505fc87c41a31fbd3ee1f9d,3,mini2,analytics_log,RAW_DEVICE_LOG_ARCHIVE,stacks-[PHONE].ips
fa6408d7f242500338909c9692f0bdd388fc177ff79a9b0b09155c9e17874278,3,mini2,analytics_log,RAW_DEVICE_LOG_ARCHIVE,stacks-[PHONE].ips
03094e77fb8e60d76c00f0a6107d50a6067b27d619582fed35369a6399beb2b0,3,mini2,analytics_log,RAW_DEVICE_LOG_ARCHIVE,xp_amp_app_usage_dnu-[PHONE].ips
0e4fa3a46d9f341aa626023573caf6f1b371c9d7d5efcc8daf240ee10f12118a,3,mini2,analytics_log,RAW_DEVICE_LOG_ARCHIVE,xp_amp_app_usage_dnu-[PHONE].ips
91405e1e40db26dc5b4e0bd55bfb6bb3db0ede830ec0fed1abfd181dd63be10a,3,mini2,analytics_log,RAW_DEVICE_LOG_ARCHIVE,proactive_event_tracker-com_apple_Trial-com_apple_triald-[PHONE].ips
2a26140f7257ad917dbca83fba171e48bf0248a302feeed7ec6ef362cf642fc5,3,mini2,rtcr,RAW_DEVICE_LOG_ARCHIVE,RTCReporting_messageLog_2025-[PHONE] (8).txt || RTCReporting_messageLog_2025-[PHONE].txt
8c7bb35e5a335d809ec501b5a1ef81b6a424d8e9618e62a9aa71504632778dcb,3,mini2,analytics_log,RAW_DEVICE_LOG_ARCHIVE,SiriSearchFeedback-[PHONE].ips
6b8d12647e48f0efe8608d291ac8e85c0c1459d29478e2fdb95fab45553a4f0f,3,mini2,analytics_log,RAW_DEVICE_LOG_ARCHIVE,SiriSearchFeedback-[PHONE].ips
636c8c9fcfa2a250bcb1eeb4fa4fc1a88bc133fa1fb5832681cf3de223030390,3,mini2,analytics_log,RAW_DEVICE_LOG_ARCHIVE,SiriSearchFeedback-[PHONE].ips
3ab6e675255e1779193b8b4e9f3a237d3962f4344347646344eb3adc77d8a7bb,3,mini2,analytics_log,RAW_DEVICE_LOG_ARCHIVE,SiriSearchFeedback-[PHONE].ips
9427cee71b334eb96c950fb19b8e8386be931357c257c9306cd0bd182c4873ba,3,mini2,analytics_log,RAW_DEVICE_LOG_ARCHIVE,SiriSearchFeedback-[PHONE].ips
fb4bffa6a667bbc9b7863ee6dabdb0c56b3f2342bc7ea6c6554ae1359669487c,3,mini2,analytics_log,RAW_DEVICE_LOG_ARCHIVE,SiriSearchFeedback-[PHONE].ips
00cdce9be627d6054d17ed1e91ca4205084fa89345c11ad763786d788ddb2369,3,mini2,analytics_log,RAW_DEVICE_LOG_ARCHIVE,SiriSearchFeedback-[PHONE].ips
fd9c8b8d85d6f9566cc7f5c17ca479ff0b17cb5a0aaf3e2025e8a22715453ad9,3,mini2,analytics_log,RAW_DEVICE_LOG_ARCHIVE,SiriSearchFeedback-[PHONE].ips
9276906a968ef750def5518859e852fec551075172674cbc2560672d29e6e943,3,mini2,analytics_log,RAW_DEVICE_LOG_ARCHIVE,SiriSearchFeedback-[PHONE].ips
63969b2d9d91bab800a198c3d4365b0c0966fc60dcfc9532c24c4e487e8fc3e8,3,mini2,analytics_log,RAW_DEVICE_LOG_ARCHIVE,SiriSearchFeedback-[PHONE].ips
8e9754962bc8f0017927aa0f54543fc4d376f051bd8d7c6814c0ee77d28114ab,3,mini2,analytics_log,RAW_DEVICE_LOG_ARCHIVE,SiriSearchFeedback-[PHONE].ips
b22c01ddab20f08e830416d964f1f456194c5044b75f58c6f3d857e46bcaf796,3,mini2,analytics_log,RAW_DEVICE_LOG_ARCHIVE,stacks-[PHONE].ips
7f0acb926f85f950ae3151c36ad0761dfab74169c1c792873c63c618e6975c6e,3,mini2,analytics_log,RAW_DEVICE_LOG_ARCHIVE,stacks-[PHONE].ips
2f6c7bf1a8f53d80e1a0c6fc2e05c22504b71307c31bb2580cdcdb2a655e3845,3,mini2,analytics_log,RAW_DEVICE_LOG_ARCHIVE,stacks-[PHONE].ips
ae2cfab85d1e1150ff419606d2c77ed69d43224f9581508bb53b1f1871576b9c,3,mini2,analytics_log,RAW_DEVICE_LOG_ARCHIVE,stacks-[PHONE].ips
f9323fe154bc123e698173e3d6884df72a77aa6e07da848fc4b260e748eb910a,3,mini2,analytics_log,RAW_DEVICE_LOG_ARCHIVE,stacks-[PHONE].ips
86331deb80c549109f56e9a87fc86842de423aecfe3ab0d81e48b5fd8bd622fc,3,mini2,analytics_log,RAW_DEVICE_LOG_ARCHIVE,stacks-[PHONE].ips
986c4a0d355d704c739997e56d455c772a7add27cdbec81c822e6817460d9661,3,mini2,analytics_log,RAW_DEVICE_LOG_ARCHIVE,stacks-[PHONE].ips
63a162af5021a57e119017ee94375316b652e152a07111506bc727b007042841,3,mini2,analytics_log,RAW_DEVICE_LOG_ARCHIVE,stacks-[PHONE].ips
07642883da92629ca4834e0c408abf6b3f18ccd210364c93f464d1bcf8abcf4d,3,mini2,analytics_log,RAW_DEVICE_LOG_ARCHIVE,stacks-[PHONE].ips
31bc49be998b16acf529b829201cd5b39d7d97d4b2077a0d3fc3533f9e4008ae,3,mini2,analytics_log,RAW_DEVICE_LOG_ARCHIVE,xp_amp_app_usage_dnu-[PHONE].ips
9617538b6db5145f62bf662f3811ee56a373f981dd641beae30e3f20028d3061,3,mini2,analytics_log,RAW_DEVICE_LOG_ARCHIVE,xp_amp_app_usage_dnu-[PHONE].ips
bf332416729fac09f0eb4487144853d08c2f5fed4abe1e671c1aa31008ddcb6f,3,mini2,analytics_log,RAW_DEVICE_LOG_ARCHIVE,JetsamEvent-[PHONE].ips
6f68b42efd464b74037896277ce2078b55a1c488116a5c901dfea2a6506f626d,3,mini2,analytics_log,RAW_DEVICE_LOG_ARCHIVE,proactive_event_tracker-com_apple_Trial-com_apple_triald-[PHONE].ips
fdae334aef0036e90d6d9104ade83c9147a8e85b2d8cc06a503d5c2a527fd3aa,3,mini2,analytics_log,RAW_DEVICE_LOG_ARCHIVE,SiriSearchFeedback-[PHONE].ips
43524a2c5ac3236a2d1162b343e8fbf9bd3b1a1cefbe96d25404be7c9afa26bd,3,mini2,analytics_log,RAW_DEVICE_LOG_ARCHIVE,SiriSearchFeedback-[PHONE].ips
df2c46938c6e97c735cc88012aee04acdae9aa5894cf297b23446e829060d6d3,3,mini2,analytics_log,RAW_DEVICE_LOG_ARCHIVE,SiriSearchFeedback-[PHONE].ips
fedac7695733b13739a6e02684ad9e854e2ace98bc87885b8a16bcdea581fe9b,3,mini2,analytics_log,RAW_DEVICE_LOG_ARCHIVE,SiriSearchFeedback-[PHONE].ips
4b0a8a45042a6429496e94ee048ff966d0973f731d08494cb4d4e04ac1b8b05d,3,mini2,analytics_log,RAW_DEVICE_LOG_ARCHIVE,SiriSearchFeedback-[PHONE].ips
54e1e39c00ce96eb55375ea14178c03aca1fb668188a2e88c3339a6cc895fe64,3,mini2,analytics_log,RAW_DEVICE_LOG_ARCHIVE,SiriSearchFeedback-[PHONE].ips
31cd6f09c24e9858a75e37ee2e3bf464ae245aa8165477dc5991a0cda82a9a81,3,mini2,analytics_log,RAW_DEVICE_LOG_ARCHIVE,SiriSearchFeedback-[PHONE].ips
bc2eb2f55d6369a708fd55c73af7e539215a8c55a642c84a7eef96152214d9d9,3,mini2,analytics_log,RAW_DEVICE_LOG_ARCHIVE,SiriSearchFeedback-[PHONE].ips
54affdebbb5eed77a840a7f7732e46f6022ee56a9d585a7f3ea470e836e06e4f,3,mini2,analytics_log,RAW_DEVICE_LOG_ARCHIVE,SiriSearchFeedback-[PHONE].ips
8decfaef77a5c0d33b3de613b23cf5adb418f6aeeee6c0c912afe95407369d4d,3,mini2,analytics_log,RAW_DEVICE_LOG_ARCHIVE,stacks-[PHONE].ips
306abbf6df10f62c2a3c82ec363ba6ce561224bfeab171620fc1fbb4d5ee24a5,3,mini2,analytics_log,RAW_DEVICE_LOG_ARCHIVE,xp_amp_app_usage_dnu-[PHONE].ips
d0a702b7b53277b7dcbc2198ba1accedbf76d14f0e0d752cac794293b319462c,3,mini2,analytics_log,RAW_DEVICE_LOG_ARCHIVE,xp_amp_app_usage_dnu-[PHONE].ips
687cb5aed38b5c0f6825ece1235c067793063a19947cb8ac97c2fe84470f4fd1,3,mini2,analytics_log,RAW_DEVICE_LOG_ARCHIVE,proactive_event_tracker-com_apple_Trial-com_apple_triald-[PHONE].ips
0c4df3cd37dfaa9ed79f6134d41446b6356fab3da1b1933a737b1c08b76651d7,3,mini2,rtcr,RAW_DEVICE_LOG_ARCHIVE,RTCReporting_messageLog_2025-[PHONE] (10).txt || RTCReporting_messageLog_2025-[PHONE] (4).txt || RTCReporting_messageLog_2025-[PHONE].txt
b4185341d956ca32b5b147440ccb447fba987a5257aadd76db0952f614ac8f37,3,mini2,analytics_log,RAW_DEVICE_LOG_ARCHIVE,SFA-ckks.json-[PHONE].ips
33fbc4c06bfdf9ec9f346c8bb09bc58f00c0b55666e5103d4ea77d43d3e86764,3,mini2,analytics_log,RAW_DEVICE_LOG_ARCHIVE,SFA-ckks.json-[PHONE].ips
bf050d36d46bdf6758a3ac6f219703ee47f5079d21c7d43ba0bfcb9a03df6f56,3,mini2,analytics_log,RAW_DEVICE_LOG_ARCHIVE,SFA-ckks.json-[PHONE].000.ips
50bfc5d53a2c7d1269c25044b76935fb557e68c9e6eeed92fc7c682d39c52feb,3,mini2,analytics_log,RAW_DEVICE_LOG_ARCHIVE,SFA-CloudServices.json-[PHONE].ips
4a384f8b772f4a6b339fe9dad5399b2897f861dd665aed47e9ddafdc1c715981,3,mini2,analytics_log,RAW_DEVICE_LOG_ARCHIVE,SFA-CloudServices.json-[PHONE].ips
d07f7fe487666185e8c0f01ba5a735b3025263c31044d60aaf44ccd3f2100de6,3,mini2,analytics_log,RAW_DEVICE_LOG_ARCHIVE,SFA-CloudServices.json-[PHONE].ips
984f9b24d7afd16e00fc31dd475edb2cc799f725a42c04504bd4ea0e53decd44,3,mini2,analytics_log,RAW_DEVICE_LOG_ARCHIVE,SFA-local.json-[PHONE].ips
9d53916938150ae27fe27a95c0132c0837cbc0a7ee99e245089f3065769bd59c,3,mini2,analytics_log,RAW_DEVICE_LOG_ARCHIVE,SFA-local.json-[PHONE].000.ips
0f90d27f0e82e9d1e34817ddf32cc415119240412ada889e59658a65aab5f4a0,3,mini2,analytics_log,RAW_DEVICE_LOG_ARCHIVE,SFA-local.json-[PHONE].0002.ips
84c968f5b023bd04c212a7b1a1371f5955fe1f398cee90dbc7e3a0de805d21ae,3,mini2,analytics_log,RAW_DEVICE_LOG_ARCHIVE,SFA-networking.json-[PHONE].ips
3c4935c8c83dd2cd9ae4f14a5919efd4e7321a6c99e950aeec9d6203d19d6bcb,3,mini2,analytics_log,RAW_DEVICE_LOG_ARCHIVE,SFA-networking.json-[PHONE].ips
e293567c4633cdfaaafd7b9fa21afdfbd5993c11de05b0824007aeed98fd2576,3,mini2,analytics_log,RAW_DEVICE_LOG_ARCHIVE,SFA-networking.json-[PHONE].ips
c3a21648d4e63df2ccae6197ada63347d01a61ef236d31c8608d47fb3caf0c66,3,mini2,analytics_log,RAW_DEVICE_LOG_ARCHIVE,SFA-pcs.json-[PHONE].000.ips
43c724fbf05f3d9f8e089b0e1f8a006959f9f243a9b4321913050b2ed6b6cb68,3,mini2,analytics_log,RAW_DEVICE_LOG_ARCHIVE,SFA-pcs.json-[PHONE].ips
c73a780c6d07dfc3d9759bcb90b045c31d8e488076a6f93aaa7749ae3f710d2b,3,mini2,analytics_log,RAW_DEVICE_LOG_ARCHIVE,SFA-pcs.json-[PHONE].000.ips
fe53616df2e237ae323f29e29174f2e0bc14d80b803f64ea6835a2335c2c7cd7,3,mini2,analytics_log,RAW_DEVICE_LOG_ARCHIVE,SFA-sos.json-[PHONE].ips
e4ae523db96fd6ba7047b47c058b1a526002b0fdef4da860884b5ad90688c53a,3,mini2,analytics_log,RAW_DEVICE_LOG_ARCHIVE,SFA-sos.json-[PHONE].000.ips
d55d73992d90d4f2983e4e8c59e967fcce0156bf9bfe481c9d90efef76d77f18,3,mini2,analytics_log,RAW_DEVICE_LOG_ARCHIVE,SFA-sos.json-[PHONE].ips
29ad238d2436b1c1c1a1c22ba729bc2a5ba663fad9f2aa5dd60b6786658cc72d,3,mini2,analytics_log,RAW_DEVICE_LOG_ARCHIVE,SiriSearchFeedback-[PHONE].000.ips
85e65f0cad30d57eb6c76bfd9cd7faf59497fedf37a249f604a73b3022ab5266,3,mini2,analytics_log,RAW_DEVICE_LOG_ARCHIVE,SiriSearchFeedback-[PHONE].ips
7debe508bfcfa250909526ca38ba0c140230600b98f1fc59a65d145ba304e837,3,mini2,analytics_log,RAW_DEVICE_LOG_ARCHIVE,SiriSearchFeedback-[PHONE].ips
d071e375565052be809f1088c1aea9ec7b3dbb18eec42cf2543d00a7edae02ae,3,mini2,analytics_log,RAW_DEVICE_LOG_ARCHIVE,SiriSearchFeedback-[PHONE].ips
f48a91daf1718768a075b34ae027eeba26a1b51c0c9234fef6709d8d2a098933,3,mini2,analytics_log,RAW_DEVICE_LOG_ARCHIVE,SiriSearchFeedback-[PHONE].ips
27ad7f15caef0e881071be9268d4566735e750df195670b3190a2b85222a3711,3,mini2,analytics_log,RAW_DEVICE_LOG_ARCHIVE,SiriSearchFeedback-[PHONE].ips
c6d5b9bb9ff38160ab5b1a8af10cf450d14230f64cf751f79b5271c3adf48525,3,mini2,analytics_log,RAW_DEVICE_LOG_ARCHIVE,SiriSearchFeedback-[PHONE].ips
36f89d5c19287e7cfd45a0ae085b376276c4a1cac714a98cf26f13c1a76b2d0a,3,mini2,analytics_log,RAW_DEVICE_LOG_ARCHIVE,SiriSearchFeedback-[PHONE].ips
6eb2128d5444f52cd2a0bc9d48ff0606171bf5b641c599e6d09c82e8303da76f,3,mini2,analytics_log,RAW_DEVICE_LOG_ARCHIVE,SiriSearchFeedback-[PHONE].ips
dff26e5a61cc1c7d63b5e21bdc231cfdd17e7d33736cd804616c67b10a687195,3,mini2,analytics_log,RAW_DEVICE_LOG_ARCHIVE,SiriSearchFeedback-[PHONE].ips
068ae1c59e979fa1797f0ddcbb345ef0a93441dffabb7f8471376699a70a1e64,3,mini2,analytics_log,RAW_DEVICE_LOG_ARCHIVE,SiriSearchFeedback-[PHONE].ips
4e3bb8b9bd21d0a947672dc95f6bccc85c5d0540559e740a4cb15bba4437d77f,3,mini2,analytics_log,RAW_DEVICE_LOG_ARCHIVE,SiriSearchFeedback-[PHONE].ips
ae8a8c380bb2cfccb0d171206b1967bac85bc0e37309c0f123bc01df677e20d2,3,mini2,analytics_log,RAW_DEVICE_LOG_ARCHIVE,SiriSearchFeedback-[PHONE].ips
19527e407d923437ac6146d7916f20dd3863ad22bc96934b68502cc5e9dc9c88,3,mini2,analytics_log,RAW_DEVICE_LOG_ARCHIVE,SiriSearchFeedback-[PHONE].ips
8b71454128c6debb3596f1fdedb68797ab666254e548e2790a223ef194b5b659,3,mini2,analytics_log,RAW_DEVICE_LOG_ARCHIVE,SiriSearchFeedback-[PHONE].ips
da4359cfeec1174cdea5a50bf391603f927dd32001c9d5bb8ef72fd4e92c2d40,3,mini2,analytics_log,RAW_DEVICE_LOG_ARCHIVE,SiriSearchFeedback-[PHONE].ips
5f44a8b120b223c74da1158e2738f69c81bf24b301b13788deed21a4485c8f24,3,mini2,analytics_log,RAW_DEVICE_LOG_ARCHIVE,SiriSearchFeedback-[PHONE].ips
8028d7c6390f37c1788ad673a8ef46b3a3a1c13fc82be41b77be872db752d791,3,mini2,analytics_log,RAW_DEVICE_LOG_ARCHIVE,stacks-[PHONE].ips
73addf9f1777a63fe04c8745483410a5781f35db5e927b2ae39864accbec0acc,3,mini2,analytics_log,RAW_DEVICE_LOG_ARCHIVE,xp_amp_app_usage_dnu-[PHONE].ips
b3a5f38d73f1d9b9ccbf5b43b0abb58c169d4507271249f8d147010e29dd916e,3,mini2,analytics_log,RAW_DEVICE_LOG_ARCHIVE,xp_amp_app_usage_dnu-[PHONE].ips
7f97ab95c4cd4719ef932e558cbbc3f7562fae7cacfe094db37cfc986f979bf5,3,mini2,analytics_log,RAW_DEVICE_LOG_ARCHIVE,JetsamEvent-[PHONE].ips
dda722e433c08a9dbaeec91fd2725d40a369f28b58100ab7560c5ca6d9d4c3f0,3,mini2,analytics_log,RAW_DEVICE_LOG_ARCHIVE,MobileNotes.cpu_resource-[PHONE].ips
c7488b28d358df97bc75bdec3255d2b9dd455c95abeac3b2361741f4ff9b2547,3,mini2,analytics_log,RAW_DEVICE_LOG_ARCHIVE,proactive_event_tracker-com_apple_Trial-com_apple_triald-[PHONE].ips
83ff035a115aa6e4d8d2e9e1a7f17e7d5ab1663cb83231683f5f26d322ae2ccb,3,mini2,rtcr|text_log,RAW_DEVICE_LOG_ARCHIVE,RTCReporting_messageLog_2025-[PHONE] (11).txt || RTCReporting_messageLog_2025-[PHONE].txt || テキスト (2).txt
08519a2cd026cbbb19cba24dce1b9981ddbf622ddd061def9af8e68e8d93a59e,3,mini2,analytics_log,RAW_DEVICE_LOG_ARCHIVE,SFA-ckks.json-[PHONE].ips
feaa062e74461167f413e5774ffa6935e894a6366d76a8775d886dd07226db40,3,mini2,analytics_log,RAW_DEVICE_LOG_ARCHIVE,SFA-CloudServices.json-[PHONE].ips
cf2770e0c11164af604e6c81a5ccfc9acb012c9aca9c1cd983f337e4619e11c8,3,mini2,analytics_log,RAW_DEVICE_LOG_ARCHIVE,SFA-local.json-[PHONE].000.ips
46c5e0fad7350a77b6be4d1de3e38cdd63a6fb809a1f8950e4cb0aa526ae41e8,3,mini2,analytics_log,RAW_DEVICE_LOG_ARCHIVE,SFA-networking.json-[PHONE].ips
7b9d745d7ee1f60dc03b8a178f68ae112ac8aef7853c43cc6f0c915423a3e414,3,mini2,analytics_log,RAW_DEVICE_LOG_ARCHIVE,SFA-pcs.json-[PHONE].ips
58a59b1c47ed5a003347132348e5a17b5b78d9e699193edf8514ab98c9e2a612,3,mini2,analytics_log,RAW_DEVICE_LOG_ARCHIVE,SFA-sos.json-[PHONE].000.ips
ece008c8dafea37c403f8b0feb4329e335fe0ee808ef58ec9d44777fe63770bc,3,mini2,analytics_log,RAW_DEVICE_LOG_ARCHIVE,SiriSearchFeedback-[PHONE].ips
3063e24acd3cecb1003007284b873e439057fe44df0fedda60d98cb4c98637f1,3,mini2,analytics_log,RAW_DEVICE_LOG_ARCHIVE,SiriSearchFeedback-[PHONE].000.ips
a90c77e7e87b4686fdebdefb1297677905ba9484d897fdee0d8f267b3266b6c8,3,mini2,analytics_log,RAW_DEVICE_LOG_ARCHIVE,SiriSearchFeedback-[PHONE].ips
cd8fc3c2cc051a59acd63792e7ef2c81ef36dc30bd36f3c50d77268fb4abbb50,3,mini2,analytics_log,RAW_DEVICE_LOG_ARCHIVE,SiriSearchFeedback-[PHONE].ips
0eef097a31cf2c78ac56c55e83c74de810c7fa7e352c558444cbc7bff39d6d7f,3,mini2,analytics_log,RAW_DEVICE_LOG_ARCHIVE,SiriSearchFeedback-[PHONE].ips
98500bdf7e08c0b6c29b28f75e34754214f386cb7848e1fe4f630c5d87265a00,3,mini2,analytics_log,RAW_DEVICE_LOG_ARCHIVE,SiriSearchFeedback-[PHONE].ips
6ed5f824d3cb63293b18f4e18efe760a5bbc7002fc47450d29c0026b1f1a3639,3,mini2,analytics_log,RAW_DEVICE_LOG_ARCHIVE,SiriSearchFeedback-[PHONE].ips
fe3768ef61a811ee80c3dcfa3f97aeff6d376f12c90fae16bd034d6315c686fc,3,mini2,analytics_log,RAW_DEVICE_LOG_ARCHIVE,SiriSearchFeedback-[PHONE].ips
ad0c8abac84a81a542a439f76f9e7d925d1a540f9fe7b25c98d8ac2dc47306ff,3,mini2,analytics_log,RAW_DEVICE_LOG_ARCHIVE,SiriSearchFeedback-[PHONE].ips
eb5d9161929770ec8f0741845812f4c5edc638f8f4db45ba89e86cc12e59678e,3,mini2,analytics_log,RAW_DEVICE_LOG_ARCHIVE,SiriSearchFeedback-[PHONE].ips
f944edb6c4d8505f4f80e281f628eae54a026d4d7dc7aca6f11a2d7ad34f6744,3,mini2,analytics_log,RAW_DEVICE_LOG_ARCHIVE,SiriSearchFeedback-[PHONE].ips
260ab5b000f90e31ce32207bb3cbb93d07e0f8014b021c4b2516d250be12287d,3,mini2,analytics_log,RAW_DEVICE_LOG_ARCHIVE,xp_amp_app_usage_dnu-[PHONE].ips
88ef5a93363ba3e80dfeb7416bf23b5b05f241ea4c4a02f8c5b31ba1fdb2fcfb,3,mini2,analytics_log,RAW_DEVICE_LOG_ARCHIVE,xp_amp_app_usage_dnu-[PHONE].ips
cc15ae455bee132ba0ca5206b5bacee34eb2bf4be3d7a2d7449264e4e861f058,3,mini2,analytics_synced,RAW_DEVICE_LOG_ARCHIVE,Analytics-[PHONE].ips.ca.synced
b2c55b76331ff52ed5907a7b0a55ed4c622570412597f468c28e942ca6303f6b,3,mini2,analytics_log,RAW_DEVICE_LOG_ARCHIVE,JetsamEvent-[PHONE].ips
8c929e517889c3dfdc78a17086f7e01dce23565fac4aebe7ec8ed5a7a9319586,3,mini2,text_log,RAW_DEVICE_LOG_ARCHIVE,log-power-[PHONE].session
4d16b52c8c687513815afb6c62224c6f442a3b1898649182698e9011983556d2,3,mini2,analytics_log,RAW_DEVICE_LOG_ARCHIVE,proactive_event_tracker-com_apple_Trial-com_apple_triald-[PHONE].ips
482391897f8f78743653e5114221ea7c8a185c742d9b25cb3c92c4e58797c2e0,3,mini2,analytics_log,RAW_DEVICE_LOG_ARCHIVE,SiriSearchFeedback-[PHONE].ips
50854bd550c0bf1f48a8ae12ddabfac7557d93bc7cf73aae8503e3326cf7cd17,3,mini2,analytics_log,RAW_DEVICE_LOG_ARCHIVE,SiriSearchFeedback-[PHONE].ips
9b4a61bb4f41342bd730a60cd49cd1f4ead8795e4db609dd776a3ffeb0a2ef10,3,mini2,analytics_log,RAW_DEVICE_LOG_ARCHIVE,SiriSearchFeedback-[PHONE].ips
f84bc4eb1581f37a72619ba74aa0e5daf450d036e31a8520a6a67f626d9f9878,3,mini2,analytics_log,RAW_DEVICE_LOG_ARCHIVE,SiriSearchFeedback-[PHONE].ips
4a73954260b1f1fe4849828ccb4d49811c1690c995d56c27cdf469805f8642a7,3,mini2,analytics_log,RAW_DEVICE_LOG_ARCHIVE,SiriSearchFeedback-[PHONE].ips
655bd353660e743a9df62996e67993d8046cbd89a5cd0164eedd244111562ebc,3,mini2,analytics_log,RAW_DEVICE_LOG_ARCHIVE,SiriSearchFeedback-[PHONE].ips
2b503844f55e2a35562e76636a1f27938515b223cf2b82f130ba10d2e5dcc4ab,3,mini2,analytics_log,RAW_DEVICE_LOG_ARCHIVE,SiriSearchFeedback-[PHONE].ips
83090e04113a8745dcaf2578fd76fa4f449e5e1ccb8b74584f79f7f09f170407,3,mini2,analytics_log,RAW_DEVICE_LOG_ARCHIVE,SiriSearchFeedback-[PHONE].ips
d81616051f951f7dcf0be499a716f359ff420a62b5cac3c81a28eb405c363231,3,mini2,analytics_log,RAW_DEVICE_LOG_ARCHIVE,SiriSearchFeedback-[PHONE].ips
7e3919c482daaed1a4812459c1b74e8d898f627811c56761891ce12a47ae717d,3,mini2,analytics_log,RAW_DEVICE_LOG_ARCHIVE,SiriSearchFeedback-[PHONE].ips
76b85d9e9d7e1e2f29fa1e88d0ccd11d48d31d63d57f2ff168fa2bd6ad76f1e3,3,mini2,analytics_log,RAW_DEVICE_LOG_ARCHIVE,SiriSearchFeedback-[PHONE].ips
2b878abb37892165b0448cad6fd62d4e459654012762f876f38c3743f5bb580d,3,mini2,analytics_log,RAW_DEVICE_LOG_ARCHIVE,SiriSearchFeedback-[PHONE].000.ips
2782af1369d86031b27d528b929a5d726ad65b0d0d416ab0c59ae054956ba849,3,mini2,analytics_log,RAW_DEVICE_LOG_ARCHIVE,SiriSearchFeedback-[PHONE].ips
ee9c9c13d32e29af758429505fc38a1a456f3111ff0ba0dd6d2273e36b2cde29,3,mini2,analytics_log,RAW_DEVICE_LOG_ARCHIVE,SiriSearchFeedback-[PHONE].ips
92dbfcbf7a987f922769decf9067b5528c2076fa50e5ed0a04eb77c3958d0063,3,mini2,analytics_log,RAW_DEVICE_LOG_ARCHIVE,WiFiConnectionQuality-[PHONE].ips
e76cc642bed72ad385a884af2955fb17be1747e97d155704e46d6a891d657985,3,mini2,analytics_log,RAW_DEVICE_LOG_ARCHIVE,xp_amp_app_usage_dnu-[PHONE].ips
7d42ad27c7b8766357ddb3b37290d59710bbd203a89d47fe198b36e266ee7e52,3,mini2,analytics_log,RAW_DEVICE_LOG_ARCHIVE,xp_amp_app_usage_dnu-[PHONE].ips
1904159d0275b26271b9889281bb781c39887daa983a5b447f568ea90cf91c06,3,mini2,analytics_log,RAW_DEVICE_LOG_ARCHIVE,JetsamEvent-[PHONE].ips
99f67f9a678c0d8d79a5cfebb6947079ff95b696d6cf7048315f3d579a8010b6,3,mini2,analytics_log,RAW_DEVICE_LOG_ARCHIVE,MobileNotes.cpu_resource-[PHONE].ips
44ae52d328de898f16b3e4c0cb8041793e25cf99995b315579f2c0866212a81a,3,mini2,analytics_log,RAW_DEVICE_LOG_ARCHIVE,MobileNotes.cpu_resource-[PHONE].ips
f0e86a49491041235a07f9903569f78b6f560d15691aa4bb38a189f9092874ef,3,mini2,analytics_log,RAW_DEVICE_LOG_ARCHIVE,proactive_event_tracker-com_apple_Trial-com_apple_triald-[PHONE].ips
4a6daad56066b537eaa69145d9d68a005e505a9532fbb090ce852ea8ef0dfa4c,3,mini2,analytics_log,RAW_DEVICE_LOG_ARCHIVE,SFA-ckks.json-[PHONE].ips
223545595d1a150edf5277c4677caaa957377e7ac696f5efb9f34d6adb05b8cb,3,mini2,analytics_log,RAW_DEVICE_LOG_ARCHIVE,SFA-ckks.json-[PHONE].ips
aba642076c515e1ab7525a1dcb47af0e6c00d14ee3c4933cd6356f09b9762158,3,mini2,analytics_log,RAW_DEVICE_LOG_ARCHIVE,SFA-CloudServices.json-[PHONE].ips
bb48181493049b047fadf593465b157ff48695d3b48b665f728867ef165b15fa,3,mini2,analytics_log,RAW_DEVICE_LOG_ARCHIVE,SFA-CloudServices.json-[PHONE].ips
14f14d3968668428b92026cc43f91d8269a2930afdb16263b53bd43c612e11cd,3,mini2,analytics_log,RAW_DEVICE_LOG_ARCHIVE,SFA-local.json-[PHONE].000.ips
a2ebd458ed0c7a3d261c3c6040707bd450405fbd2b5cca0c2fdebad5e3d7b417,3,mini2,analytics_log,RAW_DEVICE_LOG_ARCHIVE,SFA-local.json-[PHONE].000.ips
60189973cf20c02a7b27da3b56f08d6f7a72da5341de0cf2236baad1b382eef5,3,mini2,analytics_log,RAW_DEVICE_LOG_ARCHIVE,SFA-networking.json-[PHONE].ips
0684b74effa1365bcaf8e1f3045485d44d1d4f50e6ce416171541d982b310287,3,mini2,analytics_log,RAW_DEVICE_LOG_ARCHIVE,SFA-networking.json-[PHONE].ips
11a945c31d7360875491c787f3422711c82e401da15e94a851efa075dd5640ed,3,mini2,analytics_log,RAW_DEVICE_LOG_ARCHIVE,SFA-pcs.json-[PHONE].ips
dc67b477de422afda3df1a2e0e16c45f146d7ef1ccb6ad90d821266ba2370410,3,mini2,analytics_log,RAW_DEVICE_LOG_ARCHIVE,SFA-pcs.json-[PHONE].ips
d394ec5f7dca523bd9a2a9bee50f557e887693a5a0acdc35b133e2775f022084,3,mini2,analytics_log,RAW_DEVICE_LOG_ARCHIVE,SFA-sos.json-[PHONE].000.ips
e41378e3120c0dd5cef52daf0351853e23e8d7063dd6c2c55870d2c27b97bc91,3,mini2,analytics_log,RAW_DEVICE_LOG_ARCHIVE,SFA-sos.json-[PHONE].000.ips
2647663f8488d2f2a5152d23e854036620ae19788b30cd01d1432af2256c2243,3,mini2,analytics_log,RAW_DEVICE_LOG_ARCHIVE,SiriSearchFeedback-[PHONE].ips
42c81f6a9d6ec22f39a8a97b8c8467bf7960fbe731ccc164c6f8b5b3176aa87c,3,mini2,analytics_log,RAW_DEVICE_LOG_ARCHIVE,SiriSearchFeedback-[PHONE].ips
bb385f04d9cefa779bd871d791f4c91860691605c6b44286d612905d8a12e515,3,mini2,analytics_log,RAW_DEVICE_LOG_ARCHIVE,SiriSearchFeedback-[PHONE].ips
fbd199931e5c8a9991a108a313e12917b44ae92562b9a47c93ea8cd1de5be00b,3,mini2,analytics_log,RAW_DEVICE_LOG_ARCHIVE,SiriSearchFeedback-[PHONE].ips
6e4bb2375d38d95496e83336bbf6456e20bef89ce6cade4d04bae9aef396230d,3,mini2,analytics_log,RAW_DEVICE_LOG_ARCHIVE,SiriSearchFeedback-[PHONE].ips
e5dc48ef0906d60e241f7b3a23fc12db8d7c18cf43e2df62693f71ad6d15a48e,3,mini2,analytics_log,RAW_DEVICE_LOG_ARCHIVE,SiriSearchFeedback-[PHONE].000.ips
6b43b3e6daa76d8c13401f0c678bcf4c66d96ca08d091948f09c174e4c2cd56c,3,mini2,analytics_log,RAW_DEVICE_LOG_ARCHIVE,SiriSearchFeedback-[PHONE].ips
d3b57c2f53a0dc09ab03c7fdba57cfd949201c0f826983c49e3bc7203b9a2274,3,mini2,analytics_log,RAW_DEVICE_LOG_ARCHIVE,SiriSearchFeedback-[PHONE].ips
aa90331ed910dc49460aa69cd7571b45de92375a8806ea2648890fb646e5c96b,3,mini2,analytics_log,RAW_DEVICE_LOG_ARCHIVE,SiriSearchFeedback-[PHONE].ips
b212f804bd8257c76d8c8a232dd7622ec91f6992305441c20dfa7d0ded775942,3,mini2,analytics_log,RAW_DEVICE_LOG_ARCHIVE,SiriSearchFeedback-[PHONE].ips
767801def41b90fa4a62e1aaf2c0cff66cff6bc0f7267f1fdad06397ecfcd6f0,3,mini2,analytics_log,RAW_DEVICE_LOG_ARCHIVE,SiriSearchFeedback-[PHONE].ips
7eeadb2f8cfa71f3510cad8f49b1142f2db0d09720a79c0e446b832aaad49b49,3,mini2,analytics_log,RAW_DEVICE_LOG_ARCHIVE,SiriSearchFeedback-[PHONE].ips
34f98aeac2eed001ee383e2f0abe5c184f3fb33c8209728ffcea4bf1fd738c0b,3,mini2,analytics_log,RAW_DEVICE_LOG_ARCHIVE,SiriSearchFeedback-[PHONE].ips
c862366cddd739e43af8e32dad0b299b3ac23f24dbf4967974bb2af6cc82acf4,3,mini2,analytics_log,RAW_DEVICE_LOG_ARCHIVE,SiriSearchFeedback-[PHONE].ips
e6ddeda45726dba842f9cbcb51cb24b6dd6da72d35b990339b69bd33dd3d0fcc,3,mini2,analytics_log,RAW_DEVICE_LOG_ARCHIVE,SiriSearchFeedback-[PHONE].ips
ab47a9aacaffd1f8423c260a684d100a39e53833e5a5f28d4382722ce9b5f37c,3,mini2,analytics_log,RAW_DEVICE_LOG_ARCHIVE,SiriSearchFeedback-[PHONE].ips
22ac03808465ff1deec40750157d5b1d4d4bf0e881a085a231f7deaa8e2198ce,3,mini2,analytics_log,RAW_DEVICE_LOG_ARCHIVE,SiriSearchFeedback-[PHONE].ips
8524a5ae519744905c2db3b72eed8c80dbdb2304ca463ba46e68f5d075986d05,3,mini2,analytics_log,RAW_DEVICE_LOG_ARCHIVE,stacks-[PHONE].ips
e4b6dcd98ebf4a2dd332238f73587d4c96aec674543bce5db12626c74051dae7,3,mini2,analytics_log,RAW_DEVICE_LOG_ARCHIVE,xp_amp_app_usage_dnu-[PHONE].ips
faebec4791987395234a50e88bd35b8fe36292383fd6f686689738dcf1d8b30b,3,mini2,analytics_log,RAW_DEVICE_LOG_ARCHIVE,xp_amp_app_usage_dnu-[PHONE].ips
748799f41bb0f950ed3a3f3e90bcab8dbec8d846facca53b714d13fb4e43af92,3,mini2,analytics_log,RAW_DEVICE_LOG_ARCHIVE,JetsamEvent-[PHONE].ips
601d9fb6ee65878d3a2c14309a0c196914e426956b65bd807b5d3c750e9a695f,3,mini2,analytics_log,RAW_DEVICE_LOG_ARCHIVE,proactive_event_tracker-com_apple_Trial-com_apple_triald-[PHONE].ips
6b04f13eb4d47cec643617b968b40c4f01fa86cd3a04d28383644ad4a5e12321,3,mini2,analytics_log,RAW_DEVICE_LOG_ARCHIVE,SFA-ckks.json-[PHONE].ips
d4570e61d79b6585d7f7c5aca3ce2bc77d7e5160f33bf5739bd2f76c278143ba,3,mini2,analytics_log,RAW_DEVICE_LOG_ARCHIVE,SFA-ckks.json-[PHONE].ips
5e5b7f4bda7bb04806d907a938e64f093ce5fd935386d16954e833bbd098c00e,3,mini2,analytics_log,RAW_DEVICE_LOG_ARCHIVE,SFA-ckks.json-[PHONE].ips
c44f09d4575e21d6e3024413b87dfcd5b71bcf25522a9ac66a185cd9003dccfd,3,mini2,analytics_log,RAW_DEVICE_LOG_ARCHIVE,SFA-CloudServices.json-[PHONE].ips
914143773dd1c61e5db33803ead8fe1050f63da63c592a5f39bd51b84e839316,3,mini2,analytics_log,RAW_DEVICE_LOG_ARCHIVE,SFA-CloudServices.json-[PHONE].ips
292cd6af179226f5bd52f8fd64aa5cf06f07363079ed8d3ff60f4ca0d0eaf88d,3,mini2,analytics_log,RAW_DEVICE_LOG_ARCHIVE,SFA-CloudServices.json-[PHONE].ips
d653768117e42da2a361b8dec86052fab9079800566df809dd1a6ff806867566,3,mini2,analytics_log,RAW_DEVICE_LOG_ARCHIVE,SFA-local.json-[PHONE].000.ips
c3fe18fdea1e99dc0a9b7b4ce413f3e432aed31aaad7ae8fc024b64b0d5d5ede,3,mini2,analytics_log,RAW_DEVICE_LOG_ARCHIVE,SFA-local.json-[PHONE].ips
242dfe6bd8a6626358ffedef739e7f4f0e99faa4fb47df2a52102a44ea88d492,3,mini2,analytics_log,RAW_DEVICE_LOG_ARCHIVE,SFA-local.json-[PHONE].000.ips
4c382595e59c4e93c59e6cc031f5b0412fa0abbcd18fb145ada7d7845a8eda1b,3,mini2,analytics_log,RAW_DEVICE_LOG_ARCHIVE,SFA-networking.json-[PHONE].ips
e7a353737ccb2113952dfff3c6c46eb8678182adfed4f012f73aa6fd6fcf3912,3,mini2,analytics_log,RAW_DEVICE_LOG_ARCHIVE,SFA-networking.json-[PHONE].ips
a8187639affc8b7df9c6986b9bedfa795a3a107497e4d8555c0c2c28c69cb251,3,mini2,analytics_log,RAW_DEVICE_LOG_ARCHIVE,SFA-networking.json-[PHONE].ips
cc531e2a91900e931b4903677bb7cf6b20ce062bc20108182d127ede9b6bafd7,3,mini2,analytics_log,RAW_DEVICE_LOG_ARCHIVE,SFA-pcs.json-[PHONE].ips
3c9408387e66eb55d011bf8c6b8891b63ca46b91159bac0ba49d64653409e93f,3,mini2,analytics_log,RAW_DEVICE_LOG_ARCHIVE,SFA-pcs.json-[PHONE].0002.ips
155150bb3c12f0be3a3aad43b5c6189199925bed1f7e92e93ed086718006f547,3,mini2,analytics_log,RAW_DEVICE_LOG_ARCHIVE,SFA-pcs.json-[PHONE].ips
fbe443ea747eed31f59d04889a7d78e87074da4cc2b4e060eab80522a3187002,3,mini2,analytics_log,RAW_DEVICE_LOG_ARCHIVE,SFA-sos.json-[PHONE].000.ips
f7efd3790ae851a54fa9a0ebae02baac02890dba3ceb6fc9089ce6d2c3779107,3,mini2,analytics_log,RAW_DEVICE_LOG_ARCHIVE,SFA-sos.json-[PHONE].000.ips
dcbb9053da9876cc8f822c0cd3ab323d8cd5007cae0ea9d6a0d865b50ad86f72,3,mini2,analytics_log,RAW_DEVICE_LOG_ARCHIVE,SFA-sos.json-[PHONE].000.ips
6af6d6a41443c02ec2aa846642295d439ef8c3cf8ecf3e4d503123b609b9438b,3,mini2,analytics_log,RAW_DEVICE_LOG_ARCHIVE,SiriSearchFeedback-[PHONE].ips
dce7e7598539c5e46c4401f3627ea4e1bf9c6f6a2ee28e00bc79e9dbdcb94f36,3,mini2,analytics_log,RAW_DEVICE_LOG_ARCHIVE,SiriSearchFeedback-[PHONE].ips
6179933fd77ba10b9fd80ec194cafd98f338ae94c08b70040fe2cbae8aa52312,3,mini2,analytics_log,RAW_DEVICE_LOG_ARCHIVE,SiriSearchFeedback-[PHONE].000.ips
d5781d3407445a26b13e375361144ecd7827b88c59e8d7b86ab7874863e8d1d0,3,mini2,analytics_log,RAW_DEVICE_LOG_ARCHIVE,SiriSearchFeedback-[PHONE].ips
19f4e17160b0794da836f48edf2718081624163c168d642253f058cbf359a119,3,mini2,analytics_log,RAW_DEVICE_LOG_ARCHIVE,SiriSearchFeedback-[PHONE].ips
b5262f00e75cd4ec58af8313f750292d525048cd59b11df78aec132a3f313dcc,3,mini2,analytics_log,RAW_DEVICE_LOG_ARCHIVE,SiriSearchFeedback-[PHONE].ips
dd8d9affcbe7a00a73f0a90f78b7357b1347d8c699c317020b40825794fdd687,3,mini2,analytics_log,RAW_DEVICE_LOG_ARCHIVE,SiriSearchFeedback-[PHONE].ips
31e1c4dca2b7c2bee2c4006e0715dc931831df30ecd1f4862e098f19c8248b66,3,mini2,analytics_log,RAW_DEVICE_LOG_ARCHIVE,SiriSearchFeedback-[PHONE].000.ips
9a6203751cbaddbf35784a63e4a5d72bb83311566bcd795c478e0df805fa199a,3,mini2,analytics_log,RAW_DEVICE_LOG_ARCHIVE,SiriSearchFeedback-[PHONE].ips
cf4ce0cada0e6de3e76a63c7a8693a46a9d60cd89fb62ab80e40157a1fc60fbb,3,mini2,analytics_log,RAW_DEVICE_LOG_ARCHIVE,SiriSearchFeedback-[PHONE].ips
ee2eb7d307f3ddfe7133ee8bb0045dcba7d7badb69a2a8a022eb60c8aa7fb8fe,3,mini2,analytics_log,RAW_DEVICE_LOG_ARCHIVE,SiriSearchFeedback-[PHONE].ips
2389a409a36cb875499536cf2b588e6083e1759f0fc441b548bcc86b38728c9f,3,mini2,analytics_log,RAW_DEVICE_LOG_ARCHIVE,SiriSearchFeedback-[PHONE].ips
00ff9262de89ca264746c9cc4c0f189bafe0e8632802ac381899a2127f285342,3,mini2,analytics_log,RAW_DEVICE_LOG_ARCHIVE,SiriSearchFeedback-[PHONE].ips
10231f2ff0c14108c32503489a2ebb5f7b5eee11f55b1918024889d7e4f784a7,3,mini2,analytics_log,RAW_DEVICE_LOG_ARCHIVE,SiriSearchFeedback-[PHONE].ips
0da29663da3141c8723b456b510c501c4510b2515cbb77e07c59c12246d22275,3,mini2,analytics_log,RAW_DEVICE_LOG_ARCHIVE,SiriSearchFeedback-[PHONE].ips
cfd2bf5e2d49f3e8978661951d85080e625416fdd2171ecceefa7013fb625288,3,mini2,analytics_log,RAW_DEVICE_LOG_ARCHIVE,stacks-[PHONE].ips
3b6f7a801d9ddba9487e3d0171a76102a9c2795dd9d85c421cff55a0d27cfa8b,3,mini2,analytics_log,RAW_DEVICE_LOG_ARCHIVE,stacks-[PHONE].ips
3a12571f75c0fe1cf01dc6dc1e2cd7606e2354669e89ac42f02eed74bee74f7a,3,mini2,analytics_log,RAW_DEVICE_LOG_ARCHIVE,xp_amp_app_usage_dnu-[PHONE].ips
71d3bc4f2d97164789f407f8a7045b4dd3502c9c9dfd5c29afe99324c7fe2fd9,3,mini2,analytics_log,RAW_DEVICE_LOG_ARCHIVE,xp_amp_app_usage_dnu-[PHONE].ips
f25acfb003ed1a056d83374f1ba2efc7dd3b84a88d58686227c0272198cb65b5,3,mini2,analytics_log,RAW_DEVICE_LOG_ARCHIVE,JetsamEvent-[PHONE].ips
96fa0d1141254e864448bdb841402672c16371e99cbe21b92c0aa53a3f6bdcd9,3,mini2,analytics_log,RAW_DEVICE_LOG_ARCHIVE,MobileNotes.cpu_resource-[PHONE].ips
6110c7bed8716cffb1851743ad0b83af71ec2a236e5534db1afbeb0caa3e38c3,3,mini2,analytics_log,RAW_DEVICE_LOG_ARCHIVE,proactive_event_tracker-com_apple_Trial-com_apple_triald-[PHONE].ips
98a26c42fd9161db9d4640dce1381bba6a2e82a83e66c8f8eb7695ec2123e0c0,3,mini2,analytics_log,RAW_DEVICE_LOG_ARCHIVE,SFA-ckks.json-[PHONE].ips
10dc6b90378578777e27d15e86e89f7470bec7aeb2a81249a12fbc39f6d61ac7,3,mini2,analytics_log,RAW_DEVICE_LOG_ARCHIVE,SFA-ckks.json-[PHONE].ips
da64655a30fff9b907eb919dc9356018d083fe93e850de7f4948a8e30cf92195,3,mini2,analytics_log,RAW_DEVICE_LOG_ARCHIVE,SFA-CloudServices.json-[PHONE].ips
162fb675d26d10c5b903b206026df1cf1332bf89ecfed6fa3927f058e8a0201a,3,mini2,analytics_log,RAW_DEVICE_LOG_ARCHIVE,SFA-CloudServices.json-[PHONE].ips
043db839d8cec27200bb90349e28dd920fab92b11a90e28915b72bf6289258e7,3,mini2,analytics_log,RAW_DEVICE_LOG_ARCHIVE,SFA-local.json-[PHONE].ips
551323bec06ab288be0870f15fa0ebddef01dda05c6786f6b0420de5fb687a22,3,mini2,analytics_log,RAW_DEVICE_LOG_ARCHIVE,SFA-local.json-[PHONE].ips
3aaf09b15dab97580e5debb162be004f91e9e136ae9db6c9678edac67aeea1ab,3,mini2,analytics_log,RAW_DEVICE_LOG_ARCHIVE,SFA-networking.json-[PHONE].ips
5acbb3e955b01534b6829c3308fd5a560054f0512a0c4b135b330ac6c1563493,3,mini2,analytics_log,RAW_DEVICE_LOG_ARCHIVE,SFA-networking.json-[PHONE].ips
753d459fbe527d1795c5ba5fe2c25b503bf816f5a69dcfb0e7cfbef80e873c60,3,mini2,analytics_log,RAW_DEVICE_LOG_ARCHIVE,SFA-pcs.json-[PHONE].0002.ips
4c9b766ba5aaefa6550391379d1961859f8389f9c4642c37ee816846682716c3,3,mini2,analytics_log,RAW_DEVICE_LOG_ARCHIVE,SFA-pcs.json-[PHONE].0002.ips
e0b501fc268202777f4645ee70fb85d59f03567af359aeff5c4fc2c0cd1c1c3c,3,mini2,analytics_log,RAW_DEVICE_LOG_ARCHIVE,SFA-sos.json-[PHONE].000.ips
4de6f27b13feb7ba6d5e9c5296a1e4719718c9f4a6bc273669ab0b35feaf066f,3,mini2,analytics_log,RAW_DEVICE_LOG_ARCHIVE,SFA-sos.json-[PHONE].000.ips
f74a77015ed6b790e7c395b51aa7dfef630a2a0d68f31b79e692603a24fd7d3c,3,mini2,analytics_log,RAW_DEVICE_LOG_ARCHIVE,SiriSearchFeedback-[PHONE].000.ips
1a55abf43663d6ad7c5f85e19b4fef777b3b7392cf62c38c0f1d3544fe730b48,3,mini2,analytics_log,RAW_DEVICE_LOG_ARCHIVE,SiriSearchFeedback-[PHONE].ips
41024aa140c05caf1cfe74924f6caca12344eac5e9d0da2878199b8fe67657ca,3,mini2,analytics_log,RAW_DEVICE_LOG_ARCHIVE,SiriSearchFeedback-[PHONE].ips
09dc7d79e336ca6c78322cd0c3e77db70c5d7bde01cd68de8cff9decbadf4b93,3,mini2,analytics_log,RAW_DEVICE_LOG_ARCHIVE,SiriSearchFeedback-[PHONE].ips
88f2c65f2e9770bb707f0fc59714233cb61836ca71e7b45b68bca3685e50aaca,3,mini2,analytics_log,RAW_DEVICE_LOG_ARCHIVE,SiriSearchFeedback-[PHONE].000.ips
7ae89d88e49afb4c6a77611f83c7586e2a3753450d334b70fcfd1cdfbfa07e27,3,mini2,analytics_log,RAW_DEVICE_LOG_ARCHIVE,SiriSearchFeedback-[PHONE].ips
402702445650f45555279b3b54e048de5a902e08613046907fd35de469904a34,3,mini2,analytics_log,RAW_DEVICE_LOG_ARCHIVE,SiriSearchFeedback-[PHONE].ips
dc82a54e1ced6714dd58554aec2f262654578e5000686e80a83a6b64199e4241,3,mini2,analytics_log,RAW_DEVICE_LOG_ARCHIVE,SiriSearchFeedback-[PHONE].ips
5fd86564a242e502c7c6e8f7987cc68c96b1dfb25f10deac7bcd98708a9ab25a,3,mini2,analytics_log,RAW_DEVICE_LOG_ARCHIVE,SiriSearchFeedback-[PHONE].ips
6297d48ddc1f54285423b96784e508805d97a6028bbc9fbfea255bb78a0d06d1,3,mini2,analytics_log,RAW_DEVICE_LOG_ARCHIVE,SiriSearchFeedback-[PHONE].ips
6b28d5e63c82a7abd46c6bdb82531f5a4fc9c5654dd25c5e444cc6f11b3e7224,3,mini2,analytics_log,RAW_DEVICE_LOG_ARCHIVE,SiriSearchFeedback-[PHONE].000.ips
a0b7342c42ac9c161fac29577471dd9295a6bb0b6c461c6ef588d0c78cb5a5c8,3,mini2,analytics_log,RAW_DEVICE_LOG_ARCHIVE,SiriSearchFeedback-[PHONE].ips
70b000990c23fe7e70ee6f11aaf6f0768b0f4bf8d2050bc2738d103d3a75987b,3,mini2,analytics_log,RAW_DEVICE_LOG_ARCHIVE,SiriSearchFeedback-[PHONE].ips
f49c234358d31dcd962def326f3f42359c43532098e74c9e0ceb2f551cd21bd1,3,mini2,analytics_log,RAW_DEVICE_LOG_ARCHIVE,SiriSearchFeedback-[PHONE].ips
4164bc1b73af6092c9fd8106935e588aff7e183b85cf926f36f66b9fc08c9f4f,3,mini2,analytics_log,RAW_DEVICE_LOG_ARCHIVE,SiriSearchFeedback-[PHONE].ips
dea1ea9f2d690427eeb1e6cad7d7a30ba332f3310f71c91c6415c372899ec1b8,3,mini2,analytics_log,RAW_DEVICE_LOG_ARCHIVE,SiriSearchFeedback-[PHONE].ips
a243e240b7756f62ed182dd21aa7dbaf5ce232c5e87466aec1e7edfe7aa99f6c,3,mini2,analytics_log,RAW_DEVICE_LOG_ARCHIVE,xp_amp_app_usage_dnu-[PHONE].ips
3187189befd7236e7fa1c4fccdb664129d731bb14c179c0187a950a8accd7127,3,mini2,analytics_log,RAW_DEVICE_LOG_ARCHIVE,xp_amp_app_usage_dnu-[PHONE].ips
5c599a259960ab40e991c84f1f78df0323c7c48dcf3057b2216f8326de09df72,3,mini2,analytics_log,RAW_DEVICE_LOG_ARCHIVE,JetsamEvent-[PHONE].ips
70977db501391a0ae31c6037cb0b1ac7d29c753c4884ba0ab2232e0fce05ccb3,3,mini2,analytics_log,RAW_DEVICE_LOG_ARCHIVE,Preferences-[PHONE].ips
3e330157a6a8acf6e511d7676e8690af06e0cf1b1f4c4870159456422660cc9b,3,mini2,analytics_log,RAW_DEVICE_LOG_ARCHIVE,proactive_event_tracker-com_apple_Trial-com_apple_triald-[PHONE].ips
965d7a05cf1a0aeff4279fe9a38373dddc532fef09eb4cb094fc5d19541952f6,3,mini2,analytics_log,RAW_DEVICE_LOG_ARCHIVE,SFA-ckks.json-[PHONE].ips
77a000d536310ea5d5e4dfae6077ec24855126c8f07665ed9d7af839397927d0,3,mini2,analytics_log,RAW_DEVICE_LOG_ARCHIVE,SFA-CloudServices.json-[PHONE].ips
7957534460bae37cdb7f4cc09cd507c4377defa380af18bfc54d65c951abac43,3,mini2,analytics_log,RAW_DEVICE_LOG_ARCHIVE,SFA-local.json-[PHONE].0003.ips
09e8521311f5c67c57032c2090a139add9d6b1f7c8f89aa1b7c29484bb737ca1,3,mini2,analytics_log,RAW_DEVICE_LOG_ARCHIVE,SFA-networking.json-[PHONE].ips
0363255ef12f30cb30786b4c20b8a77d6e4f6533f00401a857a3808251d8c48a,3,mini2,analytics_log,RAW_DEVICE_LOG_ARCHIVE,SFA-pcs.json-[PHONE].0002.ips
e5117278cf0602b054b6224f98146d13851f454e58663d55e65fdaf6462cc1c0,3,mini2,analytics_log,RAW_DEVICE_LOG_ARCHIVE,SFA-sos.json-[PHONE].000.ips
0c68515308c348af876c83b345343676330532f6024210348e899ce1754e81c7,3,mini2,analytics_log,RAW_DEVICE_LOG_ARCHIVE,SiriSearchFeedback-[PHONE].ips
012125324671166d384093dfb011706e44ca625f9c288ad457595f3af968be0b,3,mini2,analytics_log,RAW_DEVICE_LOG_ARCHIVE,SiriSearchFeedback-[PHONE].ips
16e5be799d939bbefc2744d85d0f57c2e5e59a3566f2853b87f3f3514c7d8197,3,mini2,analytics_log,RAW_DEVICE_LOG_ARCHIVE,SiriSearchFeedback-[PHONE].ips
d75a4d69e1ffeac8236e2cd8b56747eb6e3e63d455650036ca000360bd966040,3,mini2,analytics_log,RAW_DEVICE_LOG_ARCHIVE,SiriSearchFeedback-[PHONE].ips
c5533f7b7c8c70e6825a722e377eaaa5c08c9f215a5916d1ae6c887605785044,3,mini2,analytics_log,RAW_DEVICE_LOG_ARCHIVE,SiriSearchFeedback-[PHONE].ips
dd245080e348ec42f25587d577fc2d511bfc0c92bf8c287d75756e6572870085,3,mini2,analytics_log,RAW_DEVICE_LOG_ARCHIVE,SiriSearchFeedback-[PHONE].ips
445fea3ad10d43dfdd8262593add7f8a76597984ffa504f70417aa4c547f4206,3,mini2,analytics_log,RAW_DEVICE_LOG_ARCHIVE,SiriSearchFeedback-[PHONE].000.ips
75e5f8f379053d7000d1bcfaa60ef5f73adb786e37ab634e369b26d7c228bf0d,3,mini2,analytics_log,RAW_DEVICE_LOG_ARCHIVE,SiriSearchFeedback-[PHONE].ips
58ede9858f63d232cd9bbc2f27117cd4cac94c601976f3d0e2179cdc0d89b0fd,3,mini2,analytics_log,RAW_DEVICE_LOG_ARCHIVE,SiriSearchFeedback-[PHONE].000.ips
55124b5c7919e525c3b1c2d7738ca062430bdf4a9ab86b9c63137c629215166d,3,mini2,analytics_log,RAW_DEVICE_LOG_ARCHIVE,SiriSearchFeedback-[PHONE].ips
ea01f43067622e507a96cfe8346328863f6f03bccefccae0f32881a2d525a034,3,mini2,analytics_log,RAW_DEVICE_LOG_ARCHIVE,SiriSearchFeedback-[PHONE].ips
00349dfa23755e1500f442e72bb77c822632869249960db042aa4dcbc6df3ada,3,mini2,analytics_log,RAW_DEVICE_LOG_ARCHIVE,SiriSearchFeedback-[PHONE].ips
4fbda3eafec10e6296c61660c49c7fc1741e7576bb9a4c523cbcf2c420f7372a,3,mini2,analytics_log,RAW_DEVICE_LOG_ARCHIVE,SiriSearchFeedback-[PHONE].ips
8a17cf7fba723c51460ba74dc990b862abcbe63985c7b0c236b679bd761b8588,3,mini2,analytics_log,RAW_DEVICE_LOG_ARCHIVE,SiriSearchFeedback-[PHONE].ips
e428bafb4641ac33da33aaab5c299f3a5b98a3ed8c857d7aff680e715d3a44ef,3,mini2,analytics_log,RAW_DEVICE_LOG_ARCHIVE,SiriSearchFeedback-[PHONE].ips
ec620afbba33cab8abdd9170f151f0207749d0727efbe2e02ba8e2ba1392f864,3,mini2,analytics_log,RAW_DEVICE_LOG_ARCHIVE,SiriSearchFeedback-[PHONE].ips
2cb325e596427be364487cd31a72ea3d264d66094664cc27d59fb6fc5bba7c9e,3,mini2,analytics_log,RAW_DEVICE_LOG_ARCHIVE,xp_amp_app_usage_dnu-[PHONE].ips
56c623b5f8d84c4f4120f6b6d4fed535c9ee1ebda661e453794590557b2d91b2,3,mini2,analytics_log,RAW_DEVICE_LOG_ARCHIVE,xp_amp_app_usage_dnu-[PHONE].ips
b27b606a81b7bd6c5adfb2d290f4a4d38bce97d25b1d6df40c53d211124d70b1,3,mini2,analytics_log,RAW_DEVICE_LOG_ARCHIVE,JetsamEvent-[PHONE].ips
3a99ca62ff8ab339e556887b52b152fa2d9d0f93963f5ddf81450023e550e478,3,mini2,analytics_log,RAW_DEVICE_LOG_ARCHIVE,proactive_event_tracker-com_apple_Trial-com_apple_triald-[PHONE].ips
1fa464a1cc3a5eadc9972f8ff2079eb9b7dabe3d7878fa6faaba5079f2b99442,3,mini2,analytics_log,RAW_DEVICE_LOG_ARCHIVE,SFA-ckks.json-[PHONE].ips
77682ae23c32e6634881218683ca2bb91ed260c4de5564d0af899ae62acdde0a,3,mini2,analytics_log,RAW_DEVICE_LOG_ARCHIVE,SFA-ckks.json-[PHONE].ips
e00ccd82075d4635bb1d9366588f658fccac8bfce8072054dd2d1e8cbf9143be,3,mini2,analytics_log,RAW_DEVICE_LOG_ARCHIVE,SFA-CloudServices.json-[PHONE].ips
b8a1e86f5009e871d6b324e4fcdc55fc9b9dac9a453bffbb250e2d6ada04b367,3,mini2,analytics_log,RAW_DEVICE_LOG_ARCHIVE,SFA-CloudServices.json-[PHONE].ips
8460b7b47abd50c7bf75f5e441067335a8b34e201a811496bbb1cfea7c44ac89,3,mini2,analytics_log,RAW_DEVICE_LOG_ARCHIVE,SFA-local.json-[PHONE].ips
2496c3c597d0c4fefd9178d9575b3bce9ff93a1dee8ccf56d4d6afcf476b2829,3,mini2,analytics_log,RAW_DEVICE_LOG_ARCHIVE,SFA-local.json-[PHONE].0003.ips
c12a6b69c53021467a50cf8f1cedc6b619ec0c41a6c82e0576ddb01684ac0549,3,mini2,analytics_log,RAW_DEVICE_LOG_ARCHIVE,SFA-networking.json-[PHONE].ips
194cdcbc1e6185183f4e61a95160d85c1534e1a9d210c879a2d3f08c97e557fd,3,mini2,analytics_log,RAW_DEVICE_LOG_ARCHIVE,SFA-networking.json-[PHONE].ips
83085f4749cde8f0661157992a1bf5afc333a81aa32397f4a3519fb4b19601cc,3,mini2,analytics_log,RAW_DEVICE_LOG_ARCHIVE,SFA-pcs.json-[PHONE].0002.ips
3faf5141303b6b8e3bf54a4adfc2324f9c7a25853aba0c2edf3373d0e4344017,3,mini2,analytics_log,RAW_DEVICE_LOG_ARCHIVE,SFA-pcs.json-[PHONE].0002.ips
6ef3669396b6954ab99e06a4777ee36c116f94189da242fb11ff1950245f9f41,3,mini2,analytics_log,RAW_DEVICE_LOG_ARCHIVE,SFA-sos.json-[PHONE].000.ips
8170168943ee6c2f91100f0d6d69fd51fa0fee64c6094499921ecc2047f0e9a6,3,mini2,analytics_log,RAW_DEVICE_LOG_ARCHIVE,SFA-sos.json-[PHONE].000.ips
0ba71f2e1a1e577dfa8fcaf9d5ac9d9752a9e25de88d9c3e4da6c4f29951b0f4,3,mini2,analytics_log,RAW_DEVICE_LOG_ARCHIVE,SiriSearchFeedback-[PHONE].ips
8767432874f310a3305dba9284cc81d26b44194819214b61660956f203951d32,3,mini2,analytics_log,RAW_DEVICE_LOG_ARCHIVE,SiriSearchFeedback-[PHONE].ips
def4b6212469ea1cad7996fa89c9ca701ffbf4511e2b1a6326e48657fd9b887d,3,mini2,analytics_log,RAW_DEVICE_LOG_ARCHIVE,SiriSearchFeedback-[PHONE].ips
d7c417b7caa338ce81f8390e3ce6441790b33232eb78935e17bd76a5a6148541,3,mini2,analytics_log,RAW_DEVICE_LOG_ARCHIVE,SiriSearchFeedback-[PHONE].ips
ac38288230f0c2713a43e287193f0987fb6594ce3b368862efb5c6de31ea109d,3,mini2,analytics_log,RAW_DEVICE_LOG_ARCHIVE,SiriSearchFeedback-[PHONE].ips
3420fed2f22b933afdff26dba25abe3d939adfa1da5a6cb4b581bc7fde60d4c5,3,mini2,analytics_log,RAW_DEVICE_LOG_ARCHIVE,SiriSearchFeedback-[PHONE].ips
cea4d622b2d014b0b73b054d944bbd04c864c2fa25bb31ab07bba957d5cc8b41,3,mini2,analytics_log,RAW_DEVICE_LOG_ARCHIVE,SiriSearchFeedback-[PHONE].ips
44d3f5c8ef677c69ba625e71e977e0d722d426382ad21ab569e66d8d10539fbe,3,mini2,analytics_log,RAW_DEVICE_LOG_ARCHIVE,SiriSearchFeedback-[PHONE].ips
6626d3b621b3f3d1c259b82599189ca14c07cc180d95c9953e911a713d2dbb09,3,mini2,analytics_log,RAW_DEVICE_LOG_ARCHIVE,SiriSearchFeedback-[PHONE].ips
1ac3548eaced11db205fb32a47e8fb269c9fe81bd4339acd6d47c41b2669e171,3,mini2,analytics_log,RAW_DEVICE_LOG_ARCHIVE,SiriSearchFeedback-[PHONE].ips
06dd781e7d74ebd7223f6bc4ba64ca61973b4a875fa129d91b787d3ad7e444a8,3,mini2,analytics_log,RAW_DEVICE_LOG_ARCHIVE,SiriSearchFeedback-[PHONE].ips
614d749de7472ad66c54f4463bef33cc5e309a639f6c4e73ac9b74106b7e4ed7,3,mini2,analytics_log,RAW_DEVICE_LOG_ARCHIVE,SiriSearchFeedback-[PHONE].000.ips
497edfb55e81dd31aacadbd72b92e7cd60ec0147a54ccc0c48146a368629478d,3,mini2,analytics_log,RAW_DEVICE_LOG_ARCHIVE,SiriSearchFeedback-[PHONE].ips
9c7de99041db25722816c6f2fdd7b1f60ad30e3a2483a66fdf9c5f5d76043481,3,mini2,analytics_log,RAW_DEVICE_LOG_ARCHIVE,SiriSearchFeedback-[PHONE].ips
57529710228e703301ddba0397524ca795afc6309a8174a551761e5fc216a4a8,3,mini2,analytics_log,RAW_DEVICE_LOG_ARCHIVE,SiriSearchFeedback-[PHONE].ips
d29f8e8ca03114ddc94958825eb44b836b5a93c12f71412959a82f25f073136e,3,mini2,analytics_log,RAW_DEVICE_LOG_ARCHIVE,SiriSearchFeedback-[PHONE].ips
43091918b8943c1f6c2e3d11c7c1e5b713a1d52a4e78dd2d0d4afb184dd21eb8,3,mini2,analytics_log,RAW_DEVICE_LOG_ARCHIVE,SiriSearchFeedback-[PHONE].ips
15f85edcc7de644daffe2e2572a677b8c5149bc69b2b27a7dc85049a6596bb7e,3,mini2,analytics_log,RAW_DEVICE_LOG_ARCHIVE,SiriSearchFeedback-[PHONE].000.ips
35fde2909b9e7434b5a98dcd39678774ef680da56df4be843bbab256cbf19d17,3,mini2,analytics_log,RAW_DEVICE_LOG_ARCHIVE,SiriSearchFeedback-[PHONE].ips
0c7527e78cef3d422ce5cbe306fdf2cf83ef895254f7c97e99f74c0e95d3d439,3,mini2,analytics_log,RAW_DEVICE_LOG_ARCHIVE,SiriSearchFeedback-[PHONE].ips
08d428eb43c1fd7b3e82b5cdf750707e421ed17e63f441e5bcebae33ec0e3b31,3,mini2,analytics_log,RAW_DEVICE_LOG_ARCHIVE,SiriSearchFeedback-[PHONE].ips
3f065bd5caf0c70944331d1b7e67b497097ea482f2aa5aaea256cd5b1ac12fcb,3,mini2,analytics_log,RAW_DEVICE_LOG_ARCHIVE,SiriSearchFeedback-[PHONE].ips
9530434a8550fda71f0cdac1d486d66621ea95aa062c7f34d184b3a273b3f68e,3,mini2,analytics_log,RAW_DEVICE_LOG_ARCHIVE,SiriSearchFeedback-[PHONE].ips
1663686a7b6db63bd52596d6b53b85d95b5bd3150462ee68943312f1b42822dd,3,mini2,analytics_log,RAW_DEVICE_LOG_ARCHIVE,stacks-[PHONE].ips
1a749e6dfd06d95ee3de0589364f6946bf946e556f4d519ac8dfaf342617c527,3,mini2,analytics_log,RAW_DEVICE_LOG_ARCHIVE,stacks-[PHONE].ips
9f4d45cf66039dda5a799bd1322b10a211665edfaab1b57290bcb906ac08b44f,3,mini2,analytics_log,RAW_DEVICE_LOG_ARCHIVE,stacks-[PHONE].ips
c0aa3a3b27374cbb140b3154aa143ca778d5e6b23781e51223cdf8530690ba8d,3,mini2,analytics_log,RAW_DEVICE_LOG_ARCHIVE,stacks-[PHONE].ips
46368af036b422f273f770ff565b9c23eda0342ee7ce9035a6a4519e899cd6f5,3,mini2,analytics_log,RAW_DEVICE_LOG_ARCHIVE,xp_amp_app_usage_dnu-[PHONE].ips
930e973aa454ea277d0cc1aff372e44b1a0f8613eb74395d6d2c01817f6fd5fc,3,mini2,analytics_log,RAW_DEVICE_LOG_ARCHIVE,xp_amp_app_usage_dnu-[PHONE].ips
097fea9d54ab9a375fb32c40fe4fdbef060c61514280b43ba218be83b8d182b7,3,mini2,analytics_log,RAW_DEVICE_LOG_ARCHIVE,JetsamEvent-[PHONE].ips
c0dff70820e4cd061a6966470f8c50beed5468e5616ef27f39012a55b9f884b4,3,mini2,analytics_log,RAW_DEVICE_LOG_ARCHIVE,ospredictiond.cpu_resource-[PHONE].ips
1aa499b34257eecee4cbb702921b1f412c68fd43ea1441781ac88c483b347d58,3,mini2,analytics_log,RAW_DEVICE_LOG_ARCHIVE,proactive_event_tracker-com_apple_Trial-com_apple_triald-[PHONE].ips
264b43184487e5a8a67b4b64b1786dadfe230bbda68526e8b593fdf0e4666964,3,mini2,analytics_log,RAW_DEVICE_LOG_ARCHIVE,SFA-ckks.json-[PHONE].ips
ea671012cdddf4c3d27300dd51a3ae4b7713cc4e9c2ddabcd2ab0e098647bb5f,3,mini2,analytics_log,RAW_DEVICE_LOG_ARCHIVE,SFA-CloudServices.json-[PHONE].ips
61115403e34c3ac0b2ee86d1645e240d4ff8aeca6a7cfb006ba0b39b7da0211b,3,mini2,analytics_log,RAW_DEVICE_LOG_ARCHIVE,SFA-local.json-[PHONE].ips
33ec457f4c6b31ee7be2b7c7815880e98722f17ebe5d66d48b376103580a0d7d,3,mini2,analytics_log,RAW_DEVICE_LOG_ARCHIVE,SFA-networking.json-[PHONE].000.ips
b36c5739987358ec89d781eab67f1ca9220db7379db3f652d554009352e1f304,3,mini2,analytics_log,RAW_DEVICE_LOG_ARCHIVE,SFA-pcs.json-[PHONE].0002.ips
61cb3dbdd33ee7f2529aa0d5f383068857b98cb5061f57938fb6c166abb16aa7,3,mini2,analytics_log,RAW_DEVICE_LOG_ARCHIVE,SFA-sos.json-[PHONE].000.ips
f7d34ed938f5b53c50e21ff8a0d8d442f30ba2134d9a90cc2567c29d88e8d15a,3,mini2,analytics_log,RAW_DEVICE_LOG_ARCHIVE,SiriSearchFeedback-[PHONE].ips
57b35f6be36c036326f9aef3dc0e5853f1dcee75ea0f59b5ecd417e958ae3e64,3,mini2,analytics_log,RAW_DEVICE_LOG_ARCHIVE,SiriSearchFeedback-[PHONE].ips
a4728b1e4016a4bace77360fb54c33bf0d584b53d37cb3a04c89224f9a0e1716,3,mini2,analytics_log,RAW_DEVICE_LOG_ARCHIVE,SiriSearchFeedback-[PHONE].ips
1d219656ba45b7037fcac701d6a28e093c343ad238978f4aa9c3232ee710f3c7,3,mini2,analytics_log,RAW_DEVICE_LOG_ARCHIVE,SiriSearchFeedback-[PHONE].ips
572134254e43776dcd190f3c93e50c870543db6eb7f9cf44e9dcd128f731e2e7,3,mini2,analytics_log,RAW_DEVICE_LOG_ARCHIVE,SiriSearchFeedback-[PHONE].ips
37d718ec32111109eb3b285a19e58e1de40473861c5610bc712ac85f171773e1,3,mini2,analytics_log,RAW_DEVICE_LOG_ARCHIVE,SiriSearchFeedback-[PHONE].000.ips
92d974dd5549f2ed4d25ed3a01d1b68ca93f3ce8f08505613d02524356119dde,3,mini2,analytics_log,RAW_DEVICE_LOG_ARCHIVE,SiriSearchFeedback-[PHONE].ips
1ca00facc16b9c358457608a1ed8a7ad833445ff2dad6366a8555d6bcb07a90e,3,mini2,analytics_log,RAW_DEVICE_LOG_ARCHIVE,SiriSearchFeedback-[PHONE].ips
980b3f56fcb43de5a90b8125e828758f20fd6d5be5433d43918657c61c55b8d4,3,mini2,analytics_log,RAW_DEVICE_LOG_ARCHIVE,SiriSearchFeedback-[PHONE].ips
5a4c530770a13ace90ce0fafc1289e5aeca30efb405d82160d90b568083f8a51,3,mini2,analytics_log,RAW_DEVICE_LOG_ARCHIVE,SiriSearchFeedback-[PHONE].ips
574985787b6bfa8925e92f85c8101914d32ce1994888127524e85a2f34aa1046,3,mini2,analytics_log,RAW_DEVICE_LOG_ARCHIVE,SiriSearchFeedback-[PHONE].ips
c2eae6e39d30ed0a6a57c8f8e1761049ed140ca91c117262d87e4a76129db2fb,3,mini2,analytics_log,RAW_DEVICE_LOG_ARCHIVE,SiriSearchFeedback-[PHONE].ips
245effa970a96b886d8fdef3afbdafc1d016e862f476eb214541585f95609518,3,mini2,analytics_log,RAW_DEVICE_LOG_ARCHIVE,SiriSearchFeedback-[PHONE].ips
836ed2eb23bffdf9b945f7bea4ff19dc0b252f4f830e8f6605beb8f6ca90931e,3,mini2,analytics_log,RAW_DEVICE_LOG_ARCHIVE,SiriSearchFeedback-[PHONE].000.ips
bc8a1e774f619b2729d888e85ada5bb35aaf694c953a415f2f80284e7ae1e4e1,3,mini2,analytics_log,RAW_DEVICE_LOG_ARCHIVE,SiriSearchFeedback-[PHONE].ips
4b88bb34bde28c9e637ee61510653300a7222f79bd9a279f39c5fa5de9a05afa,3,mini2,analytics_log,RAW_DEVICE_LOG_ARCHIVE,SiriSearchFeedback-[PHONE].ips
b040ad6b7aada46c1e352907e94b83709996b7f89d14f36b018fd369edea94f8,3,mini2,analytics_log,RAW_DEVICE_LOG_ARCHIVE,SiriSearchFeedback-[PHONE].ips
c798dab84baaa3e2dad74f758e06d332e85f94ca43a32540f166573ccd4ad0cc,3,mini2,analytics_log,RAW_DEVICE_LOG_ARCHIVE,SiriSearchFeedback-[PHONE].ips
99bfe8ddd746b31b933abb01579622c7df02b406f2db62c1562629d7ea11f6c7,3,mini2,analytics_log,RAW_DEVICE_LOG_ARCHIVE,SiriSearchFeedback-[PHONE].ips
0e50ced173caef434462f0f9d1d4d69c07cdb20e3afce9acad2c6d98f242208f,3,mini2,analytics_log,RAW_DEVICE_LOG_ARCHIVE,SiriSearchFeedback-[PHONE].ips
ef366d9eb4e2190fc5b9e0229a3100c6332e04920e131356b1513dd9881e62af,3,mini2,analytics_log,RAW_DEVICE_LOG_ARCHIVE,xp_amp_app_usage_dnu-[PHONE].ips
215a004f1fa58dfabf27abef56fa0836eb9a10da6cbccfe9f14b3770eb5dfaf3,3,mini2,analytics_log,RAW_DEVICE_LOG_ARCHIVE,xp_amp_app_usage_dnu-[PHONE].ips
2e2faa158523ec645c4008072dea88bdc0982731fdaf5478f860b62b107032f0,3,mini2,analytics_log,RAW_DEVICE_LOG_ARCHIVE,JetsamEvent-[PHONE].ips
ff27e816c4227cf3c83ba61398f4e21a90109dd98133279f931d94a5fd9f232c,3,mini2,analytics_log,RAW_DEVICE_LOG_ARCHIVE,JetsamEvent-[PHONE].ips
a815fd286bccbd9288f840479c3756b187b4f688dbe2f3f78d91e6896d820b85,3,mini2,analytics_log,RAW_DEVICE_LOG_ARCHIVE,proactive_event_tracker-com_apple_Trial-com_apple_triald-[PHONE].ips
c53c73539de15e11835a8e0e6f19aa782b20635649b5d947a45453ce39fbaba0,3,mini2,rtcr|text_log,RAW_DEVICE_LOG_ARCHIVE,RTCReporting_messageLog_2025-[PHONE] (2).txt || RTCReporting_messageLog_2025-[PHONE].txt || テキスト (10).txt
667081df5b78e2981110797a55e06e810c6f1d03583d1d5901f8baaac0ff1adb,3,mini2,analytics_log,RAW_DEVICE_LOG_ARCHIVE,SFA-ckks.json-[PHONE].ips
abc69d82d298276e7e11721a4eb205c101ec81c306467feefaa37ddcfdd38856,3,mini2,analytics_log,RAW_DEVICE_LOG_ARCHIVE,SFA-ckks.json-[PHONE].ips
76282da41966503ec067f9e4cb67589479a44607026e83abc10a44855068d2d1,3,mini2,analytics_log,RAW_DEVICE_LOG_ARCHIVE,SFA-CloudServices.json-[PHONE].ips
e9e93f8ec0355a8b12cd3f51da2028e780779283fa4d70332b529c9d63e4e78e,3,mini2,analytics_log,RAW_DEVICE_LOG_ARCHIVE,SFA-CloudServices.json-[PHONE].ips
6e35da2a99bf4007cc873efd4ce5904536d3ea176666666a8ea0401fbe43c2dd,3,mini2,analytics_log,RAW_DEVICE_LOG_ARCHIVE,SFA-local.json-[PHONE].0003.ips
e8fdfff44d25b36abfbdbb958b6312375441b10e22fac590b44a96c410c3639f,3,mini2,analytics_log,RAW_DEVICE_LOG_ARCHIVE,SFA-local.json-[PHONE].0003.ips
aea4631324330521060665d35af9dc6681936ab3ca6156781e685cad9b62f4d1,3,mini2,analytics_log,RAW_DEVICE_LOG_ARCHIVE,SFA-networking.json-[PHONE].ips
a285a5cc6ce2b0fd0055344caaf6fe321b8961052ec4edbc47aa019d4ad992b0,3,mini2,analytics_log,RAW_DEVICE_LOG_ARCHIVE,SFA-networking.json-[PHONE].ips
7989c6c122fc5833ab4d5502bde7bde0b7e2865f97d8c167a1de64b0e2be8234,3,mini2,analytics_log,RAW_DEVICE_LOG_ARCHIVE,SFA-pcs.json-[PHONE].0002.ips
79d17ebefbdc72b5a8d329ef368ced29be50ed6b7145c02410992c6331854400,3,mini2,analytics_log,RAW_DEVICE_LOG_ARCHIVE,SFA-pcs.json-[PHONE].0002.ips
93178688e6d4ece87d4a00a62c32df9615a530bb597a57f671a4e6e332babfca,3,mini2,analytics_log,RAW_DEVICE_LOG_ARCHIVE,SFA-sos.json-[PHONE].000.ips
394ee3a73057bcca371a590b486122b045daac61543d7c51e6ec34cc79629133,3,mini2,analytics_log,RAW_DEVICE_LOG_ARCHIVE,SFA-sos.json-[PHONE].000.ips
5f35d93795283b89855672ea982fe50dfa25e2c13cde84a718af5d332e654b8c,3,mini2,analytics_log,RAW_DEVICE_LOG_ARCHIVE,SiriSearchFeedback-[PHONE].ips
e621d52d21b75a734cd3af23357c141617d3a4fe231925346dce0597f6d4b790,3,mini2,analytics_log,RAW_DEVICE_LOG_ARCHIVE,SiriSearchFeedback-[PHONE].ips
4b7e5b7a075bba1380354bc3ed7c01042021f3944523d60daafbca4e68dd5891,3,mini2,analytics_log,RAW_DEVICE_LOG_ARCHIVE,SiriSearchFeedback-[PHONE].ips
deebd316798e90cfe8b4d5af4d4726fa1b77dc08162446e370a66a09a87faa9a,3,mini2,analytics_log,RAW_DEVICE_LOG_ARCHIVE,SiriSearchFeedback-[PHONE].ips
6bb3211bdb8c23d1bb94a128d52233634024782ebe5b00a8a7330954843c3968,3,mini2,analytics_log,RAW_DEVICE_LOG_ARCHIVE,SiriSearchFeedback-[PHONE].ips
9bd399f484fa32c9820bf0c64c451040ff4f5d8d510b42bef6e770a877696aa4,3,mini2,analytics_log,RAW_DEVICE_LOG_ARCHIVE,SiriSearchFeedback-[PHONE].ips
c97fa94cc7a38cf2f47ae700b9eba7fef9d05bd5ffcb8da6aecefadc777cd7de,3,mini2,analytics_log,RAW_DEVICE_LOG_ARCHIVE,SiriSearchFeedback-[PHONE].ips
7ec602d992a615c67d3050bd6c6aca6acf011738ab3e2dbaa351170988360319,3,mini2,analytics_log,RAW_DEVICE_LOG_ARCHIVE,SiriSearchFeedback-[PHONE].000.ips
b2717fab5f7a8fe47e5a5ee7cc8a672c8093a59a8fa3f775cfcfe4fe687e7616,3,mini2,analytics_log,RAW_DEVICE_LOG_ARCHIVE,SiriSearchFeedback-[PHONE].ips
499e71c73a9137cb90b7ca1c46f429f28916023c0dd7dc10e754def8096e97ca,3,mini2,analytics_log,RAW_DEVICE_LOG_ARCHIVE,SiriSearchFeedback-[PHONE].ips
1fe820d4b2c4710a591d6f950c2ca2c6b82bdd2028b34f1420efad1d01d9aadf,3,mini2,analytics_log,RAW_DEVICE_LOG_ARCHIVE,SiriSearchFeedback-[PHONE].ips
7e71124c66d76586cab3002391f82b5f20ee510e4c460f77a3bf7ded6d843951,3,mini2,analytics_log,RAW_DEVICE_LOG_ARCHIVE,SiriSearchFeedback-[PHONE].ips
59a34e296ca2e8ef536639595d9a4ecf78150c192ad74069da86ab55898dc958,3,mini2,analytics_log,RAW_DEVICE_LOG_ARCHIVE,SiriSearchFeedback-[PHONE].ips
44a7e51a98597b0408876483c05d25a112540ed5ca114c337374181eed7bebec,3,mini2,analytics_log,RAW_DEVICE_LOG_ARCHIVE,SiriSearchFeedback-[PHONE].ips
d3d976143f33fbc42b3bacac1cb77eff6f15f53921eb6a44ee3d30341ada0b5c,3,mini2,analytics_log,RAW_DEVICE_LOG_ARCHIVE,SiriSearchFeedback-[PHONE].ips
2b23113f5405e1a5e9f6c2728ee7f6df6d257e0f2a3ce586f0cefc0f537841b4,3,mini2,analytics_log,RAW_DEVICE_LOG_ARCHIVE,xp_amp_app_usage_dnu-[PHONE].ips
fb30c36a79124c2321ecc3197cad9dc19cc2b5f171cc2bcbb25632d3320cadbf,3,mini2,analytics_log,RAW_DEVICE_LOG_ARCHIVE,xp_amp_app_usage_dnu-[PHONE].ips
4778ee2988c9067a809e49da317c88713e8f5f78071a73e9809ade0a8f35133f,3,mini2,analytics_log,RAW_DEVICE_LOG_ARCHIVE,JetsamEvent-[PHONE].ips
02faa70f20c99a36c6ed5b5e11ead71603e0b74ae535e3ddf6c2938a5754a0dc,3,mini2,analytics_log,RAW_DEVICE_LOG_ARCHIVE,proactive_event_tracker-com_apple_Trial-com_apple_triald-[PHONE].ips
fafd5f207cf0a5a58c8865b523a45dd74956a4b2810165186cbc0fbe670fedc4,3,mini2,analytics_log,RAW_DEVICE_LOG_ARCHIVE,SFA-ckks.json-[PHONE].ips
9b728aa8ec1c481df8eab4bf197bec2c8105fd3383934d3ecd12b896d7d5f326,3,mini2,analytics_log,RAW_DEVICE_LOG_ARCHIVE,SFA-ckks.json-[PHONE].000.ips
b9a974ab991abca5e6b1af5b902b6a227bf28ba77e027a29a5b7adf28aada55c,3,mini2,analytics_log,RAW_DEVICE_LOG_ARCHIVE,SFA-CloudServices.json-[PHONE].ips
20a82088c000c68eae1bd0de137cbd3e0422315204281705a9f50f6bdc8086a5,3,mini2,analytics_log,RAW_DEVICE_LOG_ARCHIVE,SFA-CloudServices.json-[PHONE].ips
3d5ee285754e7054bd29f677cb0111d45e6b17377815a359cb2295882e0ae47f,3,mini2,analytics_log,RAW_DEVICE_LOG_ARCHIVE,SFA-local.json-[PHONE].0003.ips
6d1055a57769211700a9cf475e057c5324d5cd99d9f20a13d6e9047c3954f2f2,3,mini2,analytics_log,RAW_DEVICE_LOG_ARCHIVE,SFA-local.json-[PHONE].0002.ips
b80da1fd9990520da928787bc78c0b9a14810de024f45d4d97a04fdf9272255b,3,mini2,analytics_log,RAW_DEVICE_LOG_ARCHIVE,SFA-networking.json-[PHONE].ips
a5340770034e3fc70822841197007e6204d45bed41b18294792b01b40707ecc3,3,mini2,analytics_log,RAW_DEVICE_LOG_ARCHIVE,SFA-networking.json-[PHONE].ips
696b0dab75934e8611a09ba58c49de76ce5c74ff9d4f0940830e77fb8ce9ccfa,3,mini2,analytics_log,RAW_DEVICE_LOG_ARCHIVE,SFA-pcs.json-[PHONE].0002.ips
ce1591689062f1881c823bed43b2ddb52d2823bcf45183fdb7cf80e44a0f08fb,3,mini2,analytics_log,RAW_DEVICE_LOG_ARCHIVE,SFA-pcs.json-[PHONE].000.ips
e04eff856ad9eeb94e1b19de334ac085072422e0462464c0a663a1156c7a6e03,3,mini2,analytics_log,RAW_DEVICE_LOG_ARCHIVE,SFA-sos.json-[PHONE].ips
ccda55fee8bcb327e0a068a7c36019b64db15d873dee99d911a4a1c74bd79e40,3,mini2,analytics_log,RAW_DEVICE_LOG_ARCHIVE,SiriSearchFeedback-[PHONE].ips
2b6e808c373dfe476929ad75bcb331962f66bcffa44c613ef52565f442876540,3,mini2,analytics_log,RAW_DEVICE_LOG_ARCHIVE,SiriSearchFeedback-[PHONE].ips
f2b308eddb144eb6b8e3a932193dfb57972d5af86e3fc86d338178f327bcc7fa,3,mini2,analytics_log,RAW_DEVICE_LOG_ARCHIVE,SiriSearchFeedback-[PHONE].ips
b880dcf2071b9166aaffd13a6ffc96152bdafcd7c9a5d02ba543f2d98d99aaca,3,mini2,analytics_log,RAW_DEVICE_LOG_ARCHIVE,SiriSearchFeedback-[PHONE].000.ips
f32715579d81f46fa6ff8d82a1a1c2e53c7fa8394ea4345f2683ab4294466000,3,mini2,analytics_log,RAW_DEVICE_LOG_ARCHIVE,SiriSearchFeedback-[PHONE].ips
2f9742939aa90d2700728cdc1c3cf8161446e91602c46034c4bbba65986a77bd,3,mini2,analytics_log,RAW_DEVICE_LOG_ARCHIVE,SiriSearchFeedback-[PHONE].ips
fd27ddffa41b038fb1ed2055a8095fd380b320420bccf1c614e83cafa9a1c838,3,mini2,analytics_log,RAW_DEVICE_LOG_ARCHIVE,SiriSearchFeedback-[PHONE].ips
229cff748f75d77753efefb235a71d0cc89fc5787d9b23d9122c183dbe3cba2c,3,mini2,analytics_log,RAW_DEVICE_LOG_ARCHIVE,SiriSearchFeedback-[PHONE].ips
35ee20869eadcd3bf4b02e9707c4248a312466efc930d5228265cba76d66ed7b,3,mini2,analytics_log,RAW_DEVICE_LOG_ARCHIVE,SiriSearchFeedback-[PHONE].ips
d4b8bbf9546a3f31d464fee0f9573e1717a87f8c1a85e58ba7abef1f8b1a6f94,3,mini2,analytics_log,RAW_DEVICE_LOG_ARCHIVE,SiriSearchFeedback-[PHONE].ips
84bbef43a49bfa30ec2daa4e4e3071b4c758be8883dca5f4f8539a682b6f861d,3,mini2,analytics_log,RAW_DEVICE_LOG_ARCHIVE,SiriSearchFeedback-[PHONE].ips
197caf02fa29224c455f6e43d60e03a18a70ca3b945f89b2deaf901065452a69,3,mini2,analytics_log,RAW_DEVICE_LOG_ARCHIVE,SiriSearchFeedback-[PHONE].ips
975a6b8cc2498b47758edfff31e4296726854eb71ccad6df4ee4ab0fa3b2f3b4,3,mini2,analytics_log,RAW_DEVICE_LOG_ARCHIVE,SiriSearchFeedback-[PHONE].ips
75cd2570503f94e3391dfc8f4fe0aaac5338a9711071930719ce3eced5be35ee,3,mini2,analytics_log,RAW_DEVICE_LOG_ARCHIVE,SiriSearchFeedback-[PHONE].000.ips
c60ac1c498d03a07736c791561b2ac52f9c7b47dd84cfa282a770dd115b57903,3,mini2,analytics_log,RAW_DEVICE_LOG_ARCHIVE,SiriSearchFeedback-[PHONE].ips
44e343d22c942aea66ec36eda092e81c4977bd17f053acf7dd3a6f79b0ced64b,3,mini2,analytics_log,RAW_DEVICE_LOG_ARCHIVE,SiriSearchFeedback-[PHONE].ips
fd49edeca39b0bb1e9b9b0bb1342c95f8e45136f773b8ff4ef1eb58b27a4cf1b,3,mini2,analytics_log,RAW_DEVICE_LOG_ARCHIVE,SiriSearchFeedback-[PHONE].ips
32196fcaa3bb5af98ee5324e177d8f26b010ba56fc3f65f74e5e2f1491a6150d,3,mini2,analytics_log,RAW_DEVICE_LOG_ARCHIVE,xp_amp_app_usage_dnu-[PHONE].ips
92eabed14cf16eaf34aa09e766321d812c42b0d1cfbe8dc102a12fd4ef4af1e5,3,mini2,analytics_log,RAW_DEVICE_LOG_ARCHIVE,xp_amp_app_usage_dnu-[PHONE].ips
8860ff552de6cd15d920f40a9a4df2b20f23643cceb626f035faeae19c66457b,3,mini2,analytics_log,RAW_DEVICE_LOG_ARCHIVE,JetsamEvent-[PHONE].ips
fbc29039b04d95458f5948791bead6b0029979ef41641397987205248f8879d4,3,mini2,analytics_log,RAW_DEVICE_LOG_ARCHIVE,proactive_event_tracker-com_apple_Trial-com_apple_triald-[PHONE].ips
e7d5b30cbd85b23fd5426d69776383249e23b33224e89521bb3cf9cc3a39a98f,3,mini2,analytics_log,RAW_DEVICE_LOG_ARCHIVE,SFA-ckks.json-[PHONE].ips
720cc2ac91aa3efb329e2121a3683a04dea3f231a30b0b06c0f3cc33892d316f,3,mini2,analytics_log,RAW_DEVICE_LOG_ARCHIVE,SFA-ckks.json-[PHONE].ips
0976c4cc168d36bd195ce3ff098fbb64fcf6591d61a868a4f28ff0e7daf83524,3,mini2,analytics_log,RAW_DEVICE_LOG_ARCHIVE,SFA-CloudServices.json-[PHONE].ips
16c5df318c682ae06192ada86e81ba91c105b8b32c4783e57fa26e653522bf30,3,mini2,analytics_log,RAW_DEVICE_LOG_ARCHIVE,SFA-CloudServices.json-[PHONE].ips
3682a893664d836cb4c522fcebfb175cdc49c5c6bc47ae41c4ef0bb3da37cf69,3,mini2,analytics_log,RAW_DEVICE_LOG_ARCHIVE,SFA-local.json-[PHONE].0003.ips
ec506f4978bdf81e043745371d33d4ff9645a83738c97e2488b2a156b15d433c,3,mini2,analytics_log,RAW_DEVICE_LOG_ARCHIVE,SFA-local.json-[PHONE].0002.ips
49bb7ffb5ee09b0bc287ab72003e6e347765c1a545fc5e2bad26496c35529456,3,mini2,analytics_log,RAW_DEVICE_LOG_ARCHIVE,SFA-networking.json-[PHONE].ips
b45283f8ff862261d028c1f93de7fd55b6ec570ef1b76159c21994fd24fd7d67,3,mini2,analytics_log,RAW_DEVICE_LOG_ARCHIVE,SFA-networking.json-[PHONE].ips
84f6197bb10b6450a73142fbaa3d09fd2c311218348f852756520221038153b5,3,mini2,analytics_log,RAW_DEVICE_LOG_ARCHIVE,SFA-pcs.json-[PHONE].0002.ips
1917e45bf118e97a3af73a8a5e4c67b4612ae9674002ed3c1d555f3fa7f57443,3,mini2,analytics_log,RAW_DEVICE_LOG_ARCHIVE,SFA-pcs.json-[PHONE].000.ips
bb5d5396abe45d06d43a426f6b9f6654a857f2f09042f71984462b6bc7950542,3,mini2,analytics_log,RAW_DEVICE_LOG_ARCHIVE,SFA-sos.json-[PHONE].000.ips
3924dbe623fc321e1b7cde6550bffe983c54a5542541d55cade3867a1abb75f4,3,mini2,analytics_log,RAW_DEVICE_LOG_ARCHIVE,SFA-sos.json-[PHONE].ips
d4da12b61b775ccce6c42fe1518d33830bdc9532297e347bf936d8ff8799a24a,3,mini2,analytics_log,RAW_DEVICE_LOG_ARCHIVE,SiriSearchFeedback-[PHONE].ips
10cc04bcb307c67afeb3d7d7061ff6b786c24174215f439345c96483f1d57175,3,mini2,analytics_log,RAW_DEVICE_LOG_ARCHIVE,SiriSearchFeedback-[PHONE].ips
e8096943118b6711c35909aa9d4a38bf4497ec443c6cadf08f34a234a7557cc5,3,mini2,analytics_log,RAW_DEVICE_LOG_ARCHIVE,SiriSearchFeedback-[PHONE].000.ips
c33c05544df7b810c28694db6229c4bf042612808e4e339b3850a9be424605de,3,mini2,analytics_log,RAW_DEVICE_LOG_ARCHIVE,SiriSearchFeedback-[PHONE].ips
c6e9ba26842aeee8772901b115fbb57fafde482e513ba1c34b9b633edf320b2f,3,mini2,analytics_log,RAW_DEVICE_LOG_ARCHIVE,SiriSearchFeedback-[PHONE].ips
1f96462b71ff36b9a5e227f92422f105be2bbcdfdb3945bc06ad202319259d4e,3,mini2,analytics_log,RAW_DEVICE_LOG_ARCHIVE,SiriSearchFeedback-[PHONE].ips
198635b22fbc4dbfa5607ff1b275b00500b015837c650f2aad226ede2ed47a7c,3,mini2,analytics_log,RAW_DEVICE_LOG_ARCHIVE,SiriSearchFeedback-[PHONE].ips
aa22c0e6df14b5073d0524cb150dd708f7e2f237319873a266c66e277f50c7c6,3,mini2,analytics_log,RAW_DEVICE_LOG_ARCHIVE,SiriSearchFeedback-[PHONE].ips
7433b7b96227fa10296c35e018ac41e04e75cac7cb0e551909973885c6793b21,3,mini2,analytics_log,RAW_DEVICE_LOG_ARCHIVE,SiriSearchFeedback-[PHONE].ips
0484e78aac806b255962956ae9239245344a3ff93a2db93616ef428c5afea410,3,mini2,analytics_log,RAW_DEVICE_LOG_ARCHIVE,SiriSearchFeedback-[PHONE].ips
696e7a5b26cf4cf4bb75f02e6beeb0e392536884e9ed4136b13be5038e4215e9,3,mini2,analytics_log,RAW_DEVICE_LOG_ARCHIVE,SiriSearchFeedback-[PHONE].ips
34bd6af66143b8f16993962cf63d9c1849f34a0efde8060bb10241e0b20e723c,3,mini2,analytics_log,RAW_DEVICE_LOG_ARCHIVE,SiriSearchFeedback-[PHONE].ips
af3a9baccd9d45eaadecb45a9641806567e071b817b26d77c5ca3b72e2847aaf,3,mini2,analytics_log,RAW_DEVICE_LOG_ARCHIVE,SiriSearchFeedback-[PHONE].ips
a23383b672330de7feaedf1ea2df41482f98cf431a2fc1002819ec2f93515adb,3,mini2,analytics_log,RAW_DEVICE_LOG_ARCHIVE,SiriSearchFeedback-[PHONE].ips
a5e1f496bd2d28b321b315f56a458e0a2f25c8301586b760400be66810eac892,3,mini2,analytics_log,RAW_DEVICE_LOG_ARCHIVE,SiriSearchFeedback-[PHONE].ips
3d266639cf4aeeb1f0b92a5006de90f3648a87ffc97aa04b15655a7925234203,3,mini2,analytics_log,RAW_DEVICE_LOG_ARCHIVE,SiriSearchFeedback-[PHONE].ips
6e16d5e21216918799dc5d17ab05efff9e1b44f493800bdb692346e62853fbdf,3,mini2,analytics_log,RAW_DEVICE_LOG_ARCHIVE,SiriSearchFeedback-[PHONE].ips
77d623726e831dd83f2e34b43c528c20edea0609a4917a680b08cfcff842b305,3,mini2,analytics_log,RAW_DEVICE_LOG_ARCHIVE,SiriSearchFeedback-[PHONE].000.ips
0c08ae2a0bb30a36583878e2b91161963237e6d25795ca1d5bcf12f7b8595f16,3,mini2,analytics_log,RAW_DEVICE_LOG_ARCHIVE,SiriSearchFeedback-[PHONE].ips
18d518516b5fa10550881d1c0d38456714841669dc7b55283dde9964e6ba7426,3,mini2,analytics_log,RAW_DEVICE_LOG_ARCHIVE,SiriSearchFeedback-[PHONE].ips
650883e8112d61bcfb7a2af3b3e93b44cde6c85af351f90a89206c443accc3cc,3,mini2,analytics_log,RAW_DEVICE_LOG_ARCHIVE,SiriSearchFeedback-[PHONE].ips
6b9da4bd987d5bed13bcc3edfc2f2b7a6a10fd642384dc3fd77e9ae7858be395,3,mini2,analytics_log,RAW_DEVICE_LOG_ARCHIVE,stacks-[PHONE].ips
feca5cf5589b6f3184b31c903f3a1c8c21dee2c5cf15dfad16777a65cdba53c1,3,mini2,analytics_log,RAW_DEVICE_LOG_ARCHIVE,xp_amp_app_usage_dnu-[PHONE].ips
38b0c3eaa91a089c26c68f11b306694a8c2823b4795c801307cde70752002e51,3,mini2,analytics_log,RAW_DEVICE_LOG_ARCHIVE,xp_amp_app_usage_dnu-[PHONE].ips
37322b9f372caedd6faee3fddc930ef41153aa5daf5895c845033ebe4e754249,3,mini2,analytics_log,RAW_DEVICE_LOG_ARCHIVE,JetsamEvent-[PHONE].ips
0facf984dc24a300b2e8916de4ce74a907da69ef6a2b0a9e2bb8bb1435465aab,3,mini2,analytics_log,RAW_DEVICE_LOG_ARCHIVE,proactive_event_tracker-com_apple_Trial-com_apple_triald-[PHONE].ips
1bb5c91b42832ceaf47ec9e782f7c33ebac063457ff067c05cc5804863ee84a1,3,mini2,analytics_log,RAW_DEVICE_LOG_ARCHIVE,SFA-ckks.json-[PHONE].ips
60d100ecd5d72edef8cb2816ba9fd80e7c5f91390da34348311cb3637668e47d,3,mini2,analytics_log,RAW_DEVICE_LOG_ARCHIVE,SFA-ckks.json-[PHONE].ips
3503ea80ba37824f8a01135b0c761e9121c0d0bbacddcd7a8d8a251d768c99e3,3,mini2,analytics_log,RAW_DEVICE_LOG_ARCHIVE,SFA-ckks.json-[PHONE].ips
01c7ab356b023ecadc41bcc2977572b489b12cc621e6cd809e0ff75b379db993,3,mini2,analytics_log,RAW_DEVICE_LOG_ARCHIVE,SFA-CloudServices.json-[PHONE].ips
c08d000e6c39edefe7188543b5740dfdb3cb543b862f296b50fba39899313d8e,3,mini2,analytics_log,RAW_DEVICE_LOG_ARCHIVE,SFA-CloudServices.json-[PHONE].ips
9753ed3304f81422d17437adf6934fca04771500765ae12665ec3c9587c59f0c,3,mini2,analytics_log,RAW_DEVICE_LOG_ARCHIVE,SFA-CloudServices.json-[PHONE].ips
b3d3ec20f2e66035b41e06cca75de5d055613c8b487a171274e22e3cfe20080f,3,mini2,analytics_log,RAW_DEVICE_LOG_ARCHIVE,SFA-local.json-[PHONE].0003.ips
378cb49ea681bd3f986eb61db35abcca3d0df8ae44c3229197aec97aa1c39060,3,mini2,analytics_log,RAW_DEVICE_LOG_ARCHIVE,SFA-local.json-[PHONE].ips
cd675c5495e85eb1cfe9d34ce2f5cf45089ce0df1a647ed7f7f6703bcc4171fb,3,mini2,analytics_log,RAW_DEVICE_LOG_ARCHIVE,SFA-local.json-[PHONE].ips
37024a24dd0811f63023c47a24346bff9840e8f951fa3293242c51d5d7152881,3,mini2,analytics_log,RAW_DEVICE_LOG_ARCHIVE,SFA-networking.json-[PHONE].ips
fc34e13fff4aa29e7a730c176a6ae08139e5625d1f50e38e157c271f780c6971,3,mini2,analytics_log,RAW_DEVICE_LOG_ARCHIVE,SFA-networking.json-[PHONE].ips
09e269546100880e9261111b507b3bbfe70bdf83de96ed16d65ab9cc373a0c85,3,mini2,analytics_log,RAW_DEVICE_LOG_ARCHIVE,SFA-networking.json-[PHONE].000.ips
e82e0f2898f9a7d8873f43ed7664091c7e17f76d3c8937c83906fc22309c7638,3,mini2,analytics_log,RAW_DEVICE_LOG_ARCHIVE,SFA-pcs.json-[PHONE].0002.ips
c3c02b7ccb706a3fdcc47b08420381deb49998893ce88086c0cf29f6600ee1c2,3,mini2,analytics_log,RAW_DEVICE_LOG_ARCHIVE,SFA-pcs.json-[PHONE].0002.ips
408224c080b863aec222a677fda62b8f6cceb290866f1dddd3c63e5461dee90f,3,mini2,analytics_log,RAW_DEVICE_LOG_ARCHIVE,SFA-pcs.json-[PHONE].0002.ips
94a278c3295b592aa75e4763dc7a37d083f9f68a4ca7d575f0733604bfe38d99,3,mini2,analytics_log,RAW_DEVICE_LOG_ARCHIVE,SFA-sos.json-[PHONE].000.ips
62976d86cfa5a01cdc87afa07114b824a49c060f96c2ab0c17149ad2ea631752,3,mini2,analytics_log,RAW_DEVICE_LOG_ARCHIVE,SFA-sos.json-[PHONE].000.ips
54b323dd591619b213d1e1be4c808d7baee9985486111cb78ffc069638375b93,3,mini2,analytics_log,RAW_DEVICE_LOG_ARCHIVE,SFA-sos.json-[PHONE].000.ips
d2d3ac6079ac3342e1a3497f5406a1c75d1d7db56a67b84f4edf63bfffc29217,3,mini2,analytics_log,RAW_DEVICE_LOG_ARCHIVE,SiriSearchFeedback-[PHONE].ips
616f83a6dcbfc757d26d999d1c440a9f4b684cc67903dfa230fff99ba50e87bf,3,mini2,analytics_log,RAW_DEVICE_LOG_ARCHIVE,SiriSearchFeedback-[PHONE].ips
1754091d750284f0d5c5204cd71b0809fb9949ce41a51a52491fc831fa07e440,3,mini2,analytics_log,RAW_DEVICE_LOG_ARCHIVE,SiriSearchFeedback-[PHONE].ips
eb9939a57a0c4f80f61771cb17bbc34ba9d8a22799c00ddaad1e9d5bd4c71750,3,mini2,analytics_log,RAW_DEVICE_LOG_ARCHIVE,SiriSearchFeedback-[PHONE].ips
5727ed01b98845ffa390d2b6b446ce50cc8308933e2003ab6d7ed0746c5eef27,3,mini2,analytics_log,RAW_DEVICE_LOG_ARCHIVE,SiriSearchFeedback-[PHONE].ips
904d6f69ab481b0320e13febafb5f507637730894537ad891f8f39eea11990f8,3,mini2,analytics_log,RAW_DEVICE_LOG_ARCHIVE,SiriSearchFeedback-[PHONE].ips
3b3eaf07a136d9ae3a9ad2585ac64bd4d03a10c75e363f7a78d89741a6739775,3,mini2,analytics_log,RAW_DEVICE_LOG_ARCHIVE,SiriSearchFeedback-[PHONE].ips
ff17bc863e09298c9c23514bd62ffed3d39abb772ab722211466c03c678eb43e,3,mini2,analytics_log,RAW_DEVICE_LOG_ARCHIVE,SiriSearchFeedback-[PHONE].ips
c827e2cd4ca6fb7cef4e153f7ba3324ca33884816cfad59afea92d74260d0701,3,mini2,analytics_log,RAW_DEVICE_LOG_ARCHIVE,SiriSearchFeedback-[PHONE].000.ips
4d754c48982d79c73a786959a5c50283feee88de56a54968451635f8f7ebdad8,3,mini2,analytics_log,RAW_DEVICE_LOG_ARCHIVE,SiriSearchFeedback-[PHONE].ips
d7b74a5aa6b541f87085f4c935e2d6a96748f11703006ee4f262f40dcafa3a0d,3,mini2,analytics_log,RAW_DEVICE_LOG_ARCHIVE,SiriSearchFeedback-[PHONE].ips
87e652fcac0cb0a10405272cad9d9107e42cb4140d43b5d40273f886443ea0e4,3,mini2,analytics_log,RAW_DEVICE_LOG_ARCHIVE,SiriSearchFeedback-[PHONE].ips
2df46002626cc0b9a077a0c5c6200e928539ce12e455e650a2eb6c9e37dbbd3d,3,mini2,analytics_log,RAW_DEVICE_LOG_ARCHIVE,xp_amp_app_usage_dnu-[PHONE].ips
55d9bb739f4714b8cfdc03dac073fdcd14de1d49a0666e11b7418857a76c8022,3,mini2,analytics_log,RAW_DEVICE_LOG_ARCHIVE,xp_amp_app_usage_dnu-[PHONE].ips
1e7531d63eec44507ab65cd8ce7e45c82be602d3511398a0c6b770a243c7c468,3,mini2,analytics_synced,RAW_DEVICE_LOG_ARCHIVE,Analytics-[PHONE].ips.ca.synced
9719422698e9201db93abe400e902d7e09d7eae7d01e045f678eb56cf9f17ab2,3,mini2,analytics_log,RAW_DEVICE_LOG_ARCHIVE,duetexpertd.cpu_resource-[PHONE].ips
765287f287e0e6bee5049d6cbc22c40d4a0011915f3985da01cf4eacda259791,3,mini2,analytics_log,RAW_DEVICE_LOG_ARCHIVE,JetsamEvent-[PHONE].ips
f2001078186b9c1fecdb24d54567226016d25e874643821b44b81512a277a6d4,3,mini2,analytics_log,RAW_DEVICE_LOG_ARCHIVE,proactive_event_tracker-com_apple_Trial-com_apple_triald-[PHONE].ips
1fd64065b8765312f9589e007420fea76bf896907ec97f89af9450005019f4cd,3,mini2,analytics_log,RAW_DEVICE_LOG_ARCHIVE,SFA-ckks.json-[PHONE].ips
1456cdd69c9b4584d0acf6365ec4251ecc6542e37843b42b61c8355a0d4dccf4,3,mini2,analytics_log,RAW_DEVICE_LOG_ARCHIVE,SFA-ckks.json-[PHONE].ips
c6324cf610767260e2ccc6ff287d070e5636a01a665c2d723cc3983a5e6e1890,3,mini2,analytics_log,RAW_DEVICE_LOG_ARCHIVE,SFA-CloudServices.json-[PHONE].ips
5590b46d67ee30656e38be0a34bc61debf5b60e04b2ff3af2baa44b54c4b7370,3,mini2,analytics_log,RAW_DEVICE_LOG_ARCHIVE,SFA-CloudServices.json-[PHONE].ips
175312d705cf18696f532dc5df4629f4aa66bf4a6824c4bc4bd56929b4cbe6d7,3,mini2,analytics_log,RAW_DEVICE_LOG_ARCHIVE,SFA-local.json-[PHONE].ips
59e0e6df18f538017bb56d4eb4db345272b151ebfb5f69e542538785519e9d12,3,mini2,analytics_log,RAW_DEVICE_LOG_ARCHIVE,SFA-local.json-[PHONE].000.ips
981080e39924622418338ea9cb46ca9f68cc7df03ce54fa8f19d06e8618a1354,3,mini2,analytics_log,RAW_DEVICE_LOG_ARCHIVE,SFA-networking.json-[PHONE].000.ips
9ad117fa90515f5023a701c24c10d300475ec1d76723fdba7111d7244d6077db,3,mini2,analytics_log,RAW_DEVICE_LOG_ARCHIVE,SFA-networking.json-[PHONE].000.ips
7cce3c4ab93abb937df050405976cc140d21ba11a03c6e39231e21c9f61370a6,3,mini2,analytics_log,RAW_DEVICE_LOG_ARCHIVE,SFA-pcs.json-[PHONE].ips
14ffe08465facfa387f44ef478cbfb037ee8c1618670fbe0543e00fb7038240f,3,mini2,analytics_log,RAW_DEVICE_LOG_ARCHIVE,SFA-sos.json-[PHONE].000.ips
b86f7dbf267f8781d539b2c1d3aa4b28e85c8cbb1fb3f3a2b87c3bc2356ca58e,3,mini2,analytics_log,RAW_DEVICE_LOG_ARCHIVE,SiriSearchFeedback-[PHONE].000.ips
f4d5ea9ef7291c8f1f745149c2f50cca9d680cf7fc55db13c6b3116c9801163d,3,mini2,analytics_log,RAW_DEVICE_LOG_ARCHIVE,SiriSearchFeedback-[PHONE].ips
891f2f1e68837f94bee091d8c06527abaad721355ef05217ff191f672a634fe7,3,mini2,analytics_log,RAW_DEVICE_LOG_ARCHIVE,SiriSearchFeedback-[PHONE].ips
b6ee9e9f7e024e4b7c27d247365eb36c89cbc3eab55a8eb358c7f6167ffff832,3,mini2,analytics_log,RAW_DEVICE_LOG_ARCHIVE,SiriSearchFeedback-[PHONE].ips
6327a06f6aa882572d016c73d44ee1464a5db5096473a20a5138d951e03d1950,3,mini2,analytics_log,RAW_DEVICE_LOG_ARCHIVE,SiriSearchFeedback-[PHONE].ips
7e8d1911f223b921dd71739d0e505076e9dbb15a26f642a85c235a44327b5f55,3,mini2,analytics_log,RAW_DEVICE_LOG_ARCHIVE,SiriSearchFeedback-[PHONE].ips
b88b57236f50a3315ead3dd401591a0fe56534d455682c0e144ba116c4651c22,3,mini2,analytics_log,RAW_DEVICE_LOG_ARCHIVE,SiriSearchFeedback-[PHONE].ips
7c8ae75a88c4fa2b95a5fb59457327dac5ec393aa90f523a5972cd5b8ca4fe76,3,mini2,analytics_log,RAW_DEVICE_LOG_ARCHIVE,SiriSearchFeedback-[PHONE].ips
e0e29a31f0f0fd0d92fa733bd1d9413ec5ba47567935ed0d4f74c8776ed3ce1b,3,mini2,analytics_log,RAW_DEVICE_LOG_ARCHIVE,SiriSearchFeedback-[PHONE].ips
a1f9e69896d80a84208ff4bbc9eae4e0d035bf17394ae2969d2ed21d183fccd9,3,mini2,analytics_log,RAW_DEVICE_LOG_ARCHIVE,SiriSearchFeedback-[PHONE].ips
ce78d80e14481099eea43e931c12bfbb307f106d90f1ff58a687bd4265cccc41,3,mini2,analytics_log,RAW_DEVICE_LOG_ARCHIVE,SiriSearchFeedback-[PHONE].ips
397635ae84f7a324dcf49b1063a61a08c8c40396c9412ce6e89e2a3ff440e695,3,mini2,analytics_log,RAW_DEVICE_LOG_ARCHIVE,SiriSearchFeedback-[PHONE].ips
d67eeaa031883c1efd1230e06ce7abcfe929e2437a978f2970ec3b4ced64b006,3,mini2,analytics_log,RAW_DEVICE_LOG_ARCHIVE,SiriSearchFeedback-[PHONE].ips
8ff5143b25887bd97edf929d99463f51cbad8e095dd31b6e27e474c2bb09e866,3,mini2,analytics_log,RAW_DEVICE_LOG_ARCHIVE,SiriSearchFeedback-[PHONE].ips
07eb9510fbca403c24efd998733692e067a64c8342d8e1382047cb45718aa563,3,mini2,analytics_log,RAW_DEVICE_LOG_ARCHIVE,xp_amp_app_usage_dnu-[PHONE].ips
21e306d6ed69baae4ad9fc7926f5f897d8781427ddc3af43d717e5ba6be8cbb2,3,mini2,analytics_log,RAW_DEVICE_LOG_ARCHIVE,xp_amp_app_usage_dnu-[PHONE].ips
41faf98e41c8036af7e858e0f0642ea20dca9a7af4175e8bca26f1f2ed75a20e,3,mini2,analytics_log,RAW_DEVICE_LOG_ARCHIVE,JetsamEvent-[PHONE].ips
4c1aaf0af0ae95746589a3c380dc7595beded4b8a20f2ac931233e5458442d59,3,mini2,analytics_log,RAW_DEVICE_LOG_ARCHIVE,MobileNotes-[PHONE].ips
dc85f0da63a7ff0fe4d3b289513f6e035e1de0413d563539665062df0b86ae70,3,mini2,analytics_log,RAW_DEVICE_LOG_ARCHIVE,proactive_event_tracker-com_apple_Trial-com_apple_triald-[PHONE].ips
049fe1f2e5494219ffb1a0a5b0291c25ebee410bf0cfe30570568c986bf50ead,3,mini2,analytics_log,RAW_DEVICE_LOG_ARCHIVE,SFA-ckks.json-[PHONE].000.ips
77311bec465c6599be83f7a15112fd2f9c6e8177a2db567a64dd8d55048ffa2f,3,mini2,analytics_log,RAW_DEVICE_LOG_ARCHIVE,SFA-ckks.json-[PHONE].ips
962b18fdb47a3dd1e6237606380f58c6932db8c648bd6b455319a6d6e2d5e8f7,3,mini2,analytics_log,RAW_DEVICE_LOG_ARCHIVE,SFA-CloudServices.json-[PHONE].ips
15f49ce0fc8ededd8a7d2de624c321cc5e6a4b36b203520afe4e083ca273846e,3,mini2,analytics_log,RAW_DEVICE_LOG_ARCHIVE,SFA-CloudServices.json-[PHONE].ips
c12c9ab9566dc5c3f85620bfe541c611c69a622ff5cfb5ac41f31d50eadc56be,3,mini2,analytics_log,RAW_DEVICE_LOG_ARCHIVE,SFA-local.json-[PHONE].000.ips
29833b8f06956a15ee8a8f6761651679fee7a1aeee2fc8b67103baa601711573,3,mini2,analytics_log,RAW_DEVICE_LOG_ARCHIVE,SFA-local.json-[PHONE].ips
4508b38d987d5e4575d5e0596974627244e00fc737c5e7f8f7c8474d001ee8a3,3,mini2,analytics_log,RAW_DEVICE_LOG_ARCHIVE,SFA-networking.json-[PHONE].ips
84bf7b13bd6da826c43cb939bab4174780ed4267754a7ff0f0355f60102cc27f,3,mini2,analytics_log,RAW_DEVICE_LOG_ARCHIVE,SFA-networking.json-[PHONE].ips
5d73870e6418eb2db01908e0f051afe7b7f7cbbac62dd48947aeb6f3eb30e420,3,mini2,analytics_log,RAW_DEVICE_LOG_ARCHIVE,SFA-pcs.json-[PHONE].ips
390e717926f25825090c95aec5cf98b649cb42ac56baab0ee0eb8c23df90305f,3,mini2,analytics_log,RAW_DEVICE_LOG_ARCHIVE,SFA-pcs.json-[PHONE].0002.ips
afd2168712f02ab9285b934267309c82f0dae72b3b1b6b928e5022c2f4413230,3,mini2,analytics_log,RAW_DEVICE_LOG_ARCHIVE,SFA-sos.json-[PHONE].0002.ips
3921169da9766318fee248e8feadaef1736d274d7a95344fddc4e7d9535a736b,3,mini2,analytics_log,RAW_DEVICE_LOG_ARCHIVE,SFA-sos.json-[PHONE].000.ips
d5fd8edce212d89f61861c8c49d0ff1321b38d82fb16b5477706b34f55191742,3,mini2,analytics_log,RAW_DEVICE_LOG_ARCHIVE,SiriSearchFeedback-[PHONE].ips
68fd564c7c71c7072b1612b5982d447f4b72bfc882e01e67031ea48afbd7fc53,3,mini2,analytics_log,RAW_DEVICE_LOG_ARCHIVE,SiriSearchFeedback-[PHONE].ips
5473000dba3a7f2630dc7a22cd2282f94f2ef22305de6e1ecef5e268fb0551f0,3,mini2,analytics_log,RAW_DEVICE_LOG_ARCHIVE,SiriSearchFeedback-[PHONE].ips
7b16950c65a64a9750dc038197740dc10e157d4bc5c99300306e0e33f8b35a8f,3,mini2,analytics_log,RAW_DEVICE_LOG_ARCHIVE,SiriSearchFeedback-[PHONE].000.ips
2e9645df8374ae21842e2c90a1f198ed59def2bd8ff902a869051ddd3a4c10cd,3,mini2,analytics_log,RAW_DEVICE_LOG_ARCHIVE,SiriSearchFeedback-[PHONE].ips
0c1fccf229e54a11e4b42cdbbaa7452fbdfec8ef645f7173d4979615dac6e958,3,mini2,analytics_log,RAW_DEVICE_LOG_ARCHIVE,SiriSearchFeedback-[PHONE].ips
f91b69c6c1c71a425a252c5847590669f17dc64ba7e90dc3987b54611081494a,3,mini2,analytics_log,RAW_DEVICE_LOG_ARCHIVE,SiriSearchFeedback-[PHONE].ips
d454562adf0e2b5978ed05ac1097c54640688ba5d78d4665d40223879684b2d5,3,mini2,analytics_log,RAW_DEVICE_LOG_ARCHIVE,SiriSearchFeedback-[PHONE].ips
6e1e7511b417390bd735a3e1295f4ee828c905354ae05431aea49f1b73dfa277,3,mini2,analytics_log,RAW_DEVICE_LOG_ARCHIVE,SiriSearchFeedback-[PHONE].ips
39d268a10eae812dde08795780773e05275c2fbc5277e7c4447704e27fd565af,3,mini2,analytics_log,RAW_DEVICE_LOG_ARCHIVE,SiriSearchFeedback-[PHONE].ips
a859512516cb2d7d9bb2169bc188e346013dc7192563a9080c32ff1d2125d509,3,mini2,analytics_log,RAW_DEVICE_LOG_ARCHIVE,SiriSearchFeedback-[PHONE].ips
9e7877347d3be75b0d595e9df93d3d4e07772d8ac8ab42c8054c4d9291106db2,3,mini2,analytics_log,RAW_DEVICE_LOG_ARCHIVE,SiriSearchFeedback-[PHONE].ips
20f68a1eed5df5ea13aaccc0118b3a95458db0b828442921cd8c8e162c3109e8,3,mini2,analytics_log,RAW_DEVICE_LOG_ARCHIVE,SiriSearchFeedback-[PHONE].ips
dc6e3c88bbec972b7479eac20a811038ea32897d3b332d3d520c46300cd43a5b,3,mini2,analytics_log,RAW_DEVICE_LOG_ARCHIVE,SiriSearchFeedback-[PHONE].000.ips
ac197522e29e1deb3a67cb9bf0d5b15cf67422f65620c3763e2b53d50c3a1beb,3,mini2,analytics_log,RAW_DEVICE_LOG_ARCHIVE,SiriSearchFeedback-[PHONE].ips
09fc3a672647eefb8768d68d2b53a1a55e85853f6584f9481efd38dde93d6004,3,mini2,analytics_log,RAW_DEVICE_LOG_ARCHIVE,SiriSearchFeedback-[PHONE].ips
e0a39c59bad4e0fd22b27a63e553f46d6270e3a26fb170f4b345519ad3005a6b,3,mini2,analytics_log,RAW_DEVICE_LOG_ARCHIVE,SiriSearchFeedback-[PHONE].000.ips
c883851e66f947d0026431d4aa7117b5c0801a2ce629236adbd36a1ff3fa9d62,3,mini2,analytics_log,RAW_DEVICE_LOG_ARCHIVE,SiriSearchFeedback-[PHONE].ips
7830fc606ed61ddb5bd7c95a7ef7277960a26d46015db9805b4db18b05215de6,3,mini2,analytics_log,RAW_DEVICE_LOG_ARCHIVE,SiriSearchFeedback-[PHONE].ips
eaae2a6ff848347741a5f9ca96433d1e609635c022ee9f0fcfd27fe71f9d7e66,3,mini2,analytics_log,RAW_DEVICE_LOG_ARCHIVE,SiriSearchFeedback-[PHONE].ips
31fb5fd89e8582ef096ad89244c9c0cca5ce91dcf0aa5624c72e0ba0ef11530c,3,mini2,analytics_log,RAW_DEVICE_LOG_ARCHIVE,SiriSearchFeedback-[PHONE].ips
2d11884748de483e9ede276ed128b19bc7f9a182bdb0500e4a8401e81e45dd92,3,mini2,analytics_log,RAW_DEVICE_LOG_ARCHIVE,SiriSearchFeedback-[PHONE].ips
d83596188a52bdbc9fbed83ca0932893888161c4fd90aa2d7131af4b3750346b,3,mini2,analytics_log,RAW_DEVICE_LOG_ARCHIVE,SiriSearchFeedback-[PHONE].ips
0f3b4bfe19e802036806174d90b35b6545ddeb16961154654149755564091f58,3,mini2,analytics_log,RAW_DEVICE_LOG_ARCHIVE,SiriSearchFeedback-[PHONE].ips
04675278526e06ba0873a9d3efcc9f1c375f9970ad82876377178f8234f501e6,3,mini2,analytics_log,RAW_DEVICE_LOG_ARCHIVE,SiriSearchFeedback-[PHONE].ips
ef5888432640454e7039c7139051df17a932376ae13d89f42da7caabb65fbbad,3,mini2,analytics_log,RAW_DEVICE_LOG_ARCHIVE,stacks-[PHONE].ips
1a694ff0a1b532b17d877645ced71cd358a883e6b0cd12a06410ad4dd75560bf,3,mini2,analytics_log,RAW_DEVICE_LOG_ARCHIVE,stacks-[PHONE].ips
7999af1f940b611e9c4dbb2fac0f95ee12f2278b92303ac9025486e2055e2821,3,mini2,analytics_log,RAW_DEVICE_LOG_ARCHIVE,stacks-[PHONE].ips
9b5823f1b72aa2af8d54d28d3d080da06f8cffae21a0e3f98b4c0deb2c9eabe1,3,mini2,analytics_log,RAW_DEVICE_LOG_ARCHIVE,xp_amp_app_usage_dnu-[PHONE].ips
df65b331f8cc6d3040552cef14030bf2ede4b2a1af2fbd17da1b09c1c1305e30,3,mini2,analytics_log,RAW_DEVICE_LOG_ARCHIVE,xp_amp_app_usage_dnu-[PHONE].ips
805ed16753484e70d24b96c252304e27e57fd5d934ce78096f8f775347b72ea3,3,mini2,analytics_log,RAW_DEVICE_LOG_ARCHIVE,com.apple.StreamingUnzipService.diskwrites_resource-[PHONE].ips
683254dc4c7a4371d7dd66c2b6cde88b4a8d8e8dda8acd2d2f51913799b7c5be,3,mini2,analytics_log,RAW_DEVICE_LOG_ARCHIVE,JetsamEvent-[PHONE].ips
7269bb58017e8d79817a7d62ec5be5e82fbba2418f2c466bae3a43b2231fd3d1,3,mini2,analytics_log,RAW_DEVICE_LOG_ARCHIVE,MEGA.diskwrites_resource-[PHONE].ips
474395086b839d4a570b3c4f9b6619006d510a9dd346b2fbf2f9f60b112ece04,3,mini2,analytics_log,RAW_DEVICE_LOG_ARCHIVE,proactive_event_tracker-com_apple_Trial-com_apple_triald-[PHONE].ips
587366480c03d1de77a4055f0a5106564aaf4639a6a250ea11e5836f63ca230c,3,mini2,rtcr|text_log,RAW_DEVICE_LOG_ARCHIVE,RTCReporting_messageLog_2025-[PHONE] (7).txt || RTCReporting_messageLog_2025-[PHONE].txt || テキスト (15).txt
d902d19652dd76be628b41604cf324e3b687c8aaccace24c9d35f7e71d1c215c,3,mini2,analytics_log,RAW_DEVICE_LOG_ARCHIVE,SFA-ckks.json-[PHONE].ips
3638279c5a2edc7f44c7a812b9e9ab4908bf3fd5547c5f3588c949c215098abc,3,mini2,analytics_log,RAW_DEVICE_LOG_ARCHIVE,SFA-ckks.json-[PHONE].0002.ips
553d208eb764e7def079888f498ed7ec24e8ee4c0254f7788d586e0f7c042bea,3,mini2,analytics_log,RAW_DEVICE_LOG_ARCHIVE,SFA-CloudServices.json-[PHONE].ips
8758bfdc270c6ebb1548478cdb2357fb45a31b2d0acff0bdba33e4a03c014274,3,mini2,analytics_log,RAW_DEVICE_LOG_ARCHIVE,SFA-CloudServices.json-[PHONE].ips
def11bae48848d1d33416469102753c98b9b5e47c867bb2610895053ecaad192,3,mini2,analytics_log,RAW_DEVICE_LOG_ARCHIVE,SFA-local.json-[PHONE].ips
5d016b65d888c902c6af9433b461d16fd58750def3b7e6bd301cb867763ecc33,3,mini2,analytics_log,RAW_DEVICE_LOG_ARCHIVE,SFA-local.json-[PHONE].0002.ips
2e7c1d919f5b4a38935503b62601a21edbfb7b67209edb0ffa971f88d29078d8,3,mini2,analytics_log,RAW_DEVICE_LOG_ARCHIVE,SFA-networking.json-[PHONE].000.ips
0f4490125498c30bf6d9247fb013bccfa6cec3588a4c2a28573f76601efc5187,3,mini2,analytics_log,RAW_DEVICE_LOG_ARCHIVE,SFA-networking.json-[PHONE].ips
b26904ee5fa6262ce91bf64827fe623c5642ab55d2ce586de774bed46edf4003,3,mini2,analytics_log,RAW_DEVICE_LOG_ARCHIVE,SFA-pcs.json-[PHONE].0002.ips
a3543c797e09cd1cac691fca86863b0424369ebee70d605459936fcca6ecf1f7,3,mini2,analytics_log,RAW_DEVICE_LOG_ARCHIVE,SFA-pcs.json-[PHONE].000.ips
476163222590a005140b6115a7e025ebbfdb98ade8a0bcea501cc34897acaaf5,3,mini2,analytics_log,RAW_DEVICE_LOG_ARCHIVE,SFA-sos.json-[PHONE].000.ips
46e8ca48c09e5228f3945ddab50ae15a6318a761c8d06f8dfa5f2aa0bd24a0fa,3,mini2,analytics_log,RAW_DEVICE_LOG_ARCHIVE,SFA-sos.json-[PHONE].ips
2e59c35940019fb83e7ffaf3561f861109df467983e5d50a791f662a0a06f66f,3,mini2,analytics_log,RAW_DEVICE_LOG_ARCHIVE,SFA-swtransparency.json-[PHONE].ips
24c838408fa77a1392193c8d72a5c85cf270d048746e39c2d32f54afe6185b73,3,mini2,analytics_log,RAW_DEVICE_LOG_ARCHIVE,SFA-swtransparency.json-[PHONE].ips
949202a5f51cd2e803fc408379269d5171fbdfa6491a14535d75d4bc4282f4f3,3,mini2,analytics_log,RAW_DEVICE_LOG_ARCHIVE,SFA-transparency.json-[PHONE].ips
3f82f7e8cac3f58cad2de4aaee81698a13555500b47a28f025190c8dd3fbb183,3,mini2,analytics_log,RAW_DEVICE_LOG_ARCHIVE,SFA-transparency.json-[PHONE].000.ips
9066fa5f2917a9379ff9a0473c8f5c3159f8ef49e64fa9a4ef18cb74bd0fb606,3,mini2,analytics_log,RAW_DEVICE_LOG_ARCHIVE,SiriSearchFeedback-[PHONE].ips
59aaf3bc91a03fbd60f1579fc2ffd96f2eb5e45f14822c0fc956200e7c7ce77e,3,mini2,analytics_log,RAW_DEVICE_LOG_ARCHIVE,SiriSearchFeedback-[PHONE].ips
01c25e783868e983cd942946fd537f4ac068e373acd798ba698a76c0145e0220,3,mini2,analytics_log,RAW_DEVICE_LOG_ARCHIVE,SiriSearchFeedback-[PHONE].ips
c76bfddf8fc9739055ee802335487aa28c8238fd0ea7a3c7b76f26c416299cab,3,mini2,analytics_log,RAW_DEVICE_LOG_ARCHIVE,SiriSearchFeedback-[PHONE].000.ips
6fb637d94811411d875a967e966b9c0f0c919a6913c004c4a81a4943aaf0f73d,3,mini2,analytics_log,RAW_DEVICE_LOG_ARCHIVE,SiriSearchFeedback-[PHONE].ips
10cb220d1659f5d9225446e66509d74169f98e8da196734652d603241117d003,3,mini2,analytics_log,RAW_DEVICE_LOG_ARCHIVE,SiriSearchFeedback-[PHONE].ips
9d7ac3f227915286c1dcad121871ed3af5919c51f89d6cc2d3e464c4f7a3b94a,3,mini2,analytics_log,RAW_DEVICE_LOG_ARCHIVE,SiriSearchFeedback-[PHONE].ips
cad2487ae8e1c6730e925a710412240eb0680071d40cebed444841e7fc4d93b7,3,mini2,analytics_log,RAW_DEVICE_LOG_ARCHIVE,SiriSearchFeedback-[PHONE].ips
6e04c2f7a2912ac903860a965c6e48cbb5c52305bb410b1c759f571b4b22f77a,3,mini2,analytics_log,RAW_DEVICE_LOG_ARCHIVE,SiriSearchFeedback-[PHONE].000.ips
d6186bcbe62b106e003205e21538fb27d675ad4f27542326341384be952b0165,3,mini2,analytics_log,RAW_DEVICE_LOG_ARCHIVE,SiriSearchFeedback-[PHONE].ips
4af9d06cc9ffa7de459d147355fda898927b6077d01d9eec5af9797ff5ab342e,3,mini2,analytics_log,RAW_DEVICE_LOG_ARCHIVE,SiriSearchFeedback-[PHONE].ips
b682a9cf20f2da9d0951436181cd6b14646d66804b53585620b88be93bf2f0e3,3,mini2,analytics_log,RAW_DEVICE_LOG_ARCHIVE,SiriSearchFeedback-[PHONE].ips
0d0f72ea4dcfa140284ac075a17bee58cdd59709b72fbbc969161e1c80bd243e,3,mini2,analytics_log,RAW_DEVICE_LOG_ARCHIVE,SiriSearchFeedback-[PHONE].ips
79b324b3f91c9836fb5cef5f2f24e66287519ee5a69a10da6a9af3b420fb3e22,3,mini2,analytics_log,RAW_DEVICE_LOG_ARCHIVE,SiriSearchFeedback-[PHONE].ips
54daba0dd0701e00634f74da85ad9efdbe8255ccc7a6e215cca75d8006e014c6,3,mini2,analytics_log,RAW_DEVICE_LOG_ARCHIVE,xp_amp_app_usage_dnu-[PHONE].ips
8b1bd1990f185634c2e1a0ae9d1e35448126b0016cb7cac4945357fcbac486a7,3,mini2,analytics_log,RAW_DEVICE_LOG_ARCHIVE,xp_amp_app_usage_dnu-[PHONE].ips
e67ed6605187caf8ce24612c03ce5069e43077e65a6d5713d708e9a1115c133f,3,mini2,analytics_synced,RAW_DEVICE_LOG_ARCHIVE,Analytics-[PHONE].ips.ca.synced
f66be571889923f54bee2ae050d753a223b97e18de23e50245edf0c174a7959a,3,mini2,analytics_log,RAW_DEVICE_LOG_ARCHIVE,JetsamEvent-[PHONE].ips
6c3d7f5539c56f602af802dc56bccde66b4f6d68fdc890d837303dc9b7d1828b,3,mini2,analytics_log,RAW_DEVICE_LOG_ARCHIVE,JetsamEvent-[PHONE].ips
5333e86de381df4c83c78899217f872cd25b7d9f7c5869514a665f0ca30e7ce1,3,mini2,text_log,RAW_DEVICE_LOG_ARCHIVE,log-power-[PHONE].session
441dbc1fb75a90ef9ae9952852b88134fd7f47f12c22df7b3a24f8acc2d5f908,3,mini2,analytics_log,RAW_DEVICE_LOG_ARCHIVE,proactive_event_tracker-com_apple_Trial-com_apple_triald-[PHONE].ips
5331d0e0aa69e80105923ffe3e618df71a920305c7525cd5a019df0eaceda1f7,3,mini2,analytics_log,RAW_DEVICE_LOG_ARCHIVE,SFA-ckks.json-[PHONE].000.ips
45941621d384a58c1f44e32e98cdaecb731ed7b7fbc06544ac391b2ab16aea3b,3,mini2,analytics_log,RAW_DEVICE_LOG_ARCHIVE,SFA-ckks.json-[PHONE].ips
454feb89c161d80573cc4fd76ca86560f8683581b9df7fcadf9b794cb473d567,3,mini2,analytics_log,RAW_DEVICE_LOG_ARCHIVE,SFA-CloudServices.json-[PHONE].ips
5c73b48dbfae588143486775452244d182a9b54143873d02d00b12edfc1f3d7e,3,mini2,analytics_log,RAW_DEVICE_LOG_ARCHIVE,SFA-CloudServices.json-[PHONE].ips
8d0d04180488efa0232dd14fff002a7e4b1eaef5e64c64dc870ecf392d6b849c,3,mini2,analytics_log,RAW_DEVICE_LOG_ARCHIVE,SFA-local.json-[PHONE].ips
e99fc7eac3da14cdebaea8e38145f738cb8e3331b7eb2f7183a4f1fb88d8580b,3,mini2,analytics_log,RAW_DEVICE_LOG_ARCHIVE,SFA-local.json-[PHONE].000.ips
43768d1c34ddc905a0d00cf5a11b87d2c131b3821343a432dbd3e9b5d2c83c5c,3,mini2,analytics_log,RAW_DEVICE_LOG_ARCHIVE,SFA-networking.json-[PHONE].ips
1b4971f20e0fb84b6ff403392b7ee055275a884042b9853ee23d37b97ed0f02a,3,mini2,analytics_log,RAW_DEVICE_LOG_ARCHIVE,SFA-networking.json-[PHONE].000.ips
0c5c0b6ffb70a9cf7c7d38c5a0355d91ac95ff2a908048979c7fc14212949370,3,mini2,analytics_log,RAW_DEVICE_LOG_ARCHIVE,SFA-pcs.json-[PHONE].000.ips
6dc3ed9ae94008ecdeec29d649481dbf9e3439dba70f27508e41522024c9d8f8,3,mini2,analytics_log,RAW_DEVICE_LOG_ARCHIVE,SFA-pcs.json-[PHONE].ips
5c8d9893459422da07e22658401a018e49c28086886bfe722179a04fc0a378d3,3,mini2,analytics_log,RAW_DEVICE_LOG_ARCHIVE,SFA-sos.json-[PHONE].ips
4b63862f77777a177e35567e44b2d0d76c8008d9b6f6304a9bb1d7ac0f2996be,3,mini2,analytics_log,RAW_DEVICE_LOG_ARCHIVE,SFA-sos.json-[PHONE].000.ips
0d052b787ac6d6491d2aa8449ee3862d3ced39429eb1558e7334b104c11cf271,3,mini2,analytics_log,RAW_DEVICE_LOG_ARCHIVE,SiriSearchFeedback-[PHONE].ips
9c3d593f8275992ee2bce4e12db305706d53d6a25f2b5caf009307de4549eb48,3,mini2,analytics_log,RAW_DEVICE_LOG_ARCHIVE,SiriSearchFeedback-[PHONE].000.ips
ff71e6ee60b49edb04837bdaec560926e7844b7920a6fe341e40fd49d843f8cc,3,mini2,analytics_log,RAW_DEVICE_LOG_ARCHIVE,SiriSearchFeedback-[PHONE].ips
9b74bdebca16f345c674fd79b00a33c8cda90446be576ebc81374f3ab12966ae,3,mini2,analytics_log,RAW_DEVICE_LOG_ARCHIVE,SiriSearchFeedback-[PHONE].000.ips
6ac0683a49bfebed5426a18bbf7585c8f70fed7a5027af6848afe721b89897aa,3,mini2,analytics_log,RAW_DEVICE_LOG_ARCHIVE,SiriSearchFeedback-[PHONE].ips
9fc31d856b42ea797ffe8a76eec360c0019c2fbf4825a763ef0e2e70a257fe58,3,mini2,analytics_log,RAW_DEVICE_LOG_ARCHIVE,SiriSearchFeedback-[PHONE].ips
4e1c917ba219b8152fc1d0d21dc6bbcec1e18691eec6c17babf11398661c253d,3,mini2,analytics_log,RAW_DEVICE_LOG_ARCHIVE,SiriSearchFeedback-[PHONE].ips
e6561ad2b63db27ac15a3086cf0a39d6e0778e649a6ef3d3274ee2ff959bffe3,3,mini2,analytics_log,RAW_DEVICE_LOG_ARCHIVE,SiriSearchFeedback-[PHONE].ips
883dcb19dc1c5058733dd427835e256af59fc18b98d83c5b1852ea4bedb1b4a7,3,mini2,analytics_log,RAW_DEVICE_LOG_ARCHIVE,SiriSearchFeedback-[PHONE].ips
bad3bb1eeffc90f33d265cf1bbc748080e34b35de5ee4270509511cf14574c68,3,mini2,analytics_log,RAW_DEVICE_LOG_ARCHIVE,xp_amp_app_usage_dnu-[PHONE].ips
f9a7bf6fecc1bcef47d068cbc8f79a474654873293a0fdd286c2bf7105b01dd2,3,mini2,analytics_log,RAW_DEVICE_LOG_ARCHIVE,xp_amp_app_usage_dnu-[PHONE].ips
902b51575d8d6a15574bea608a078216da13f90e45a146100e723b6e27287f9d,3,mini2,analytics_log,RAW_DEVICE_LOG_ARCHIVE,JetsamEvent-[PHONE].ips
962d6e14d76ac4eb7a5754ea1e5b860d66e7c742d353e66a4005b98db461b880,3,mini2,text_log,RAW_DEVICE_LOG_ARCHIVE,log-power-[PHONE].session
18cdd605e2e3c4d197c6a228f921d5b1c0ab33c671269605a983956c38fa6262,3,mini2,analytics_log,RAW_DEVICE_LOG_ARCHIVE,proactive_event_tracker-com_apple_Trial-com_apple_triald-[PHONE].ips
3bbabc6ef0abd69a4321fd182437b9deabe086f6a6f7ee8b669893c1792d9ba9,3,mini2,analytics_log,RAW_DEVICE_LOG_ARCHIVE,SFA-ckks.json-[PHONE].ips
a0c1750fab056078537a23457c9c1acd02e166b1f869d3973127cb5e73fe3ab6,3,mini2,analytics_log,RAW_DEVICE_LOG_ARCHIVE,SFA-CloudServices.json-[PHONE].ips
98f3c018dce4d088692ccaf204c419d169e6b893aeedbb6e15f181184ebd9b30,3,mini2,analytics_log,RAW_DEVICE_LOG_ARCHIVE,SFA-local.json-[PHONE].000.ips
6944a0840e756d16938c1503faf94909fccdcadb9b2266b5d4e2192eb1596a83,3,mini2,analytics_log,RAW_DEVICE_LOG_ARCHIVE,SFA-networking.json-[PHONE].ips
3b4c44f01526cc4b5fa8634dfd6234f06f686f9271947d8592cf4f8289871c37,3,mini2,analytics_log,RAW_DEVICE_LOG_ARCHIVE,SFA-pcs.json-[PHONE].ips
cded9ea546259c1be5b0e79758a6acf1e31bf0a94e524a4c51f71954579b644d,3,mini2,analytics_log,RAW_DEVICE_LOG_ARCHIVE,SFA-sos.json-[PHONE].000.ips
ba92246829aeb4b9bebe9d296e7dd449fe043754befbf55f1cef995f0399517f,3,mini2,analytics_log,RAW_DEVICE_LOG_ARCHIVE,SiriSearchFeedback-[PHONE].ips
17c565947eaf0e8d4ed614780d244fdbb3f3709f9d50b9887999539a49da633b,3,mini2,analytics_log,RAW_DEVICE_LOG_ARCHIVE,SiriSearchFeedback-[PHONE].ips
b76119b68ca3ac5c9f4dd1d416fc73fe36b70597e88899a78bb672a2fbfba06d,3,mini2,analytics_log,RAW_DEVICE_LOG_ARCHIVE,SiriSearchFeedback-[PHONE].ips
45d2d7af48df055ac9001e528abec93ad16919b6ce844abae1da965f17acf7f8,3,mini2,analytics_log,RAW_DEVICE_LOG_ARCHIVE,SiriSearchFeedback-[PHONE].ips
1a0ef350a1df22bca34d7dd94d1e127940838d033bfae2ef5ddc0e9d9c26003b,3,mini2,analytics_log,RAW_DEVICE_LOG_ARCHIVE,SiriSearchFeedback-[PHONE].ips
4027f010bb8aef11b52b4f00bc3c1c86874e75f8fc63a3b8a1c9e80b78116403,3,mini2,analytics_log,RAW_DEVICE_LOG_ARCHIVE,SiriSearchFeedback-[PHONE].000.ips
b1635d1355ef99b21416411b28c0a99950ac7fa474becaac15f4f42ca2606aba,3,mini2,analytics_log,RAW_DEVICE_LOG_ARCHIVE,SiriSearchFeedback-[PHONE].ips
a012d38f62d99b68816c287a3949178e0221828a898cf8e6aef6f69fff0aff07,3,mini2,analytics_log,RAW_DEVICE_LOG_ARCHIVE,SiriSearchFeedback-[PHONE].ips
57e3eb78d10c94286c71cbb61922a6e503da4d31e2ec0c4dfe40bd0ab45f0f98,3,mini2,analytics_log,RAW_DEVICE_LOG_ARCHIVE,SiriSearchFeedback-[PHONE].ips
67e0d26ec534a68a828d9aa01a29e7f83952b6e2fb23c1abeb22b759b6252708,3,mini2,analytics_log,RAW_DEVICE_LOG_ARCHIVE,SiriSearchFeedback-[PHONE].ips
4ec6e7408d4a2805a027b33d7b5a7603308a0e417736dc49aec1861520573dea,3,mini2,analytics_log,RAW_DEVICE_LOG_ARCHIVE,xp_amp_app_usage_dnu-[PHONE].ips
89800fe0dc5a5f0657ed46e6c2cf144c50a2a6298958ba1d4b7d4a758d68a055,3,mini2,analytics_log,RAW_DEVICE_LOG_ARCHIVE,xp_amp_app_usage_dnu-[PHONE].ips
ffde3ddbaad0c63f42eaa6c58316aaf63ef325f51819174f83877d8ae648104d,3,mini2,analytics_synced,RAW_DEVICE_LOG_ARCHIVE,Analytics-[PHONE].ips.ca.synced
e9f0e2dcdd5964c804ee00957a706e239ac938cf38490ab4224aaef4bbb22171,3,mini2,analytics_log,RAW_DEVICE_LOG_ARCHIVE,JetsamEvent-[PHONE].ips
8979a3e8d65ffb92901ebef38c1f23a5761afe0e6c2e95e7dc1083b216114696,3,mini2,text_log,RAW_DEVICE_LOG_ARCHIVE,log-power-[PHONE].session
228840ff02917adf7ced272f94e86c7e7282ca3b63ad7d4c24ccdd8e3f42eee6,3,mini2,analytics_log,RAW_DEVICE_LOG_ARCHIVE,proactive_event_tracker-com_apple_Trial-com_apple_triald-[PHONE].ips
5e5bfdef342d0d7bde6bdd52427294a0b92db886d1aa5ff559229105fc370e98,3,mini2,analytics_log,RAW_DEVICE_LOG_ARCHIVE,SFA-ckks.json-[PHONE].000.ips
712f271106918d6dabca721c14aa7b0e891e0b9507cdeb2fb41a54a536b70a0d,3,mini2,analytics_log,RAW_DEVICE_LOG_ARCHIVE,SFA-ckks.json-[PHONE].ips
f8d6538b1feb75c5f1c8486be954ae7fc3a1420f5c3d8823ee80f85229933260,3,mini2,analytics_log,RAW_DEVICE_LOG_ARCHIVE,SFA-CloudServices.json-[PHONE].ips
5c21d7ff07dc39850e852e72878a8952843b0528e7660adbff673587ec750f91,3,mini2,analytics_log,RAW_DEVICE_LOG_ARCHIVE,SFA-CloudServices.json-[PHONE].ips
52e58660f16fb854285c6de1de1964f9bc48a15ef20638cd713aba399a12facc,3,mini2,analytics_log,RAW_DEVICE_LOG_ARCHIVE,SFA-local.json-[PHONE].0002.ips
9fbf944c6677517457f993db0fe809b6c0c7edb15948339fef1d63407cbff2bd,3,mini2,analytics_log,RAW_DEVICE_LOG_ARCHIVE,SFA-local.json-[PHONE].000.ips
06f79cdb5b8633f0f84c12a8a6005591f1eb5d88bda492d71ed013e8de6c1194,3,mini2,analytics_log,RAW_DEVICE_LOG_ARCHIVE,SFA-networking.json-[PHONE].ips
bc82758b2318ac0b39d679f96ac76e5780aaf22f77f27ef2223fd62d2f9ba72b,3,mini2,analytics_log,RAW_DEVICE_LOG_ARCHIVE,SFA-networking.json-[PHONE].000.ips
b38aea18928bdda01dfc955708c51d08d9e723e9ebbd653de3b81f141c9bc90f,3,mini2,analytics_log,RAW_DEVICE_LOG_ARCHIVE,SFA-pcs.json-[PHONE].000.ips
1fbd46e74b263a6339f00d08092f03779639ec8061d1c2cee0078a22e65436c4,3,mini2,analytics_log,RAW_DEVICE_LOG_ARCHIVE,SFA-pcs.json-[PHONE].ips
0d941083f577e365c359c82911d88c77d587003b0afa0c33e1011b0687ab187d,3,mini2,analytics_log,RAW_DEVICE_LOG_ARCHIVE,SFA-sos.json-[PHONE].ips
d7aadaa0ca40a6aee44b1d8f17f59cc632f0350685c6aec4db1284406ee69904,3,mini2,analytics_log,RAW_DEVICE_LOG_ARCHIVE,SFA-sos.json-[PHONE].000.ips
22ddf74c0f01557d5dfc0f841edb65543d679581d08cfcab975446b8cd7ef208,3,mini2,analytics_log,RAW_DEVICE_LOG_ARCHIVE,signpost_reporter.cpu_resource-[PHONE].ips
da9e8c2cd21c5a5d75b33e93771d431cb337ac977669016feb2cafdec73428c3,3,mini2,analytics_log,RAW_DEVICE_LOG_ARCHIVE,SiriSearchFeedback-[PHONE].ips
e6d162aeeb84469d610cd9a214741c8d8fb5f2b9c444ac9fad2f1f98e0a2d7f4,3,mini2,analytics_log,RAW_DEVICE_LOG_ARCHIVE,SiriSearchFeedback-[PHONE].ips
9f3793a1fb721269854f76189f3554916264aa58e8cee1f744e2fe7c1cc6bf6a,3,mini2,analytics_log,RAW_DEVICE_LOG_ARCHIVE,SiriSearchFeedback-[PHONE].ips
5fc8ad21ffea0c16c87833360eee81b20067f230336e10a1a798b6ee62b76e26,3,mini2,analytics_log,RAW_DEVICE_LOG_ARCHIVE,SiriSearchFeedback-[PHONE].ips
2fa72fca3305ce5f28cb013959ae0f57b7c9ee3d2508a3d333a6492f8e14f6fb,3,mini2,analytics_log,RAW_DEVICE_LOG_ARCHIVE,SiriSearchFeedback-[PHONE].ips
58f3622508196d00ad7c62cfc8c8e197d0de39f6bbefdfe5d1b87b5e0d6b9aac,3,mini2,analytics_log,RAW_DEVICE_LOG_ARCHIVE,SiriSearchFeedback-[PHONE].ips
ba61f4330f7379809ae124fb197fe150c2d6bbeeaa32b90bc2a79cbbd1bcf1c7,3,mini2,analytics_log,RAW_DEVICE_LOG_ARCHIVE,SiriSearchFeedback-[PHONE].ips
ab012b534e834cde5196bb3a2bfcb7e71042bcb61be27cbedf5d8b4bb37c0502,3,mini2,analytics_log,RAW_DEVICE_LOG_ARCHIVE,SiriSearchFeedback-[PHONE].ips
4ad1ac2f0e7bc38035166d9b058d9407f6594d9e81fecbfcaf36960bc9c049b6,3,mini2,analytics_log,RAW_DEVICE_LOG_ARCHIVE,SiriSearchFeedback-[PHONE].ips
ca5c22df52e56691e3c8e033074385761a31d89677feba059d03d65f7a8e8f8a,3,mini2,analytics_log,RAW_DEVICE_LOG_ARCHIVE,SiriSearchFeedback-[PHONE].ips
7611abd3588119a7f56acd4f46003c1cb24f1ed7d26f26cecc2813d3ada98fa5,3,mini2,analytics_log,RAW_DEVICE_LOG_ARCHIVE,SiriSearchFeedback-[PHONE].ips
99889a4fc27b360f2f5b032d09058a1ea7798db9a8802a056dd887cd99e2915d,3,mini2,analytics_log,RAW_DEVICE_LOG_ARCHIVE,SiriSearchFeedback-[PHONE].ips
6be37c2d5eb08afa59a0dfa7f8754062df9f0dc64e20da8f490d069b9de73618,3,mini2,analytics_log,RAW_DEVICE_LOG_ARCHIVE,SiriSearchFeedback-[PHONE].ips
8ebec33b9e596af1c74714bffca1e60b8fafae8a4277a15d954ba0a938bc687e,3,mini2,analytics_log,RAW_DEVICE_LOG_ARCHIVE,SiriSearchFeedback-[PHONE].ips
4b37c911c1a197f2a1bbf0d032c7332656034104a94e2fc835e9c919167bc524,3,mini2,analytics_log,RAW_DEVICE_LOG_ARCHIVE,SiriSearchFeedback-[PHONE].ips
ae469673ad4ec9e2b0d00677a1e439b096d5a6ee18282decc4e738b878b9ff2c,3,mini2,analytics_log,RAW_DEVICE_LOG_ARCHIVE,SiriSearchFeedback-[PHONE].ips
0545882f919b85d3934687341a7354f23d130aa63f56875642a96369de2f64a7,3,mini2,analytics_log,RAW_DEVICE_LOG_ARCHIVE,SiriSearchFeedback-[PHONE].000.ips
c0ddd9819a86a05d0acfa78d74cd3e54ecd2c8b02f6c71759721fdf1aff9ad35,3,mini2,analytics_log,RAW_DEVICE_LOG_ARCHIVE,SiriSearchFeedback-[PHONE].ips
5509ffd4c482e8f0894e60beaa139d270d6c62fc8c3b71ce2bf5c8c058aac48b,3,mini2,analytics_log,RAW_DEVICE_LOG_ARCHIVE,SiriSearchFeedback-[PHONE].ips
258db1fb5b9b21a06bf7829dfb925157d71a8119210ea61d17ad325f5fd2b1db,3,mini2,analytics_log,RAW_DEVICE_LOG_ARCHIVE,WiFiConnectionQuality-[PHONE].ips
d7461020c89be8a99b5f052f81ca9066c7197b5261a99c2de4a66d202b3e01ff,3,mini2,analytics_log,RAW_DEVICE_LOG_ARCHIVE,xp_amp_app_usage_dnu-[PHONE].ips
780574662a32b8073508a081791d9eb35e0765b8044db307361166446ae29806,3,mini2,analytics_log,RAW_DEVICE_LOG_ARCHIVE,xp_amp_app_usage_dnu-[PHONE].ips
5828d0dbdcf00612fd1b9a72d48f1ff84ea2a600f7c2f17cb759e3e3079afefa,3,mini2,analytics_log,RAW_DEVICE_LOG_ARCHIVE,SiriSearchFeedback-[PHONE].ips
19e03b891eed6c5348ead48fc195f63c27723dec00ed5f56706e52efa26082bf,3,mini2,analytics_log,RAW_DEVICE_LOG_ARCHIVE,MobileNotes.cpu_resource-[PHONE].ips
e5d067aac1c404b06ee364f259319633893be991f69a9866127ef600bb9a8546,3,mini2,analytics_log,RAW_DEVICE_LOG_ARCHIVE,proactive_event_tracker-com_apple_Trial-com_apple_triald-[PHONE].ips
bf18ac31a6df5bde15ef2c02faa123a818bbf43fb20df7634050d2d1aec89f25,3,mini2,analytics_log,RAW_DEVICE_LOG_ARCHIVE,SFA-ckks.json-[PHONE].ips
95c9c211dd50274a46e19464a9b339a25ba9718b8dd3911d83aed10d18674bfc,3,mini2,analytics_log,RAW_DEVICE_LOG_ARCHIVE,SFA-ckks.json-[PHONE].ips
ef61c46771417e19570a0cfae0f8e80f8cea1d0f212ce6d7f1e134bf8487abfe,3,mini2,analytics_log,RAW_DEVICE_LOG_ARCHIVE,SFA-CloudServices.json-[PHONE].ips
34665291568604da49a62b569e6d8b7026ce0ed0bc6def49b2091517fc41fc63,3,mini2,analytics_log,RAW_DEVICE_LOG_ARCHIVE,SFA-CloudServices.json-[PHONE].ips
962fe74c9202e092ecb3665509762c7db4d109f6841c892948d39e6555bdb1b8,3,mini2,analytics_log,RAW_DEVICE_LOG_ARCHIVE,SFA-local.json-[PHONE].0003.ips
6d9dcc4b24cf06bb48d1c47ac6573529d42bacb49de24c34020f5b109a1d575f,3,mini2,analytics_log,RAW_DEVICE_LOG_ARCHIVE,SFA-local.json-[PHONE].000.ips
46f01423ba59c787749834e2f1434e8fe16bb9450da88598ca6a235ee742d3b9,3,mini2,analytics_log,RAW_DEVICE_LOG_ARCHIVE,SFA-networking.json-[PHONE].ips
900fcf71471d395f64f95acaf71ef06ac40ac8d12753323d31665e61d848d47b,3,mini2,analytics_log,RAW_DEVICE_LOG_ARCHIVE,SFA-networking.json-[PHONE].000.ips
6c4748a556b954879d627a6711814b12017f63604ffe72573ae5f9091c29ce91,3,mini2,analytics_log,RAW_DEVICE_LOG_ARCHIVE,SFA-pcs.json-[PHONE].0002.ips
2a2796770c14240186480c669a7171311f0ac5b0610839aee9e6aa5f828cce6c,3,mini2,analytics_log,RAW_DEVICE_LOG_ARCHIVE,SFA-pcs.json-[PHONE].ips
60033f2b505a1510b277bb3ba96ea3fc7205b1ee48369217466a91ef2df428c1,3,mini2,analytics_log,RAW_DEVICE_LOG_ARCHIVE,SFA-sos.json-[PHONE].000.ips
f95a39181f8c5092cee184e7d5ce543b155f31b982730fdfee40bd5d2d78ef76,3,mini2,analytics_log,RAW_DEVICE_LOG_ARCHIVE,SFA-sos.json-[PHONE].000.ips
c76ee1d7771baa8e3c4c312213e8e4104e012b80abc3474ed0333a677ac2cbc3,3,mini2,analytics_log,RAW_DEVICE_LOG_ARCHIVE,sharingd.diskwrites_resource-[PHONE].ips
dd3eb4820fe705e37fe7d788ebda03506ee72044ac0003d9ce826d82f4a34a81,3,mini2,analytics_log,RAW_DEVICE_LOG_ARCHIVE,SiriSearchFeedback-[PHONE].ips
e48c72509050fe856360394497a0218396f21988f8abfd649a7c8a69c643d194,3,mini2,analytics_log,RAW_DEVICE_LOG_ARCHIVE,SiriSearchFeedback-[PHONE].ips
3e9b27e5404c0b8280d6211b4dacab9a527a8e5037a4bf32ad4dbf5bef8e1845,3,mini2,analytics_log,RAW_DEVICE_LOG_ARCHIVE,SiriSearchFeedback-[PHONE].ips
5239d25da471d112226f79ef214ee61c4ace5ac942faff029d0ec670f1bb2c4a,3,mini2,analytics_log,RAW_DEVICE_LOG_ARCHIVE,SiriSearchFeedback-[PHONE].ips
1fbb13dd1685f8b009779d429ceff4cba0f7caee804958c6088c4be78d22da07,3,mini2,analytics_log,RAW_DEVICE_LOG_ARCHIVE,SiriSearchFeedback-[PHONE].ips
12f1347e7ddad03116e64ddc937267727aa58571926efe2332a64b1db8ef75ab,3,mini2,analytics_log,RAW_DEVICE_LOG_ARCHIVE,SiriSearchFeedback-[PHONE].ips
c57fd3c825a317d61ef0bb70f8badb3c8e3a5fd62ce313ce895283d8770d0316,3,mini2,analytics_log,RAW_DEVICE_LOG_ARCHIVE,SiriSearchFeedback-[PHONE].ips
13076cf4548abc64ccf93f0f07aed477fd9be3d9bd48fd365262190508ffbebf,3,mini2,analytics_log,RAW_DEVICE_LOG_ARCHIVE,SiriSearchFeedback-[PHONE].000.ips
f2b520e1e7ccdb9678d126898b3dd40c62ce3c2320f1554ebb76a70dad1d9f92,3,mini2,analytics_log,RAW_DEVICE_LOG_ARCHIVE,SiriSearchFeedback-[PHONE].ips
3f48f17dc25726315fba9a057c70014dc683729750a6b9b4f36892f9a46fd7f8,3,mini2,analytics_log,RAW_DEVICE_LOG_ARCHIVE,SiriSearchFeedback-[PHONE].ips
1cef1095e001d57fdbc3e4d4250801e492c62e58ea2c391ad58dfb08bfd97fdb,3,mini2,analytics_log,RAW_DEVICE_LOG_ARCHIVE,SiriSearchFeedback-[PHONE].ips
b958ce4b734cdd18bc40c24b9c98c658b2218ab7e2041e42ce76c3317ae62f2f,3,mini2,analytics_log,RAW_DEVICE_LOG_ARCHIVE,xp_amp_app_usage_dnu-[PHONE].ips
cee0b40fed963beca3962f4e8018d3367294f9b17db98d727129542666e07918,3,mini2,analytics_log,RAW_DEVICE_LOG_ARCHIVE,xp_amp_app_usage_dnu-[PHONE].ips
2ddbbd3284aa7e6bb335f50e432b0ec9abb69089b29c6421ccf96e11b33027d8,3,mini2,analytics_log,RAW_DEVICE_LOG_ARCHIVE,JetsamEvent-[PHONE].ips
fb5f959de9e9e9825ecac5101837e2c69c0b79a8f243da0694811567dd54a46e,3,mini2,analytics_log,RAW_DEVICE_LOG_ARCHIVE,JetsamEvent-[PHONE].ips
513eedb49c60bea1b1e0c4d195516b3a89150be83f634c8e2deb94a353623759,3,mini2,analytics_log,RAW_DEVICE_LOG_ARCHIVE,proactive_event_tracker-com_apple_Trial-com_apple_triald-[PHONE].ips
a9ac80c24059bb58ebd98a246f49bba6652e889c3bda9b8e27606efc4fe9d750,3,mini2,analytics_log,RAW_DEVICE_LOG_ARCHIVE,SiriSearchFeedback-[PHONE].ips
24fe098b56e1ddff94933fe3813ae9b58899bfe96f48825f688af383447f34ca,3,mini2,analytics_log,RAW_DEVICE_LOG_ARCHIVE,SiriSearchFeedback-[PHONE].ips
40bdbae159fba82f0f10ef36ce7a6c28d4aa33aa6d33867958a0feffb74fb454,3,mini2,analytics_log,RAW_DEVICE_LOG_ARCHIVE,SiriSearchFeedback-[PHONE].ips
8cd497466ab9b8a8ab95255812b08cef67098c2bb014f12748bae8e072026494,3,mini2,analytics_log,RAW_DEVICE_LOG_ARCHIVE,SiriSearchFeedback-[PHONE].000.ips
6662ba62ceadfe04d9ea675dfc1c2da5ba44ce1e270a781b388330c835d6a182,3,mini2,analytics_log,RAW_DEVICE_LOG_ARCHIVE,SiriSearchFeedback-[PHONE].ips
3effe7e44ea4c7b8a894a25c29246a46c935116c84c837cbadd845dc695d4c33,3,mini2,analytics_log,RAW_DEVICE_LOG_ARCHIVE,SiriSearchFeedback-[PHONE].ips
d77e6647ecc81f2315d89f73ab638895814a6fa115f6998a005d4d1090418be4,3,mini2,analytics_log,RAW_DEVICE_LOG_ARCHIVE,SiriSearchFeedback-[PHONE].000.ips
9193a89def9d8c08289cfed9d48d54d995465eef7c3a623393b46da9ddaf411b,3,mini2,analytics_log,RAW_DEVICE_LOG_ARCHIVE,SiriSearchFeedback-[PHONE].ips
0dcdcd9fab532b96f7e42cc3adfdcec949470ebd3efbae1d5924c4834b71b692,3,mini2,analytics_log,RAW_DEVICE_LOG_ARCHIVE,SiriSearchFeedback-[PHONE].ips
bbf5145748680abf668516852ded7cbb179bf19050884a95517203b2102aca33,3,mini2,analytics_log,RAW_DEVICE_LOG_ARCHIVE,SiriSearchFeedback-[PHONE].ips
92d38e8184b084754b0c8ec1351e6935e8974582c2a7b60d8b4c1f3c8755899d,3,mini2,analytics_log,RAW_DEVICE_LOG_ARCHIVE,SiriSearchFeedback-[PHONE].ips
df52043c90ea65ab1cb99e19c665ce08be29471b6dc7bf95e90530ad6c4f6c10,3,mini2,analytics_log,RAW_DEVICE_LOG_ARCHIVE,SiriSearchFeedback-[PHONE].ips
d980de5d149776eab0c523ea6acec44b18b5abb25727d487b5c20a51d70d7b14,3,mini2,analytics_log,RAW_DEVICE_LOG_ARCHIVE,SiriSearchFeedback-[PHONE].ips
02c3aca655e0098315d90b48cf13b72271d330b58a71f34998dfd6590dcbc657,3,mini2,analytics_log,RAW_DEVICE_LOG_ARCHIVE,SiriSearchFeedback-[PHONE].ips
9abd9be78f3eee71b3a3c13339e01771681a28f4f4c61d9cab6a1154cb8e345d,3,mini2,analytics_log,RAW_DEVICE_LOG_ARCHIVE,SiriSearchFeedback-[PHONE].ips
da98ff5107198246fb361984e9e17f18df4ea88e8a45df9d386fe4cc8e12421e,3,mini2,analytics_log,RAW_DEVICE_LOG_ARCHIVE,SiriSearchFeedback-[PHONE].ips
6de82cefd204725831c3636724a1dc6c35170bd02028de3f0651a0dc4af0f05c,3,mini2,analytics_log,RAW_DEVICE_LOG_ARCHIVE,SiriSearchFeedback-[PHONE].ips
bd8770bdcb255f6817de5457907ce5f836188de4623297930a458d12a8192a10,3,mini2,analytics_log,RAW_DEVICE_LOG_ARCHIVE,SiriSearchFeedback-[PHONE].ips
b962b4b1920f58a95630f0626f8b06c0876705016afb6967cefc028b5c5aec4f,3,mini2,analytics_log,RAW_DEVICE_LOG_ARCHIVE,SiriSearchFeedback-[PHONE].ips
fe4e969eb9ee8ed23396056a6db5c5e24007909791d178dc1309ee489429a3c7,3,mini2,analytics_log,RAW_DEVICE_LOG_ARCHIVE,SiriSearchFeedback-[PHONE].000.ips
338e5030ea3d4c69961aa3224fb35cf0d5f4edf0739f234831bc7701316bfa93,3,mini2,analytics_log,RAW_DEVICE_LOG_ARCHIVE,SiriSearchFeedback-[PHONE].ips
1e12af5478b8388aec3deccd8587114e78cbc921334f1586d6351b339d42201b,3,mini2,analytics_log,RAW_DEVICE_LOG_ARCHIVE,SiriSearchFeedback-[PHONE].ips
53f892ea0e0aa9641609debb3aeddc9911e0816418053b322896be01f1c7f3a9,3,mini2,analytics_log,RAW_DEVICE_LOG_ARCHIVE,xp_amp_app_usage_dnu-[PHONE].ips
99e7e85fe0e5938a474620bb77701e0874e81e6089f7fc1e573f8e81eac5f109,3,mini2,analytics_log,RAW_DEVICE_LOG_ARCHIVE,xp_amp_app_usage_dnu-[PHONE].ips
4ee6bbff85f1e473d23bd290500d93094ae3625229d4201d7f72813bae9ca8a6,3,mini2,analytics_log,RAW_DEVICE_LOG_ARCHIVE,forceReset-full-[PHONE].0002.ips
03e6f9a854ba8b44f51cb906e79bcb12b3ef2b9dcc266456be1dfba34e73dc84,3,mini2,analytics_log,RAW_DEVICE_LOG_ARCHIVE,JetsamEvent-[PHONE].ips
0c52c3ccf27644e17358b644d32ce2f8ad144dccb0428dadf3fb413429aeda33,3,mini2,analytics_log,RAW_DEVICE_LOG_ARCHIVE,ospredictiond.cpu_resource-[PHONE].ips
e15b0fb80924bcd1c2fba976fa3c16aa17868ed598f6bbfb2738d250fec37b03,3,mini2,analytics_log,RAW_DEVICE_LOG_ARCHIVE,proactive_event_tracker-com_apple_Trial-com_apple_triald-[PHONE].ips
8d279e9fdec3c8239a530b8e96919b86a652f64866d2478bbd64f147cf301c6d,3,mini2,analytics_log,RAW_DEVICE_LOG_ARCHIVE,ResetCounter-[PHONE].ips
a44293d449b88a82a8a3a1191caad758cf63e723f2f468be5094371b9ee66444,3,mini2,analytics_log,RAW_DEVICE_LOG_ARCHIVE,searchd.diskwrites_resource-[PHONE].ips
7502d75fad8a28d88d91651efa0a51c42e1deeb1ca4517c04ba1fdbc4d73588b,3,mini2,analytics_log,RAW_DEVICE_LOG_ARCHIVE,SFA-ckks.json-[PHONE].ips
f580e537605f6b9462622f8c3b5f3a0de72aab56884290ce7f00ff733009d931,3,mini2,analytics_log,RAW_DEVICE_LOG_ARCHIVE,SFA-CloudServices.json-[PHONE].ips
d776ed8d2592984fb275f7dc1bcd22b4135b25c226be4260e1a035dca77d3bbd,3,mini2,analytics_log,RAW_DEVICE_LOG_ARCHIVE,SiriSearchFeedback-[PHONE].ips
ff3f8422f31702bbcbf37ebfdf4b1cb786c5075d266b70aad1ad35271261600d,3,mini2,analytics_log,RAW_DEVICE_LOG_ARCHIVE,SiriSearchFeedback-[PHONE].ips
327a8e250db9349c8a27fc42b7cd5acf5e27e3e82afd1a363b22070ac0bf4d89,3,mini2,analytics_log,RAW_DEVICE_LOG_ARCHIVE,SiriSearchFeedback-[PHONE].ips
4a3ad07f3aea0ebdf022b6c4431b7f466a230ff75910d7d3f0ffc5ccddce0553,3,mini2,analytics_log,RAW_DEVICE_LOG_ARCHIVE,SiriSearchFeedback-[PHONE].ips
50c1b9023ba6ade33913cc3b2f98b54750072b53cdd3036f998871e1f3f21022,3,mini2,analytics_log,RAW_DEVICE_LOG_ARCHIVE,SiriSearchFeedback-[PHONE].ips
befd3a16a3c442c3b6848c43e018f42214a7fcac3ed3f95cc3d1d5c805724e6e,3,mini2,analytics_log,RAW_DEVICE_LOG_ARCHIVE,SiriSearchFeedback-[PHONE].ips
b9da6350ed3c4247b17fdc00d82cacaca46cf1380d86e9bc0e0e16d3330bad29,3,mini2,analytics_log,RAW_DEVICE_LOG_ARCHIVE,SiriSearchFeedback-[PHONE].000.ips
d69fe3380c6a5444ae14d6e0e0483899918c28c6c0683a4607ede0a4136dd51d,3,mini2,analytics_log,RAW_DEVICE_LOG_ARCHIVE,SiriSearchFeedback-[PHONE].ips
6da4a6584de716f5348652061cb9f3ced157c631d3dbb34405bf4c2d00087230,3,mini2,analytics_log,RAW_DEVICE_LOG_ARCHIVE,SiriSearchFeedback-[PHONE].ips
17290dc5b97411a4cf79cb0bf06281a0fa2ba5308855bd9cd00deff5f1d80cbb,3,mini2,analytics_log,RAW_DEVICE_LOG_ARCHIVE,SiriSearchFeedback-[PHONE].ips
b2f33e51dd14bca0057d22585bbe7114ca92acd9c88b5ff81a50d1aef60b093b,3,mini2,analytics_log,RAW_DEVICE_LOG_ARCHIVE,SiriSearchFeedback-[PHONE].ips
3efcc9e919ab3f0488c87ffca82a20a6685616953396797af34db2cfec84bc53,3,mini2,analytics_log,RAW_DEVICE_LOG_ARCHIVE,stacks-[PHONE].ips
adc88e49c96c3cdf7dcf613bfc1dbcd8bd7deaa93352a03066355ba3f3143c11,3,mini2,analytics_log,RAW_DEVICE_LOG_ARCHIVE,xp_amp_app_usage_dnu-[PHONE].ips
b444337f6c123803d7148ff8f7acca4856f6dda80bfbc47e6292a2222ccad5d9,3,mini2,analytics_log,RAW_DEVICE_LOG_ARCHIVE,xp_amp_app_usage_dnu-[PHONE].ips
3f5e90bd404950e206df5b28b1a0b70a715be13462af8816cf12949ae2e65879,3,mini2,rtcr|text_log,RAW_DEVICE_LOG_ARCHIVE,RTCReporting_messageLog_2025-[PHONE] (6).txt || RTCReporting_messageLog_2025-[PHONE] (8).txt || テキスト (13).txt
6d8f9cc78f663907b9c271d91ef3d2bfcfccd789e50947f8359d997d1571ed00,3,mini2,rtcr|text_log,RAW_DEVICE_LOG_ARCHIVE,RTCReporting_messageLog_2025-[PHONE].txt || テキスト (15).txt
31e7ceb92dbf441b8a8c562f4f18ffb92116aeca0bb05c8f38d764a45fcb0f60,3,mini2,rtcr|text_log,RAW_DEVICE_LOG_ARCHIVE,RTCReporting_messageLog_2025-[PHONE] (5).txt || RTCReporting_messageLog_2025-[PHONE] (9).txt || テキスト 2 (12).txt
4b9c68febf3350488db6815da6799cbb341a3c2f7d5e83f181457fd439a667c4,3,mini2,rtcr|text_log,RAW_DEVICE_LOG_ARCHIVE,RTCReporting_messageLog_2025-[PHONE] (10).txt || RTCReporting_messageLog_2025-[PHONE] (6).txt || テキスト 2 (13).txt
ed3565c5d94efe6318640bdd716352de385bb85417bd7533824c97f9bd2df185,3,mini2,rtcr|text_log,RAW_DEVICE_LOG_ARCHIVE,RTCReporting_messageLog_2025-[PHONE] (6).txt || RTCReporting_messageLog_2025-[PHONE] (8).txt || テキスト (28).txt
89066e296d9bcfcf602419792c8a2932939c4e932857104ee4a49245a68f2de4,3,mini2,rtcr|text_log,RAW_DEVICE_LOG_ARCHIVE,RTCReporting_messageLog_2025-[PHONE] (4).txt || RTCReporting_messageLog_2025-[PHONE] (5).txt || テキスト 2 (8).txt
05d9fcd71bfd21f28f740fc62a5a91a83b6b997b6bc913d683998140f3c27b67,3,mini2,rtcr|text_log,RAW_DEVICE_LOG_ARCHIVE,RTCReporting_messageLog_2025-[PHONE] (8).txt || RTCReporting_messageLog_2025-[PHONE].txt || テキスト 2.txt
0e3a3b52b509837010d2e5fde83dbb501f465d2f1871519e262546ec055ad2e7,3,mini2,rtcr,RAW_DEVICE_LOG_ARCHIVE,RTCReporting_messageLog_2025-[PHONE] (2).txt
6fc9faae4f9d783b57e14a08c0289dc2177a4923de035b9773195b26cb80f728,3,mini2,rtcr|text_log,RAW_DEVICE_LOG_ARCHIVE,RTCReporting_messageLog_2025-[PHONE] (5).txt || テキスト 2 (10).txt
580d32ca8b30e5703b4dfe376c1a0fa48a0abed3fda9c67cf8f574e51b972cb7,3,mini2,rtcr|text_log,RAW_DEVICE_LOG_ARCHIVE,RTCReporting_messageLog_2025-[PHONE] (6).txt || テキスト 2 (11).txt
1ae48f42bef69732038fac7a27a65f7532001be09e482b6add645430876370dd,3,mini2,rtcr|text_log,RAW_DEVICE_LOG_ARCHIVE,RTCReporting_messageLog_2025-[PHONE] (3).txt || RTCReporting_messageLog_2025-[PHONE].txt || テキスト 3 (4).txt
d36165d6e523bc4dd1d7670542e144565155b7f2b69b9935394d57de0128e3c8,3,mini2,rtcr|text_log,RAW_DEVICE_LOG_ARCHIVE,RTCReporting_messageLog_2025-[PHONE] (7).txt || テキスト 2 (12).txt
c3348303c407f92819055fcb98b1e5d45fb66ef2088f0d25fd7172f46eb3cbe5,3,mini2,rtcr|text_log,RAW_DEVICE_LOG_ARCHIVE,RTCReporting_messageLog_2025-[PHONE].txt || テキスト (2).txt
7fe281a1be30ee0cb4e8a70f72d1abbaaa9f0beecc8343982cdf40cd9d77f1aa,3,mini2,rtcr|text_log,RAW_DEVICE_LOG_ARCHIVE,RTCReporting_messageLog_2025-[PHONE] (3).txt || RTCReporting_messageLog_2025-[PHONE] (4).txt || テキスト 2 (5).txt
c076f7ee312845528466fe0bf4323643a679e16ad7a6bdf4e03bf85f473fd732,3,mini2,rtcr,RAW_DEVICE_LOG_ARCHIVE,RTCReporting_messageLog_2025-[PHONE] (4).txt || RTCReporting_messageLog_2025-[PHONE] (6).txt || RTCReporting_messageLog_2025-[PHONE].txt
018f3c45d45c1c37c2fa39c0ba2946dc5218bdaedf12dfdc3491b3034bf5637c,3,mini2,rtcr,RAW_DEVICE_LOG_ARCHIVE,RTCReporting_messageLog_2025-[PHONE] (4).txt || RTCReporting_messageLog_2025-[PHONE] (5).txt
7cec17e47c0e0487b8f9d9eb15169010fd621a6d7be0c34cd8e44107cba02dd7,3,mini2,rtcr,RAW_DEVICE_LOG_ARCHIVE,RTCReporting_messageLog_2025-[PHONE].txt
99a74c1baea08a4b6b8c7e05e18cdef9797eac174e7c3d636a0b0732beff6fb2,3,mini2,other,RAW_DEVICE_LOG_ARCHIVE,PrivacyPreservingMeasurement_2025-[PHONE].json 2.anon || PrivacyPreservingMeasurement_2025-[PHONE].json.anon
64bfafb94233391532214d186eca0c7863e4109e05d854ed02db3931054e72f0,3,mini2,rtcr,RAW_DEVICE_LOG_ARCHIVE,RTCReporting_messageLog_2026-[PHONE].txt
542ace5b0e63df3480d074b27efea675ba41e314d146087396a7905e8e80c81b,3,mini2,rtcr,RAW_DEVICE_LOG_ARCHIVE,RTCReporting_messageLog_2026-[PHONE].txt
b45b33b7d1e4c766bb596c784e800a014ea7f0e2a3789f89924454da0c7f8a19,3,mini2,rtcr,RAW_DEVICE_LOG_ARCHIVE,RTCReporting_messageLog_2026-[PHONE].txt
d6e3509d412779ffed1357b6c75bdec69c12be7963d5ff1ebe0f376d6aed62c4,3,mini2,analytics_log,RAW_DEVICE_LOG_ARCHIVE,stacks-[PHONE].ips
b27d0bda585b749f5a27f21e2d595dd3a0ff06926c8eba72af7c247377240d09,3,mini2,rtcr,RAW_DEVICE_LOG_ARCHIVE,RTCReporting_messageLog_2026-[PHONE].txt
97704a8960b4facceef54397a08fb5d0a456247c3627359215aa2a27df22656c,3,iPhone11Pro,text_log,RAW_DEVICE_LOG_ARCHIVE,defaults-com.apple.bird.txt || defaults-com.apple.iclouddrive.features.txt
6883d73144e1f379a3209d21f23ec373e0f4177bf19546680f503fc885dd2462,3,MY_DEVICE_UNSPECIFIED,analytics_log|binary,RAW_DEVICE_LOG_ARCHIVE,logd.diskwrites_resource-[PHONE].bin || logd.diskwrites_resource-[PHONE].ips
9128b6caf23748e1d60862ca741e6f8a9243adca83eb39c94f4bbb3a2790ef3e,3,mini2,commcenter_baseband|plist,RAW_DEVICE_LOG_ARCHIVE,log-bb-[PHONE]-stats.plist
e1fd60f0e5830ba049d0d0ea7f90b5160707e7a64de8c3a226639c284d41c664,3,mini2,text_log,RAW_DEVICE_LOG_ARCHIVE,テキスト (5).txt || テキスト 3 (3).txt || テキスト 4 (2).txt
a20f4e6af2da7ee36f940a3729273a8397678668fcd2d9da8508a527cde0c130,3,UNKNOWN,csv_summary,ROOM85_RECONSTRUCTION_OUTPUT,02_three_layer_condition_candidates.csv || 03_app_reset_condition_candidates.csv || 04_native_reset_condition_candidates.csv
9395a27d5fc10d0971dc6d6b28d02712174fcf907797835ddcfb23ab602e4c21,3,UNKNOWN,csv_summary,ROOM85_RECONSTRUCTION_OUTPUT,02_three_layer_condition_candidates.csv || 03_app_reset_condition_candidates.csv || 04_native_reset_condition_candidates.csv
1da71f9299adbeae9665240ed3eea72c29b1dba3542035a6c2d73c2260f7d710,3,mini1G,csv_summary,FINAL_33B_PUBLIC_PACKAGE|MINI1G_BASELINE_OR_RAW|REPO_34_PUBLIC_PACKAGE,31d5_mini1g_final_baseline_summary.csv || 31d_baseline_summary__31d5_mini1g_final_baseline_summary.csv
4a10bed46c9af7bf5874e1b99bda347f289731a2fc8f089fed74c09056c6f927,3,UNKNOWN|mini1G,json_summary,FINAL_33B_PUBLIC_PACKAGE|MINI1G_BASELINE_OR_RAW|REPO_34_PUBLIC_PACKAGE,31d_MASTER_SUMMARY.json || 31d_baseline_summary__31d_MASTER_SUMMARY.json
f068b84b2fea1dfa0c567fe4047cd48ff0e30ccdd9b9fc90d9971c038efaa8fc,3,UNKNOWN,endpoint_network,FINAL_33B_PUBLIC_PACKAGE|REPO_34_PUBLIC_PACKAGE|ROOM85_RECONSTRUCTION_OUTPUT,30d6_final_focus_endpoint_summary.csv || 30d_endpoint_summary__30d6_final_focus_endpoint_summary.csv
4e98674997087dd8e1fd1a0f8cd12c2027c28f12f5edb59951bdb325b922be52,3,UNKNOWN,endpoint_network,FINAL_33B_PUBLIC_PACKAGE|REPO_34_PUBLIC_PACKAGE|ROOM85_RECONSTRUCTION_OUTPUT,30d_MASTER_SUMMARY.json || 30d_endpoint_summary__30d_MASTER_SUMMARY.json
2a71177a685808c28b6aaca53fee63f9f635d3c719587895b06482e05bd8f50f,3,UNKNOWN,csv_summary,FINAL_33B_PUBLIC_PACKAGE|REPO_34_PUBLIC_PACKAGE|ROOM85_RECONSTRUCTION_OUTPUT,32b2_falsification_matrix_fixed.csv || 32b_falsification__32b2_falsification_matrix_fixed.csv
d5500712d2e082221159fd0cb005f9619046f52463f7b35dcb7cbb81f5e3ffe8,3,UNKNOWN,json_summary,FINAL_33B_PUBLIC_PACKAGE|REPO_34_PUBLIC_PACKAGE|ROOM85_RECONSTRUCTION_OUTPUT,32b_MASTER_SUMMARY.json || 32b_falsification__32b_MASTER_SUMMARY.json
ca00599673f739134bc5bf67d8e7ea091bcf195534708d50bed476832505b084,3,UNKNOWN,csv_summary,FINAL_33B_PUBLIC_PACKAGE|REPO_34_PUBLIC_PACKAGE,33b_b_final_reconstruction_score.csv || final_reconstruction_score.csv
46ce88a5a13185711ab59835219f1c1134dd72db40e48ea58e6a77b5cfab6950,3,UNKNOWN,csv_summary,FINAL_33B_PUBLIC_PACKAGE|REPO_34_PUBLIC_PACKAGE,33b_c_final_verdict_table.csv || final_verdict_table.csv
6cc86c46d382dffe4a49bf27f960967328673ed391510aa3b3b43757c88cb56f,3,UNKNOWN,csv_summary,FINAL_33B_PUBLIC_PACKAGE|REPO_34_PUBLIC_PACKAGE,33b_e_final_guardrails.csv || final_guardrails.csv
b6ca2e4c6e08bf950dfbd597eda2ddb9e79b2836ac9c683e1f4e17f9bebff434,3,UNKNOWN,markdown,FINAL_33B_PUBLIC_PACKAGE|REPO_34_PUBLIC_PACKAGE,33b_f_public_summary_ja.md || public_summary_ja.md
0c31f1242411fbe523645826c457bc3459be757442bd30b6ca3cbe4c1607a9fd,3,UNKNOWN,yaml,FINAL_33B_PUBLIC_PACKAGE|REPO_34_PUBLIC_PACKAGE,33b_g_machine_summary.yaml || machine_summary.yaml
2fa8dea806c141eeb79590349213358745c7789fb6a5995c65a349e6fcb8de26,3,UNKNOWN,csv_summary,FINAL_33B_PUBLIC_PACKAGE|REPO_34_PUBLIC_PACKAGE,33b_h_final_falsification_shortlist.csv || final_falsification_shortlist.csv
f3cc821b09a211db24319b7376e4f636628de79557ad45cf8f3bf9ed0f180bd6,3,UNKNOWN,csv_summary,FINAL_33B_PUBLIC_PACKAGE|REPO_34_PUBLIC_PACKAGE|ROOM85_RECONSTRUCTION_OUTPUT,24c_final_reconstruction_statement.csv || 24c_score__24c_final_reconstruction_statement.csv
da3f19375da373adfc989055335159894a1b9e2ccf5a1fd47f70eea9a6a38a18,3,UNKNOWN,json_summary,FINAL_33B_PUBLIC_PACKAGE|REPO_34_PUBLIC_PACKAGE|ROOM85_RECONSTRUCTION_OUTPUT,24c_MASTER_SUMMARY.json || 24c_score__24c_MASTER_SUMMARY.json
e62c6c0e2c5b3080af76c808cef5823e19be28abc61a2dba4c9ddf7fa8e24bd0,3,UNKNOWN,csv_summary,FINAL_33B_PUBLIC_PACKAGE|REPO_34_PUBLIC_PACKAGE|ROOM85_RECONSTRUCTION_OUTPUT,24c_sc_reconstruction_score_by_focus.csv || 24c_score__24c_sc_reconstruction_score_by_focus.csv
69f80d24fedd1700de7450416155eff44e587816ff06720b34222cf4be452fed,3,UNKNOWN,csv_summary,FINAL_33B_PUBLIC_PACKAGE|REPO_34_PUBLIC_PACKAGE|ROOM85_RECONSTRUCTION_OUTPUT,24c_score__24c_score_components.csv || 24c_score_components.csv
7c9362b8bc4e49d20801ca345c41c035915e1d04a105de568c5cb5f579bbba13,3,UNKNOWN,csv_summary,FINAL_33B_PUBLIC_PACKAGE|REPO_34_PUBLIC_PACKAGE|ROOM85_RECONSTRUCTION_OUTPUT,24c_score__24c_strength_weakness_matrix.csv || 24c_strength_weakness_matrix.csv
076311fcf22a8e1d5f5b8b74a956d494978bf210f1f232d9a68c2eefec5eb0bb,3,UNKNOWN,json_summary,FINAL_33B_PUBLIC_PACKAGE|REPO_34_PUBLIC_PACKAGE|ROOM85_RECONSTRUCTION_OUTPUT,27_MASTER_SUMMARY.json || 27_wiring__27_MASTER_SUMMARY.json
c32b48730477b586d9c76153d8a867c56a2bf5b3a9f891fd25cb8944b61b44ad,3,UNKNOWN,manifest_related,FINAL_33B_PUBLIC_PACKAGE|REPO_34_PUBLIC_PACKAGE|ROOM85_RECONSTRUCTION_OUTPUT,27_SHA256_MANIFEST.csv || 27_wiring__27_SHA256_MANIFEST.csv
13fb4f390ddc1ce1e19030310460a49a8c1ee7e20946523b583e3b6468bad173,3,UNKNOWN,csv_summary,FINAL_33B_PUBLIC_PACKAGE|REPO_34_PUBLIC_PACKAGE|ROOM85_RECONSTRUCTION_OUTPUT,27_wiring__27a_upstream_candidate_score.csv || 27a_upstream_candidate_score.csv
d68fc75678b4255276d766d3c7c19459293e45f072515315f25de6a507b9751c,3,UNKNOWN,csv_summary,FINAL_33B_PUBLIC_PACKAGE|REPO_34_PUBLIC_PACKAGE|ROOM85_RECONSTRUCTION_OUTPUT,27_wiring__27d_wiring_model_summary.csv || 27d_wiring_model_summary.csv
d0bc1a62d0b1089bb32f6aeae6c6f169550135d5386d0e6d65565ca27374b83b,3,UNKNOWN,csv_summary,FINAL_33B_PUBLIC_PACKAGE|REPO_34_PUBLIC_PACKAGE|ROOM85_RECONSTRUCTION_OUTPUT,27_wiring__27e_wiring_boundary_statement.csv || 27e_wiring_boundary_statement.csv
aba145a55f877b0b6b77ff492f2c96ed62fe578ed7fbdac3ad4d5f59c09bd0fa,3,UNKNOWN,jetsam_resource|json_summary,FINAL_33B_PUBLIC_PACKAGE|REPO_34_PUBLIC_PACKAGE|ROOM85_RECONSTRUCTION_OUTPUT,28_MASTER_SUMMARY.json || 28_victim__28_MASTER_SUMMARY.json
0e11b9b5932a33147bca807648f42defddc63b0f33ae9221863d38fede0c320b,3,UNKNOWN,csv_summary|jetsam_resource,FINAL_33B_PUBLIC_PACKAGE|REPO_34_PUBLIC_PACKAGE|ROOM85_RECONSTRUCTION_OUTPUT,28_victim__28c_victim_process_summary_by_focus.csv || 28c_victim_process_summary_by_focus.csv
c17598ebf1a638263eedac8264575a411aa5e2faf97db53097d56ccca34c7014,3,UNKNOWN,csv_summary|jetsam_resource,FINAL_33B_PUBLIC_PACKAGE|REPO_34_PUBLIC_PACKAGE|ROOM85_RECONSTRUCTION_OUTPUT,28_victim__28d_victim_category_summary.csv || 28d_victim_category_summary.csv
dcd1bb94946d4e0c4720098f402a62567072ad6fed626020c7566b3deb13f09d,3,UNKNOWN,csv_summary|jetsam_resource,FINAL_33B_PUBLIC_PACKAGE|REPO_34_PUBLIC_PACKAGE|ROOM85_RECONSTRUCTION_OUTPUT,28_victim__28g_victim_boundary_statement.csv || 28g_victim_boundary_statement.csv
e1e86aab61af1608e9fc201e5610ea8c9772bcc174695300fe4290a5cdd40f9c,3,UNKNOWN,usageclientid,FINAL_33B_PUBLIC_PACKAGE|REPO_34_PUBLIC_PACKAGE|ROOM85_RECONSTRUCTION_OUTPUT,29f1_final_usageclientid_verdict_by_focus.csv || 29f_usage_verdict__29f1_final_usageclientid_verdict_by_focus.csv
fca21647f776fbeb2ca2b147e69ccec073cfc1ff17906ee90a326e04c1ec818c,3,UNKNOWN,json_summary|usageclientid,FINAL_33B_PUBLIC_PACKAGE|REPO_34_PUBLIC_PACKAGE|ROOM85_RECONSTRUCTION_OUTPUT,29f_MASTER_SUMMARY.json || 29f_usage_verdict__29f_MASTER_SUMMARY.json
fa607d738e226ccf4d98fa14a3516f4c22debf0085c428a4484588deae819ed1,2,EXTERNAL_DEVICE_REDACTED,analytics_log,RAW_DEVICE_LOG_ARCHIVE,xp_amp_app_usage_dnu-[PHONE].ips
dc1a271133f646bda30c9ec0e68ec4911091159deed4302ae791261c5d35db60,2,EXTERNAL_DEVICE_REDACTED,analytics_log,RAW_DEVICE_LOG_ARCHIVE,Spotlight-[PHONE].ips
251ccabcb731a492d65469f1d205dafa418078faa1eb0824ba7faeb25071a163,2,EXTERNAL_DEVICE_REDACTED,analytics_synced,RAW_DEVICE_LOG_ARCHIVE,Analytics-[PHONE].ips.ca.synced
62d1f3a50715f6b24e39f4d8b8505ce301637b7f6e1fdce6d0210a50c292174a,2,EXTERNAL_DEVICE_REDACTED,analytics_log,RAW_DEVICE_LOG_ARCHIVE,ExcResource_UserEventAgent-[PHONE].ips
9fd161021a392864eb05b082ce8d9de4f84c7cbc50bf9a2e33e02dddd014a817,2,EXTERNAL_DEVICE_REDACTED,analytics_log,RAW_DEVICE_LOG_ARCHIVE,VPWidgetExtension-[PHONE].ips
49509d8d45dcf0cd7e4b6af0b9bf303ce4a8297fa09c7e27206626b54ec5b10b,2,EXTERNAL_DEVICE_REDACTED,analytics_log,RAW_DEVICE_LOG_ARCHIVE,VPWidgetExtension-[PHONE].ips
c4f2c740a881006206489e6f571025d212bd783dacb35dd0fd3bd43ca6aad67a,2,EXTERNAL_DEVICE_REDACTED,analytics_log,RAW_DEVICE_LOG_ARCHIVE,stacks-[PHONE].000.ips
b97cae71c928e783eb10628eeedd4d2fd92a9c8f85987aba045490206762b390,2,EXTERNAL_DEVICE_REDACTED,analytics_log,RAW_DEVICE_LOG_ARCHIVE,stacks-[PHONE].ips
37331f9314f678c82511be9cd5c0401312cf10045d3a180c81c7e363130bbb65,2,EXTERNAL_DEVICE_REDACTED,sysdiagnose,RAW_DEVICE_LOG_ARCHIVE,sysdiagnose_2026.05.20_17-02-50+0700_iPhone-OS_iPhone_22D72.tar.gz
15f016631159904c89f4070bc3225e14492cda123cba617f8b0617f176cf8284,2,EXTERNAL_DEVICE_REDACTED,rtcr,RAW_DEVICE_LOG_ARCHIVE,RTCReporting_messageLog_2026-[PHONE].txt
b4672be743bb3dae93ab82f2f827380ad29ec87d0b85de80e01fff61228a27e4,2,EXTERNAL_DEVICE_REDACTED,analytics_log|analytics_synced,RAW_DEVICE_LOG_ARCHIVE,Analytics-90Day-[PHONE].0003.ips.ca.synced || Analytics-90Day-[PHONE].0003.ips.ca__dup1.synced
fd78b349a31867d3b65d41b742edbf13f8127822e07db8d226be3f96b7bc3220,2,EXTERNAL_DEVICE_REDACTED,analytics_log,RAW_DEVICE_LOG_ARCHIVE,SiriSearchFeedback-[PHONE]-050948__dup1.ips || SiriSearchFeedback-[PHONE].ips
60fbdc7fc82c38797185b0616a14b013c2330eb5554ed7a2aeb3dd7ec39f3a46,2,EXTERNAL_DEVICE_REDACTED,other,RAW_DEVICE_LOG_ARCHIVE,awdd-[PHONE].consolidated.metriclog || awdd-[PHONE].consolidated__dup1.metriclog
4e074215aa416a9a0ae85e5751efb7f24ca86b477390a559602c4f84bbcbb5fa,2,EXTERNAL_DEVICE_REDACTED,other,RAW_DEVICE_LOG_ARCHIVE,awdd-[PHONE].consolidated.metriclog.anon || awdd-[PHONE].consolidated.metriclog__dup1.anon
7d05914fa108fa641ecd251ed65b153d9923402fca509c0b8c4c1a2acedcd565,2,EXTERNAL_DEVICE_REDACTED,analytics_log,RAW_DEVICE_LOG_ARCHIVE,log-aggregated-[PHONE]-070403__dup1.ips || log-aggregated-[PHONE].ips
036a6e0dedfb65ba73dcb533161c32466742e97a4c009f25bf78a256c4f6c741,2,EXTERNAL_DEVICE_REDACTED,analytics_log,RAW_DEVICE_LOG_ARCHIVE,WidgetKitExtension-[PHONE]-195057__dup1.ips || WidgetKitExtension-[PHONE].ips
68abb6da1ca072d811b170ec7478fff5aaa66d278cc928c4ce4e8fd454966120,2,EXTERNAL_DEVICE_REDACTED,analytics_log,RAW_DEVICE_LOG_ARCHIVE,WidgetKitExtension-[PHONE]-030745__dup1.ips || WidgetKitExtension-[PHONE].ips
50a66e0d5297872e0022098bb2332e726a4f7ab291ea90c66ffe60b2257d7d02,2,EXTERNAL_DEVICE_REDACTED,analytics_log,RAW_DEVICE_LOG_ARCHIVE,WidgetKitExtension-[PHONE]-030749__dup1.ips || WidgetKitExtension-[PHONE].ips
b0a2b75e86545c6d99c55ed466da60fac30411e62b25a8840bc9e7e96b8293ed,2,EXTERNAL_DEVICE_REDACTED,other,RAW_DEVICE_LOG_ARCHIVE,awdd-[PHONE].consolidated.metriclog
4dcb437eede10194f26126756c233fe04a16e0afbc888e011057972cd9bf3996,2,EXTERNAL_DEVICE_REDACTED,analytics_log,RAW_DEVICE_LOG_ARCHIVE,SiriSearchFeedback-[PHONE].ips
10b6b39b8eebd4ba9f5ce6dddb684df4662633e6d9462d865caeeee66464b709,2,iPhone12_Pro_Max|iPhone6s_Plus,other,RAW_DEVICE_LOG_ARCHIVE,awdd-[PHONE].consolidated.metriclog
b62a1233d1aa089ad37b769ab1cd238666682e4de88417162cd80673032aea9d,2,iPhone12_Pro_Max|iPhone6s_Plus,other,RAW_DEVICE_LOG_ARCHIVE,awdd-[PHONE].consolidated.metriclog
26f9505b609267cfeabc110e3a38f9b6b25ca29fa060eb873b89cb4035fb88ae,2,iPhone12_Pro_Max|iPhone6s_Plus,other,RAW_DEVICE_LOG_ARCHIVE,awdd-[PHONE].consolidated.metriclog
b8916801e7e33b842508b39744dcc9e6a6d25e5ad7263b5cdf6c5bafcda7870f,2,iPhone12_Pro_Max|iPhone6s_Plus,other,RAW_DEVICE_LOG_ARCHIVE,awdd-[PHONE].consolidated.metriclog.anon
012da55cca98440066fb4cfd60aad90e41ec5b64ae0a21f9a0c5bf74a795cdfa,2,iPhone12_Pro_Max|iPhone6s_Plus,other,RAW_DEVICE_LOG_ARCHIVE,awdd-[PHONE].consolidated.metriclog
3fb8eaaadd8656645acb78650bce2c2d61ffbf9a85da28074224537bb667ac32,2,iPhone12_Pro_Max|iPhone6s_Plus,analytics_log,RAW_DEVICE_LOG_ARCHIVE,CoreTime-[PHONE].ips.synced
bb34765964c8c100ba01b1ef755f63ac69d61fb7a080651063f16cbf49b03fc2,2,iPhone12_Pro_Max|iPhone6s_Plus,analytics_log,RAW_DEVICE_LOG_ARCHIVE,FlashStatus-[PHONE].973.ips.synced
fe4b868d59ba7717dd73f7178871a0ae1e8fbf2c7ad33da70f81bd6196abba09,2,iPhone12_Pro_Max|iPhone6s_Plus,analytics_log,RAW_DEVICE_LOG_ARCHIVE,log-aggregated-[PHONE].ips
b1f530cf0304b55d3184a43440b1df7b629560505cbacab0536f830b79aed75b,2,EXTERNAL_DEVICE_REDACTED,analytics_log|binary,RAW_DEVICE_LOG_ARCHIVE,duetexpertd.cpu_resource-[PHONE].bin || duetexpertd.cpu_resource-[PHONE].ips
600a108f021a6192d14e76350374169c0bdae443563af80f8dd56623861679bb,2,EXTERNAL_DEVICE_REDACTED,analytics_log|jetsam_resource,RAW_DEVICE_LOG_ARCHIVE,JetsamEvent-[PHONE].bin || JetsamEvent-[PHONE].ips
d40074acd4ee9af8a490b5e3e00587c4a4640d206f2d521ed4eb3f5c57d8c8d9,2,EXTERNAL_DEVICE_REDACTED,analytics_log|jetsam_resource,RAW_DEVICE_LOG_ARCHIVE,JetsamEvent-[PHONE].bin || JetsamEvent-[PHONE].ips
65adb4f74f5f543e734a938b9e9c66e83c4d3c5601404888097e4212fb99f758,2,EXTERNAL_DEVICE_REDACTED,analytics_log|binary,RAW_DEVICE_LOG_ARCHIVE,SiriSearchFeedback-[PHONE].bin || SiriSearchFeedback-[PHONE].ips
dfacb7d7e2d2e72c08bfc9b37251f0d342c00e57f0a83f921490e284a7cf9da2,2,EXTERNAL_DEVICE_REDACTED,analytics_log|binary,RAW_DEVICE_LOG_ARCHIVE,SiriSearchFeedback-[PHONE].bin || SiriSearchFeedback-[PHONE].ips
8c63ea148e0ec8327e18a0a76c9694b23a31938238b190405ed0404de559e414,2,EXTERNAL_DEVICE_REDACTED,analytics_log|binary,RAW_DEVICE_LOG_ARCHIVE,SiriSearchFeedback-[PHONE].bin || SiriSearchFeedback-[PHONE].ips
dca3d89353afbe0bca3d604f9b988b78c80f90510541ceab3ba611eaab729095,2,EXTERNAL_DEVICE_REDACTED,analytics_log|binary,RAW_DEVICE_LOG_ARCHIVE,WiFiConnectionQuality-[PHONE].bin || WiFiConnectionQuality-[PHONE].ips
4dfdeaefe60eb1ddb4ad1e4ba9d2d0f5686676c1281e687341a7ed2b02d9df89,2,EXTERNAL_DEVICE_REDACTED,analytics_log,RAW_DEVICE_LOG_ARCHIVE,SiriSearchFeedback-[PHONE].ips
768de2a4acc597b48fa42fb1cba1464f797262513129e8590886ffbc44bd2e8b,2,EXTERNAL_DEVICE_REDACTED,other|text_log,RAW_DEVICE_LOG_ARCHIVE,log-power-[PHONE].session || log-power-[PHONE].session 2
62ab20800639fa4d4ddd88a74706db858eb73246ceb6c9a3971c12d35a0d5263,2,12G,analytics_synced,RAW_DEVICE_LOG_ARCHIVE,Analytics-[PHONE].ips.ca.synced
fc852435e58ebaa86e0ec4a5b98749dd2af3a71d725f4f9972cd37fbd6081b32,2,12G,analytics_log,RAW_DEVICE_LOG_ARCHIVE,assetsd.diskwrites_resource-[PHONE].ips
40a7b1fd35a14cd660227ede2936f2a74c028d094f5388362233d6ec24dc7699,2,12G,analytics_log,RAW_DEVICE_LOG_ARCHIVE,com.apple.StreamingUnzipService.diskwrites_resource-[PHONE].ips
948fdac66045ec96259f0be9ea6b7963afdc75bf90fa9c1671ba613a94560070,2,12G,analytics_log,RAW_DEVICE_LOG_ARCHIVE,JetsamEvent-[PHONE].ips
91f6cbbdfaa50050fc8a8db6c617325495761a9c7725bbdaff8fccd193bdf338,2,12G,analytics_log,RAW_DEVICE_LOG_ARCHIVE,JetsamEvent-[PHONE].ips
093fec04d10e6c3a39c68210dfd22bdfe6eea5a4ed2bb8580afdbcc132d03dde,2,12G,analytics_log,RAW_DEVICE_LOG_ARCHIVE,nsurlsessiond.diskwrites_resource-[PHONE].ips
10ec0e85ca797bedf3c956971c0e58c065048b6d154a11a9639061e24211310e,2,12G,analytics_log,RAW_DEVICE_LOG_ARCHIVE,PerfPowerServices.diskwrites_resource-[PHONE].ips
7d5c9e485906045859d56b1695c815d0011e06462c210c2413af86b3e5139f82,2,12G,analytics_log,RAW_DEVICE_LOG_ARCHIVE,proactive_event_tracker-com_apple_Trial-com_apple_triald-[PHONE].ips
d54656c0a84e136bf9863d82e51344901552740c0ca85ebb44a04a8e7c949a9d,2,12G,analytics_log,RAW_DEVICE_LOG_ARCHIVE,proactive_event_tracker-com_apple_Trial-com_apple_triald-[PHONE].ips
37695f152fd0820fb1b43fa8879a9e23d1470d80e9aa5c2a0a4851c57b99ac74,2,12G,analytics_log,RAW_DEVICE_LOG_ARCHIVE,SFA-ckks.json-[PHONE].000.ips
d4c68758eebbbec26ade818ccaa5802784730cf83e703ce757a996062058332f,2,12G,analytics_log,RAW_DEVICE_LOG_ARCHIVE,SFA-ckks.json-[PHONE].ips
7e7859f8ce88035ebe4aa7309a9cb7093e69ad054d625f3b937212367af943d2,2,12G,analytics_log,RAW_DEVICE_LOG_ARCHIVE,SFA-CloudServices.json-[PHONE].ips
6d1586b26999f4914dd1b6fc558a8c8035c8901243863e0f0c4549c0f4c7c4eb,2,12G,analytics_log,RAW_DEVICE_LOG_ARCHIVE,SFA-CloudServices.json-[PHONE].000.ips
64f598f40ab28b09a0616096c1555353a1c3392c9c55bc9682b42b84f19994c9,2,12G,analytics_log,RAW_DEVICE_LOG_ARCHIVE,SFA-local.json-[PHONE].0002.ips
82150453e2f49ff61812e6b8878ea0c0cfecae9948ba07cbd0657228ae8fc2ab,2,12G,analytics_log,RAW_DEVICE_LOG_ARCHIVE,SFA-local.json-[PHONE].ips
3e901255f43bcb6573e80daa5f7e69664d4695435c581582541b0491dd1b1133,2,12G,analytics_log,RAW_DEVICE_LOG_ARCHIVE,SFA-networking.json-[PHONE].ips
0c437d63912ea689fa171a00597e34f65ff826ecd51cfa92f3431a1052732339,2,12G,analytics_log,RAW_DEVICE_LOG_ARCHIVE,SFA-networking.json-[PHONE].ips
dac8eeefa518947193948d00df0b5014f2727382dfe6323eed4745a813d977aa,2,12G,analytics_log,RAW_DEVICE_LOG_ARCHIVE,SFA-pcs.json-[PHONE].000.ips
2882ee633ed4f6e9ab93283e089ed3d794b3b1ce92bcc88c2257bad879d55044,2,12G,analytics_log,RAW_DEVICE_LOG_ARCHIVE,SFA-pcs.json-[PHONE].0002.ips
b4d818e8a4d2dea84e946e6dd5dfc0e27b982d3185e548950c96f5dca2372363,2,12G,analytics_log,RAW_DEVICE_LOG_ARCHIVE,SFA-sos.json-[PHONE].ips
c5dd3c0499251f71f7d69653a29e6712b02404b2fbd3c718da3adce01b53d486,2,12G,analytics_log,RAW_DEVICE_LOG_ARCHIVE,SFA-sos.json-[PHONE].000.ips
78d5349a81ad6f666c9a27325ad736b4402cd04aecec2a8fcb4848865340fccd,2,12G,analytics_log,RAW_DEVICE_LOG_ARCHIVE,SFA-swtransparency.json-[PHONE].ips
44d081a6fe609aac1bfc5881001a02c3a895b71de5669f6f78a640634ecac799,2,12G,analytics_log,RAW_DEVICE_LOG_ARCHIVE,SFA-transparency.json-[PHONE].000.ips
e330d34ee47a0f210fb951773d4b9a2948580e9c830b6652007821103c7487ae,2,12G,analytics_log,RAW_DEVICE_LOG_ARCHIVE,SiriSearchFeedback-[PHONE].ips
5c62fa048c6637d7bea7d5d6c8724caf35bd8aa45e4cc4bc80e5f19e5eb3a11f,2,12G,analytics_log,RAW_DEVICE_LOG_ARCHIVE,SiriSearchFeedback-[PHONE].000.ips
cd79023f7203c0347398e1a29da86d557b9e1a466346c0c3abd0179d0fc45b55,2,12G,analytics_log,RAW_DEVICE_LOG_ARCHIVE,SiriSearchFeedback-[PHONE].ips
535c65bd4b8f3a09fafea2017a6f1b5f9497a644083eba5e39c3521100f6cd70,2,12G,analytics_log,RAW_DEVICE_LOG_ARCHIVE,SiriSearchFeedback-[PHONE].ips
10e7b887e96bcf885c127cde2478c71485c3550376b845c399b3c63adb1fd59e,2,12G,analytics_log,RAW_DEVICE_LOG_ARCHIVE,SiriSearchFeedback-[PHONE].ips
b3d8dcb2c1f7cc4fb992eafbeca85cbc263064d370bbfef5bc79d373b79c9cdf,2,12G,analytics_log,RAW_DEVICE_LOG_ARCHIVE,SiriSearchFeedback-[PHONE].ips
f33553f5d9ab4059e2290d6382c5a299caa67b821fe2110ee7ab3f4fdec0c813,2,12G,analytics_log,RAW_DEVICE_LOG_ARCHIVE,SiriSearchFeedback-[PHONE].ips
0bf3cac70454229aa3487afeab411ebc7d42033f2175a88ba5af4f0d9bb2e490,2,12G,analytics_log,RAW_DEVICE_LOG_ARCHIVE,SiriSearchFeedback-[PHONE].000.ips
b0ca4d45b628f921acb6f3cd91b9a740a78d584d6068506ec0da3ae6176d51e6,2,12G,analytics_log,RAW_DEVICE_LOG_ARCHIVE,SiriSearchFeedback-[PHONE].ips
d62b2d8db12a41cc3bd93c6d1a399384f09a080f0619a3a111923853dad13786,2,12G,analytics_log,RAW_DEVICE_LOG_ARCHIVE,SiriSearchFeedback-[PHONE].ips
b0a84bac2ea8ca2c896fb7bcb4e70c5c6a4583243bf995f485551e0eea70a47f,2,12G,analytics_log,RAW_DEVICE_LOG_ARCHIVE,SiriSearchFeedback-[PHONE].000.ips
a414b170ce983a36c3e18793f4b82b43ef9ea6d34d59132d518a9697d947617b,2,12G,analytics_log,RAW_DEVICE_LOG_ARCHIVE,SiriSearchFeedback-[PHONE].ips
275b8977e40e8c689c9e6949b40923c3c1954b4e4e21b34acac56f258016ea48,2,12G,analytics_log,RAW_DEVICE_LOG_ARCHIVE,SiriSearchFeedback-[PHONE].ips
615672ae6070603504e0f423464d5a30a5c1ba1f5445aae2b38b70714234a997,2,12G,analytics_log,RAW_DEVICE_LOG_ARCHIVE,SiriSearchFeedback-[PHONE].ips
380df91b09dc0a51e0e9c4cd8285c2652fd3844a18c9ad8bad22136e9acc9b01,2,12G,analytics_log,RAW_DEVICE_LOG_ARCHIVE,SiriSearchFeedback-[PHONE].ips
75349aacb22496ace50c5fc2b82230093de785e2cfd5a0d623cff28504669b67,2,12G,analytics_log,RAW_DEVICE_LOG_ARCHIVE,SiriSearchFeedback-[PHONE].ips
fc7fd4b00bb0470bc1b17bfa674793f232119948dbbb29bdef1a3b2708c525f7,2,12G,analytics_log,RAW_DEVICE_LOG_ARCHIVE,SiriSearchFeedback-[PHONE].ips
f1b8d106c561133da7a8e890770d8c1a02f50b1174757b32287c1a0885d51fcd,2,12G,analytics_log,RAW_DEVICE_LOG_ARCHIVE,SiriSearchFeedback-[PHONE].ips
36e21023d9cdcd47da740ff9106ff384ff6113de07cad82f8bae5fe8194bf796,2,12G,analytics_log,RAW_DEVICE_LOG_ARCHIVE,SiriSearchFeedback-[PHONE].ips
87870f2c28ca5d4a2d59595b0051907aa84433841e960a8c9f4fff0e89bec0d3,2,12G,analytics_log,RAW_DEVICE_LOG_ARCHIVE,SiriSearchFeedback-[PHONE].000.ips
a41f74fade0171958edac22c2f5c7aae7ea0c82bf72fa853d0ed02dcc84b8929,2,12G,analytics_log,RAW_DEVICE_LOG_ARCHIVE,SiriSearchFeedback-[PHONE].ips
32fda9275553d17284981f8c52bb0e392af9425fbb5a2145ddb78af2dedfc0df,2,12G,analytics_log,RAW_DEVICE_LOG_ARCHIVE,stacks-[PHONE].ips
5b3a6cbe536683ac00b95771d9149e5486d60163635415e14350102bd1a477f2,2,12G,analytics_log,RAW_DEVICE_LOG_ARCHIVE,stacks-[PHONE].ips
7ca9c2b4fcb711c11264adcc41d510bc369bce8bc86909d043573cf1132b649d,2,12G,analytics_log,RAW_DEVICE_LOG_ARCHIVE,xp_amp_app_usage_dnu-[PHONE].ips
2b370a3ada6c0afef40bd47008577ff9fef54f3b73df2c80f06e7d4918defc5c,2,12G,analytics_log,RAW_DEVICE_LOG_ARCHIVE,SFA-ckks.json-[PHONE].ips
6df49368312fec1430473482cb281bf2bb939841e70585ace84c1073aedf8887,2,12G,analytics_log,RAW_DEVICE_LOG_ARCHIVE,SFA-CloudServices.json-[PHONE].ips
b65b8f0eba19abbe35d1076e33948740c447f43ffabfdbe6e779de844bec639b,2,12G,analytics_log,RAW_DEVICE_LOG_ARCHIVE,SFA-local.json-[PHONE].ips
ade1c91eb09403473810b240fc43fd5b6290e67060c2742bb72bd34d87d89b5c,2,12G,analytics_log,RAW_DEVICE_LOG_ARCHIVE,SFA-networking.json-[PHONE].ips
4fb833fabccb6c9c630992d2426f331636f44c2aa69f0043ddc9ecdfd15eda88,2,12G,analytics_log,RAW_DEVICE_LOG_ARCHIVE,SiriSearchFeedback-[PHONE].ips
9cde88aade69f6175683dc31bbace5a6985b24b0eeb6ae546bf43b6eea67fb91,2,12G,sysdiagnose,RAW_DEVICE_LOG_ARCHIVE,sysdiagnose_2025.08.09_23-14-27+0700_iPhone-OS_iPhone_22F76.tar.gz
c9529aa94d927dbf8bd207a1a59aca84316b1caff771fcb4a3fb97b885113fdc,2,12G,rtcr,RAW_DEVICE_LOG_ARCHIVE,RTCReporting_messageLog_2025-[PHONE].txt
c12574fad8300a5b6602a796f9017df297b3c36827146db94068d765952b5dc0,2,12G,rtcr,RAW_DEVICE_LOG_ARCHIVE,RTCReporting_messageLog_2025-[PHONE].txt
38c5f3871f2c4065b00cfd06030b97979e4946ae99b8f1edc8326cd45fe918c2,2,12G,analytics_log,RAW_DEVICE_LOG_ARCHIVE,xp_amp_app_usage_dnu-[PHONE].ips
16bd096768540b6de57948a1c6a42683468f1a01e430da69bd35b26e54cbf547,2,12G,analytics_log,RAW_DEVICE_LOG_ARCHIVE,xp_amp_app_usage_dnu-[PHONE].ips
bf16a72efcd080de2de86efe1a0c943bcf2c0ed78b0f43c62a9e90134980d18c,2,12G,analytics_log,RAW_DEVICE_LOG_ARCHIVE,spotlightknowledged.cpu_resource-[PHONE].ips
70c5c467747afdcba02d92e76d730a7525d835ce913ad2f1fec3cbe377ac509f,2,12G,analytics_log,RAW_DEVICE_LOG_ARCHIVE,SiriSearchFeedback-[PHONE].ips
80a4107417ac5c9543c95e81bb4475867c4422ce0b685926ff38d62e0a2da775,2,12G,rtcr,RAW_DEVICE_LOG_ARCHIVE,RTCReporting_messageLog_2025-[PHONE].txt
4090a3fcf6099914b281d84f9ea2ca4ad410c057d79d3a23f6400c0593bfb6ad,2,12G,rtcr,RAW_DEVICE_LOG_ARCHIVE,RTCReporting_messageLog_2025-[PHONE].txt
8fb23f2f7895b6481e3aae1ec6ff526edc1c12843132c97142e63e0bc3dcfc8a,2,12G,analytics_log,RAW_DEVICE_LOG_ARCHIVE,proactive_event_tracker-com_apple_Trial-com_apple_triald-[PHONE].ips
fd87fc8cc6e97dc38bee74b65cd5d0660ca1d355fce0793c2691eb89ebcd8ce4,2,12G,analytics_log,RAW_DEVICE_LOG_ARCHIVE,SFA-networking.json-[PHONE].000.ips
d67cc835c30cc49baf6f2e49f9e3546f0e9d0278749184f7c673fac03f9bf12a,2,12G,analytics_synced,RAW_DEVICE_LOG_ARCHIVE,Analytics-[PHONE].ips.ca.synced
53b8ebdb4cf62c01d388df4a86f8d42edc8e94f77d236e4ed38db021a346092e,2,12G,analytics_log,RAW_DEVICE_LOG_ARCHIVE,knowledgeconstructiond.cpu_resource-[PHONE].ips
1ce2c3d6ec27db6af29ca881f4c6d9a7e496453216e2ce9115dca0134c96e29a,2,12G,text_log,RAW_DEVICE_LOG_ARCHIVE,log-power-[PHONE].session
71e367daf36b393c9fce2cf496ce6561e0329af3aeaa61fb06193493fec1434c,2,12G,analytics_log,RAW_DEVICE_LOG_ARCHIVE,proactive_event_tracker-com_apple_Trial-com_apple_triald-[PHONE].ips
003baae88b7d0b3c0644aca1b57753691efcee31210b99f67ac8016c3631db1b,2,12G,analytics_log,RAW_DEVICE_LOG_ARCHIVE,SiriSearchFeedback-[PHONE].ips
0ed93ad380095982e87fe46fdca11ff876fd10d55c12eb80826df1e109ef2c17,2,12G,analytics_log,RAW_DEVICE_LOG_ARCHIVE,SiriSearchFeedback-[PHONE].000.ips
9f9a2ac5081d06b0ea9f3335c2a021f3112f14533a353f3fbc7b3b38cd591234,2,12G,analytics_log,RAW_DEVICE_LOG_ARCHIVE,SiriSearchFeedback-[PHONE].ips
c9d777b3e1d7bc4a2a4c83090d1fed0062e8cb4d033215669aad0690528b4133,2,12G,analytics_log,RAW_DEVICE_LOG_ARCHIVE,SiriSearchFeedback-[PHONE].ips
a00426a40f1c05d53d5d8c3f40648a7182d2194a4c760629676bf40d9cf3b62e,2,12G,analytics_log,RAW_DEVICE_LOG_ARCHIVE,SiriSearchFeedback-[PHONE].ips
cb6c3700e34b69445482c0b18489dfdb8837a3201972f0e645d6b92f5e69d686,2,12G,analytics_log,RAW_DEVICE_LOG_ARCHIVE,SiriSearchFeedback-[PHONE].ips
3ab175a720bc31df197bfabc7eca761515cc8bd96a905f2ad85ecf0c628f97d4,2,12G,analytics_log,RAW_DEVICE_LOG_ARCHIVE,SiriSearchFeedback-[PHONE].ips
6f9a976d41b9d784547f5f99ca05de6972f2e21b9ff5511056cb10db7387a833,2,12G,analytics_log,RAW_DEVICE_LOG_ARCHIVE,SiriSearchFeedback-[PHONE].ips
74e2ce429f557452c404a1567994a7b39c70d071df98b104cc0d80113d9ef427,2,12G,analytics_log,RAW_DEVICE_LOG_ARCHIVE,SiriSearchFeedback-[PHONE].ips
1b236cc6c95aab8ccf08a74f980b3ffcea90c3f4ab6ffa3c3f6953943f3ba4e9,2,12G,analytics_log,RAW_DEVICE_LOG_ARCHIVE,stacks-[PHONE].ips
1d465ee21d4101a457f3d441367fb8bb1fc392dd48ee3594d1f744108057ccf3,2,12G,analytics_log,RAW_DEVICE_LOG_ARCHIVE,xp_amp_app_usage_dnu-[PHONE].ips
7429b936ee1deb90e33cca8510919b1a30fbb60f4aef30501b40b6c5aca2ab0e,2,12G,analytics_log,RAW_DEVICE_LOG_ARCHIVE,xp_amp_app_usage_dnu-[PHONE].ips
2b098b7a3ba36a95c49dd536a9169892c620726225fac9990d9d91e72a3f8819,2,12G,text_log,RAW_DEVICE_LOG_ARCHIVE,README.txt
428a2d7b3d3456a3f718190f5db84954e841146d652b4b813bfdac9b60bc1dca,2,12G,analytics_log,RAW_DEVICE_LOG_ARCHIVE,SiriSearchFeedback-[PHONE].000.ips
a102189e40e730ce147f0069cabd82fde9667e45a919407b67dea00942709875,2,12G,analytics_log,RAW_DEVICE_LOG_ARCHIVE,SiriSearchFeedback-[PHONE].ips
325521ea9960b133e8cbb9e41eedda537f6945f2624f3f3661c0c55b36cff580,2,12G,analytics_log,RAW_DEVICE_LOG_ARCHIVE,xp_amp_app_usage_dnu-[PHONE].ips
3e65b6fc1f19f66c7879270697d2b73160d1631faf42228ca8c7ea28c6268ac3,2,12G,analytics_log,RAW_DEVICE_LOG_ARCHIVE,SiriSearchFeedback-[PHONE].ips
3ca0fbe125d97999daa8942ddc65f55cb5463f415fd900b58ac19d76a4cb1f6d,2,12G,rtcr|text_log,RAW_DEVICE_LOG_ARCHIVE,RTCReporting_messageLog_2025-[PHONE].txt || テキスト 2.txt
78284b54978ea7ce315573dd735a1b22fbb1af85353f721d5490638e4f535dcd,2,12G,analytics_log,RAW_DEVICE_LOG_ARCHIVE,SFA-pcs.json-[PHONE].ips
78eae7aa46b35b2b45d67cdbb9537eac24b449431bae275f75d2c0ba471ad028,2,12G,rtcr|text_log,RAW_DEVICE_LOG_ARCHIVE,RTCReporting_messageLog_2025-[PHONE].txt || テキスト 2.txt
2eb8d65664288be27722863d90d02c46ac715f44d9f1c79aa7e7dd7fe27d460f,2,12G,analytics_log,RAW_DEVICE_LOG_ARCHIVE,xp_amp_app_usage_dnu-[PHONE](1).ips || xp_amp_app_usage_dnu-[PHONE].ips
0656fcc4533148db3b08098d601e2cb8720e37017f86b232d85ef50e5cf2564b,2,12G,json_summary,RAW_DEVICE_LOG_ARCHIVE,com.apple.Pages.[UUID].json
0e251d3ec0aba915d7ab7ac4c49f6fca947ed7df19aa85c77c782e799aa0b4de,2,12G,rtcr|text_log,RAW_DEVICE_LOG_ARCHIVE,RTCReporting_messageLog_2025-[PHONE].txt || テキスト.txt
d58eb1244310ccd00c01091213b76a2a657f5cd6c871ecf8f0943b6182d2f82b,2,12G,rtcr|text_log,RAW_DEVICE_LOG_ARCHIVE,RTCReporting_messageLog_2025-[PHONE].txt || テキスト.txt
98a6b82527db115f18d8a0338873d710157e4981ccaf8c7697fe0a4fa0682b4f,2,12G,rtcr|text_log,RAW_DEVICE_LOG_ARCHIVE,RTCReporting_messageLog_2025-[PHONE].txt || テキスト 2.txt
6fd457759a76b9ef220f196549d072b95dae01af0f1149f6eb732e89dab3faa2,2,12G,analytics_synced,RAW_DEVICE_LOG_ARCHIVE,Analytics-[PHONE].ips.ca.synced
9b0911488bca829d24b91f7b7f047ec23d6269a708d6399a626761593b92b0de,2,12G,analytics_log,RAW_DEVICE_LOG_ARCHIVE,JetsamEvent-[PHONE].ips
adbf2f57a09e01aace8c11122b990bd14ffc319b8d3ef87b1188c618a54d6e4a,2,12G,analytics_log,RAW_DEVICE_LOG_ARCHIVE,knowledgeconstructiond.cpu_resource-[PHONE].ips
89dcb8aa6ca77fca76792fbc83e088b236f3e085fdefb686bb5eb7e0a3115d21,2,12G,text_log,RAW_DEVICE_LOG_ARCHIVE,log-power-[PHONE].session
71aedd9236db31ad1803fc8a826f57163161258b51b245005dd991cadf58bb45,2,12G,analytics_log,RAW_DEVICE_LOG_ARCHIVE,proactive_event_tracker-com_apple_Trial-com_apple_triald-[PHONE].ips
2481b5a9ba9cac7f206b9078ef3d8c2463334fe8917c47751aaefc9870b856fe,2,12G,analytics_log,RAW_DEVICE_LOG_ARCHIVE,SiriSearchFeedback-[PHONE].ips
00420aa7bb572d508d35a22cd09b54372ddd4e746776ba71f65e25b328a8d200,2,12G,analytics_log,RAW_DEVICE_LOG_ARCHIVE,SiriSearchFeedback-[PHONE].ips
52b99a28bc9f5c2a175b9bccab9a287c85dc437c8227c0ef944cb7eb57e807c2,2,12G,analytics_log,RAW_DEVICE_LOG_ARCHIVE,SiriSearchFeedback-[PHONE].ips
d3a941e1464331bc68e35ddca38d6f586f47756c957a5a47d21eca55669ae91b,2,12G,analytics_log,RAW_DEVICE_LOG_ARCHIVE,SiriSearchFeedback-[PHONE].ips
bacc5bb4e5b363d4c8ac71bfc22b985313c94fbcd0b98d7c04d7b6350008a151,2,12G,analytics_log,RAW_DEVICE_LOG_ARCHIVE,SiriSearchFeedback-[PHONE].ips
04026e3848379590df6561284c617f2923370d440bf919d3687dca813811aaaf,2,12G,analytics_log,RAW_DEVICE_LOG_ARCHIVE,SiriSearchFeedback-[PHONE].ips
6640aedbc027eb67c346f7b4d980b000d254d50e59e737469da55e5330e806b3,2,12G,analytics_log,RAW_DEVICE_LOG_ARCHIVE,SiriSearchFeedback-[PHONE].ips
f991753d700ea1f23217358fd40debfedc1e9396908208e548cea4499e87620a,2,12G,analytics_log,RAW_DEVICE_LOG_ARCHIVE,SiriSearchFeedback-[PHONE].ips
e10b4c0efac7ff39d8445734c418babdd92f164fb3b244c135902fe653269fda,2,12G,analytics_log,RAW_DEVICE_LOG_ARCHIVE,SiriSearchFeedback-[PHONE].ips
3c45b9616e57729d1234a3626e029d0f13472cfd6409f1dbb39545600e0628fb,2,12G,analytics_log,RAW_DEVICE_LOG_ARCHIVE,SiriSearchFeedback-[PHONE].ips
bf0501e1014ef7dc92c43d2c4cca076f2328b8b90dfaf410abb8f70404a70905,2,12G,analytics_log,RAW_DEVICE_LOG_ARCHIVE,SiriSearchFeedback-[PHONE].ips
b0481a9f2eb9c2ac495562512448b7649ca056f116f6657e485694bdbec28aa4,2,12G,analytics_log,RAW_DEVICE_LOG_ARCHIVE,SiriSearchFeedback-[PHONE].ips
ec6c8487550ea55ea643fa4c63d2eb8850e0d963be3ee212a03d083ae1292fa2,2,12G,analytics_log,RAW_DEVICE_LOG_ARCHIVE,SiriSearchFeedback-[PHONE].ips
62bfe42e2ed29f5968730b7b135d158d8953e5eae749ff4dc9fe23062f8eafb6,2,12G,analytics_log,RAW_DEVICE_LOG_ARCHIVE,SiriSearchFeedback-[PHONE].ips
9001b813a3d92ccb0e551a34a5f13a4ad71c5c173858728960d5780de1298156,2,12G,analytics_log,RAW_DEVICE_LOG_ARCHIVE,SiriSearchFeedback-[PHONE].ips
24292c1afa250e8cebde4c9ec782b96c8e117d8984c3601959ba79c78578dcd5,2,12G,analytics_log,RAW_DEVICE_LOG_ARCHIVE,spotlightknowledged.cpu_resource-[PHONE].ips
b09ff233da041b0528a1a20b06386515afbba8d0ab0d0f2f51f276cb3c5461d5,2,12G,analytics_log,RAW_DEVICE_LOG_ARCHIVE,xp_amp_app_usage_dnu-[PHONE].ips
a727549e8ff1eda16ea736baee3e54c994b932b1bfca0419453f9c0aca342c76,2,12G,analytics_log,RAW_DEVICE_LOG_ARCHIVE,xp_amp_app_usage_dnu-[PHONE].ips
421d4cd20cdd794dc6c6f77fdcdaf6b05607614d55f9857e8c03845742657dad,2,12G,rtcr|text_log,RAW_DEVICE_LOG_ARCHIVE,RTCReporting_messageLog_2025-[PHONE].txt || テキスト 2.txt
7d1d4dd53674b3ebc579afc35ac6642b73c8fceb939476a490669204f8ac341f,2,12G,rtcr|text_log,RAW_DEVICE_LOG_ARCHIVE,RTCReporting_messageLog_2025-[PHONE].txt || テキスト.txt
dd23f38ece4987a1a0728897c2b8a19c7501d87ed486139a53dcd22d48ef29f0,2,12G,rtcr,RAW_DEVICE_LOG_ARCHIVE,RTCReporting_messageLog_2025-[PHONE](1).txt || RTCReporting_messageLog_2025-[PHONE](2).txt
85564f939cd1350746b5b4a46e4bc2709ea646c81dc08df6dfc43a288f4ca4df,2,12G,text_log,RAW_DEVICE_LOG_ARCHIVE,テキスト(1).txt || テキスト.txt
82c82fa74976fedd7b0db1b9eba823ba5b958b01beefb62f4f7fe00b5e54cb59,2,12G,analytics_synced,RAW_DEVICE_LOG_ARCHIVE,Analytics-[PHONE].ips.ca.synced
39c945334a282d3e70ec7e27edba1ef4bd865a5a7777ce58800c66f472285207,2,12G,analytics_log,RAW_DEVICE_LOG_ARCHIVE,com.apple.spotlight.IndexAgent-[PHONE].ips
93d2d794192ee6c88e521a19d39dcb41095b9123e1e97a98f01d8b1d61082be7,2,12G,analytics_log,RAW_DEVICE_LOG_ARCHIVE,duetexpertd.cpu_resource-[PHONE].ips
95e374072e2183285f2a9d332875a2734f56de69fc628fcbbb6d2d34f878ce6e,2,12G,text_log,RAW_DEVICE_LOG_ARCHIVE,log-power-[PHONE].session
1db71154122069f1042cd09297d4db5f4c6f1fca48ab82eb24d0fe5266d30c66,2,12G,analytics_log,RAW_DEVICE_LOG_ARCHIVE,proactive_event_tracker-com_apple_Trial-com_apple_triald-[PHONE].ips
8260578438de1eb37af3b51b5c41f963daf4ae9e3d40a84ef8317ff1193bb2b4,2,12G,analytics_log,RAW_DEVICE_LOG_ARCHIVE,ShareExtension-[PHONE].ips
ae8346878cc75ca17f8c5a71ea2d1a9bb9a368f9950ff38c6d3f8681f5e27c2b,2,12G,analytics_log,RAW_DEVICE_LOG_ARCHIVE,signpost_reporter.cpu_resource-[PHONE].ips
33f80678361701806ad8645132c1cb0185fc5a62442b19132e02dc2d171483f0,2,12G,analytics_log,RAW_DEVICE_LOG_ARCHIVE,SiriSearchFeedback-[PHONE].ips
0147f6ebff4b0a81863abd1c207ae8941bd07634635b5d90b8ed3634fee63af9,2,12G,analytics_log,RAW_DEVICE_LOG_ARCHIVE,SiriSearchFeedback-[PHONE].ips
58b28252d9ebed08886622d9719cb84d745346f4c526f2cf91b64a8f9a0796d9,2,12G,analytics_log,RAW_DEVICE_LOG_ARCHIVE,SiriSearchFeedback-[PHONE].ips
c9ba324cd11c8e34bbb3a6951809bc621cc76f1e3103c36cc0515624e15f61cd,2,12G,analytics_log,RAW_DEVICE_LOG_ARCHIVE,SiriSearchFeedback-[PHONE].ips
dee2cd76a5e4f37a668df3ea0df8a8570bed8944e85dc7c2240e89f0fed29a6c,2,12G,analytics_log,RAW_DEVICE_LOG_ARCHIVE,SiriSearchFeedback-[PHONE].ips
4881eb8067407f619d7244d614eabd7239d4bd62dcafd40f42b7ee9ac9c6bc94,2,12G,analytics_log,RAW_DEVICE_LOG_ARCHIVE,SiriSearchFeedback-[PHONE].ips
753f4b0f6e91b3f270cc3639887fe5ca8b3dea83f51362bd6d735b7dd15a959b,2,12G,analytics_log,RAW_DEVICE_LOG_ARCHIVE,SiriSearchFeedback-[PHONE].ips
7b0c48b4996bdc1cd7ee47571b9c1e651239cde5395dd546d18d274e9f104a42,2,12G,analytics_log,RAW_DEVICE_LOG_ARCHIVE,SiriSearchFeedback-[PHONE].ips
4f1d597ae706b0247c735ae03b28540e7788225ca26f393efa0d7d229a711656,2,12G,analytics_log,RAW_DEVICE_LOG_ARCHIVE,SiriSearchFeedback-[PHONE].ips
92cf814e35a74f11f9a03f37658cdee87944072b185dfa2e3c694346411fbaa1,2,12G,analytics_log,RAW_DEVICE_LOG_ARCHIVE,SiriSearchFeedback-[PHONE].ips
ccbf86585e850921940e9130f040450dec94087245be15af488f89a765b8ca38,2,12G,analytics_log,RAW_DEVICE_LOG_ARCHIVE,SiriSearchFeedback-[PHONE].000.ips
dcf19e892ec5bbaa3f9b2018e77958d5f7f6d396909f0cd26f8818de4189cc2c,2,12G,analytics_log,RAW_DEVICE_LOG_ARCHIVE,SiriSearchFeedback-[PHONE].ips
ae5f4b7722ee2e4e977ae2596d1ae85faf45c7d8c82a9f27329f534151f955f0,2,12G,analytics_log,RAW_DEVICE_LOG_ARCHIVE,SiriSearchFeedback-[PHONE].ips
94bac64a74006e072871b749cf6511d1f472f1bd865bfe3f22e709f46f7d1c29,2,12G,analytics_log,RAW_DEVICE_LOG_ARCHIVE,SiriSearchFeedback-[PHONE].ips
95e4642cd1739c19822b75044f605cca93c1ea4ad434bbf84e59a9c15e3f7586,2,12G,analytics_log,RAW_DEVICE_LOG_ARCHIVE,spotlightknowledged.cpu_resource-[PHONE].ips
77d24327f0b3f8f87a26c5e48daf41b26994770bf85081e635c2ef3599ebea22,2,12G,analytics_log,RAW_DEVICE_LOG_ARCHIVE,stacks-[PHONE].ips
01edd78aa5673cb6d140b1fc3d999712eac754489adae6646353abe97c3cb82b,2,12G,analytics_log,RAW_DEVICE_LOG_ARCHIVE,xp_amp_app_usage_dnu-[PHONE].ips
0bd09ba81256e238a154ca90b6b085f6fb9824c47fca72d69691072478c29066,2,12G,analytics_log,RAW_DEVICE_LOG_ARCHIVE,xp_amp_app_usage_dnu-[PHONE].ips
f9283a31c46f00bf5157078a7349df9133b996148ccc81dff9d9564805023cd1,2,12G,analytics_log,RAW_DEVICE_LOG_ARCHIVE,JetsamEvent-[PHONE].ips
5e973fcd984b165f7ca65f2e70d4abdb32e285701cd5df9bad139d0319932423,2,12G,text_log,RAW_DEVICE_LOG_ARCHIVE,log-power-[PHONE].000.session
1290c19a5be19431dbffe5866f572511defe96c081a34be3b179102d8cb97e0d,2,12G,analytics_log,RAW_DEVICE_LOG_ARCHIVE,proactive_event_tracker-com_apple_Trial-com_apple_triald-[PHONE].ips
a694e2e0a8afb482e3ebcf04cc302e160bfb24a17efdfa38c1e451d101e65fb4,2,12G,analytics_log,RAW_DEVICE_LOG_ARCHIVE,SFA-ckks.json-[PHONE].ips
952f0818d39eed8ade02e8847acc95537f0186686f5ad96a05310b7ea6f51b49,2,12G,analytics_log,RAW_DEVICE_LOG_ARCHIVE,SFA-ckks.json-[PHONE].ips
45405362ca2ebac6902d90b3b22573e2edc4846cc8aba3a841de0a71416a8148,2,12G,analytics_log,RAW_DEVICE_LOG_ARCHIVE,SFA-CloudServices.json-[PHONE].ips
08ef10cf78092346343234d3b81e658bcfefa2470e0e2441bb91ede347ec9bb9,2,12G,analytics_log,RAW_DEVICE_LOG_ARCHIVE,SFA-CloudServices.json-[PHONE].ips
c500a3d34188e1dc87d73714d0e9d1981814d9bdf2cc68fc8db705299ba5d003,2,12G,analytics_log,RAW_DEVICE_LOG_ARCHIVE,SFA-local.json-[PHONE].ips
ab0e0b369d19ad4d537f8f7817072c9816d8c3a7f15109ee564f82f4feeaa28f,2,12G,analytics_log,RAW_DEVICE_LOG_ARCHIVE,SFA-local.json-[PHONE].000.ips
7d5d3d4a11d49ff1f7eda182c3808ae0fc2c2173bc6b1c8e040f71493ed84818,2,12G,analytics_log,RAW_DEVICE_LOG_ARCHIVE,SFA-networking.json-[PHONE].000.ips
85a05793835a857227f2ce68778481a4daf313f2fce7e812776d9032f50b4681,2,12G,analytics_log,RAW_DEVICE_LOG_ARCHIVE,SFA-networking.json-[PHONE].ips
046b1a1f8522eb1e7da54f2856a7ac582474183c5daa08105368ff54634a4b0d,2,12G,analytics_log,RAW_DEVICE_LOG_ARCHIVE,SFA-pcs.json-[PHONE].0002.ips
cd4170653f9d215e71d76e0d127db9434d2b2c8d44babc6c2342a1a3aea3b648,2,12G,analytics_log,RAW_DEVICE_LOG_ARCHIVE,SFA-pcs.json-[PHONE].ips
c56c364a357233194d1bb8a654b36eda22d495886e015f22844c024e14993547,2,12G,analytics_log,RAW_DEVICE_LOG_ARCHIVE,SFA-sos.json-[PHONE].000.ips
b7de2e05ddbf8b3dd883d2cb8fe92855fa58b27720fa04eb0310de0cbd2148dd,2,12G,analytics_log,RAW_DEVICE_LOG_ARCHIVE,SFA-sos.json-[PHONE].000.ips
988b70eafda869d2b893bbf6787a032a1168923bb1e16ec314675d309e3c6309,2,12G,analytics_log,RAW_DEVICE_LOG_ARCHIVE,SFA-swtransparency.json-[PHONE].ips
737d784048d8191c4874efee1a37f1c9d348091578629566b30f2cc973a81a4d,2,12G,analytics_log,RAW_DEVICE_LOG_ARCHIVE,SFA-swtransparency.json-[PHONE].ips
0177bcab88bfbf26db47ecefb4ba3ab914722992f4d1ae417b29f7edc1d670c3,2,12G,analytics_log,RAW_DEVICE_LOG_ARCHIVE,SFA-transparency.json-[PHONE].ips
75904efea1b50d53d7acc27956dffd472f5a880587c4c7683b4b6324a124c2e7,2,12G,analytics_log,RAW_DEVICE_LOG_ARCHIVE,SFA-transparency.json-[PHONE].ips
f66739315c718553d50b478b6fe876c6232b8557aee030f909398886a7e07b5d,2,12G,analytics_log,RAW_DEVICE_LOG_ARCHIVE,signpost_reporter.cpu_resource-[PHONE].ips
4bab7f00f720683f4b01ace5e3a3070efd44d2275595522c0eabe003692db814,2,12G,analytics_log,RAW_DEVICE_LOG_ARCHIVE,SiriSearchFeedback-[PHONE].ips
77a8bb6b55048dd92f6f2eea177e432cb9c9bd4a03a8fe8107092cd25714b7c6,2,12G,analytics_log,RAW_DEVICE_LOG_ARCHIVE,SiriSearchFeedback-[PHONE].ips
09ebc98c13dd2b6c2c759331e2f3773dd512a2d46ffcb47deebae5e737aec827,2,12G,analytics_log,RAW_DEVICE_LOG_ARCHIVE,SiriSearchFeedback-[PHONE].ips
62c3bf5432f7efab510008c41dcb944af180cc4a8021b48d8e3bc499d15c8362,2,12G,analytics_log,RAW_DEVICE_LOG_ARCHIVE,SiriSearchFeedback-[PHONE].ips
1b7c9fb4980c30296106dadc96fafd4091befc5275282dc61b851820479eb3f9,2,12G,analytics_log,RAW_DEVICE_LOG_ARCHIVE,SiriSearchFeedback-[PHONE].ips
bc933a2c8c510c248fca95d2e8d6b002f2b7d4f9e479091b2803327ee8c48606,2,12G,analytics_log,RAW_DEVICE_LOG_ARCHIVE,SiriSearchFeedback-[PHONE].ips
11fc01e64b420fd6baf5a5146e922a5dc7f694c4677dcb0dd668497556d6097b,2,12G,analytics_log,RAW_DEVICE_LOG_ARCHIVE,SiriSearchFeedback-[PHONE].ips
2ee8999792838836db2305dc4a12cd4e3d896f0201bb093a7938453f539188bd,2,12G,analytics_log,RAW_DEVICE_LOG_ARCHIVE,SiriSearchFeedback-[PHONE].ips
ec8d50d6c234575f1bbb20f2054ae9f72a86b2889f4313ad8bf5c3baf2f82110,2,12G,analytics_log,RAW_DEVICE_LOG_ARCHIVE,SiriSearchFeedback-[PHONE].ips
bcca2b252436f5dbcaa9dbce0d020cef74bf7ebd097b7e78d702c7facb2bf92c,2,12G,analytics_log,RAW_DEVICE_LOG_ARCHIVE,SiriSearchFeedback-[PHONE].ips
3e0bbf298b64da3d87fdba8f4758a94183fb01715152f08a6f1f22fd2d01e3fb,2,12G,analytics_log,RAW_DEVICE_LOG_ARCHIVE,SiriSearchFeedback-[PHONE].ips
8b2ba065a0fe274e242ca37f49fba15d2e20842e360789eec5fbda90acf4f498,2,12G,analytics_log,RAW_DEVICE_LOG_ARCHIVE,SiriSearchFeedback-[PHONE].ips
9427d6939dca3590f70de8f7472b66eb11d5cbb7bcaa67f74d0ba586b49f6b35,2,12G,analytics_log,RAW_DEVICE_LOG_ARCHIVE,SiriSearchFeedback-[PHONE].000.ips
1aeda4fd3244a042e007047e9fb3cde2c526d93dd3785ec5304de1f783a28b3e,2,12G,analytics_log,RAW_DEVICE_LOG_ARCHIVE,SiriSearchFeedback-[PHONE].ips
ef2c15b746cbb54f132d41ff48357067ea85f34e666d55038d1682b1565b1d8a,2,12G,analytics_log,RAW_DEVICE_LOG_ARCHIVE,SiriSearchFeedback-[PHONE].ips
e8d3f08d038432064d8fbc0dba955a74cddcac666281e1e033a9cef59282419f,2,12G,analytics_log,RAW_DEVICE_LOG_ARCHIVE,SiriSearchFeedback-[PHONE].ips
267e224fff5a5c809467065f146d9f742a3d96c3392dc1dec1d0ed7aa3782da9,2,12G,analytics_log,RAW_DEVICE_LOG_ARCHIVE,SiriSearchFeedback-[PHONE].000.ips
48a8ba6ba36aba0dd980113201e76c023c1b96cbd17dd820c6d94e6b6a9a6e3f,2,12G,analytics_log,RAW_DEVICE_LOG_ARCHIVE,SiriSearchFeedback-[PHONE].ips
3a83badc956838fb1baad643fc5f6962c9592b4b456ecccf61e04bf867fc7350,2,12G,analytics_log,RAW_DEVICE_LOG_ARCHIVE,SiriSearchFeedback-[PHONE].ips
5e9bc8c4f12d0a10da8c1b4fb3f29efa116de4c684aa295efdf10056f3df0c1d,2,12G,analytics_log,RAW_DEVICE_LOG_ARCHIVE,SiriSearchFeedback-[PHONE].ips
f850858f1b1583bc199dac319b1fa3fb069d97b97131edc75a7d8b858a7f1966,2,12G,analytics_log,RAW_DEVICE_LOG_ARCHIVE,SiriSearchFeedback-[PHONE].ips
9d08f86e825e1daf7091f554ba38b2bcae6fd3e1550f16f9fed3a871813b0d30,2,12G,analytics_log,RAW_DEVICE_LOG_ARCHIVE,SiriSearchFeedback-[PHONE].ips
15929b0397717c4a7e7a76c850ca2dd862913575dc137293c64a69fde4cf27bd,2,12G,analytics_log,RAW_DEVICE_LOG_ARCHIVE,SiriSearchFeedback-[PHONE].ips
c0b52352f3bd43530ad0b9eb967b62fa0fd121e844a2fb7e2c18d3b35e748653,2,12G,analytics_log,RAW_DEVICE_LOG_ARCHIVE,SiriSearchFeedback-[PHONE].ips
5cc15ff0ec6f50f30ef659d17b4fa1f9f2766b85183fa0c11826c8fa9e554382,2,12G,analytics_log,RAW_DEVICE_LOG_ARCHIVE,SiriSearchFeedback-[PHONE].ips
bf2d14a0ba53985013ce0875b3880dcc45cb993eec353a20edff8a38fb430f93,2,12G,analytics_log,RAW_DEVICE_LOG_ARCHIVE,SiriSearchFeedback-[PHONE].ips
d1d203896d6d981a99e56c5763032bcf23ab7feaf1d6230a6345fedd22018689,2,12G,analytics_log,RAW_DEVICE_LOG_ARCHIVE,SiriSearchFeedback-[PHONE].ips
a9f127a72920df122cfaa8ff881fea96968bc4fc1694a7a9a9348fe390a90cbc,2,12G,analytics_log,RAW_DEVICE_LOG_ARCHIVE,SiriSearchFeedback-[PHONE].ips
1a5019f26ce7c6f4e438c43e31c72e2616ab4bf0a43260dd54d5531c820d164d,2,12G,analytics_log,RAW_DEVICE_LOG_ARCHIVE,spotlightknowledged.cpu_resource-[PHONE].ips
4cbb7e267b91bbaceb3426faadc7f566ebffe3cd6d495ad0b75783d046163f11,2,12G,analytics_log,RAW_DEVICE_LOG_ARCHIVE,stacks-[PHONE].ips
d432820737361be9e1a0aa949e2403cd3e59dcb8fcb62c0f42bc631fd074103f,2,12G,analytics_log,RAW_DEVICE_LOG_ARCHIVE,stacks-[PHONE].ips
48eea1deca97eee5fec7ad73bfd88f16911e56f0ef0cd484d1ec2e4b47139e56,2,12G,analytics_log,RAW_DEVICE_LOG_ARCHIVE,WiFiConnectionQuality-[PHONE].ips
1ed0f3e6645d2f0d2fa6bc7b28c8828ab0488ccda5f2c5219f9b09587d14e5b2,2,12G,analytics_log,RAW_DEVICE_LOG_ARCHIVE,xp_amp_app_usage_dnu-[PHONE].ips
a62549690ea94fe450dcd499162974b504c9e4553c63fc2084604376322afd09,2,12G,analytics_log,RAW_DEVICE_LOG_ARCHIVE,xp_amp_app_usage_dnu-[PHONE].ips
c75ad5d815de2c2dc71906561bd3c967dc14572fd4a34ec7063dba72269c0113,2,12G,analytics_log,RAW_DEVICE_LOG_ARCHIVE,ANECompilerService.cpu_resource-[PHONE].ips
817acfe2c04036bb00b1023ff25efdd2b8d50523b233e9f53b05afd0eec7a3cf,2,12G,analytics_log,RAW_DEVICE_LOG_ARCHIVE,com.apple.spotlight.IndexAgent-[PHONE].ips
5e9c36ac2a9b1f18f98fd86723894e3ab183d50e23404a8817cd2e3f18d0da74,2,12G,analytics_log,RAW_DEVICE_LOG_ARCHIVE,JetsamEvent-[PHONE].ips
d2bc84d1525f1cda5d49ecfce9e6dbdbd61a1bfe39bba3af2360678414e561e5,2,12G,analytics_log,RAW_DEVICE_LOG_ARCHIVE,proactive_event_tracker-com_apple_Trial-com_apple_triald-[PHONE].ips
f572ff1e44c252fe94c7922cca6a3a1c51bfbb034a88b0bb318d2e4570ce32f8,2,12G,analytics_log,RAW_DEVICE_LOG_ARCHIVE,SFA-ckks.json-[PHONE].ips
5123ef026a6f6cc3d0f49d2c31e9556b65b6334571eab9ce1c2667f2ff58047e,2,12G,analytics_log,RAW_DEVICE_LOG_ARCHIVE,SFA-ckks.json-[PHONE].ips
53cd56d760bd45294c97a449c9fa7a1b30c7573f5148d9ad101cedb3ceed2d23,2,12G,analytics_log,RAW_DEVICE_LOG_ARCHIVE,SFA-CloudServices.json-[PHONE].ips
1c34672455e3a1966786791cb014592fca59bfed6d2ade85d59595e3ea3a2d1d,2,12G,analytics_log,RAW_DEVICE_LOG_ARCHIVE,SFA-CloudServices.json-[PHONE].ips
63a50489f03dc0003d7de1a9cba59021c57001e740b31205927c44fd03d6d2d5,2,12G,analytics_log,RAW_DEVICE_LOG_ARCHIVE,SFA-local.json-[PHONE].ips
d43bf06c340c91c4d008da8356cc87b1ffae3402810edf70457913021f2c47be,2,12G,analytics_log,RAW_DEVICE_LOG_ARCHIVE,SFA-local.json-[PHONE].ips
da583138b95dd0d155a8f96219597d43363ce175715862c65429a4ee5124a6c8,2,12G,analytics_log,RAW_DEVICE_LOG_ARCHIVE,SFA-networking.json-[PHONE].ips
f75520fd90ba5ec167b3e245da857c631f412dc2972b306013df0628d92adf79,2,12G,analytics_log,RAW_DEVICE_LOG_ARCHIVE,SFA-networking.json-[PHONE].ips
5c78d9f3e26fb440a8ea1acea269d5ce70e52ede5b2c9ff434fe0dc733fd15ae,2,12G,analytics_log,RAW_DEVICE_LOG_ARCHIVE,SFA-pcs.json-[PHONE].0002.ips
8855b1ad4e6f7e117d0580a0fa578e267dafb67792badac6174163b3f8434a50,2,12G,analytics_log,RAW_DEVICE_LOG_ARCHIVE,SFA-pcs.json-[PHONE].0002.ips
7d9c954653ed3bbc3ed44acb8f08aca687827bc54ffc04b4c3ef217425fc297e,2,12G,analytics_log,RAW_DEVICE_LOG_ARCHIVE,SFA-sos.json-[PHONE].000.ips
f28f5f0c1e910261f2eff28782ef91486f25c8eb33c5a1e33ee39e99fa10d5a9,2,12G,analytics_log,RAW_DEVICE_LOG_ARCHIVE,SFA-sos.json-[PHONE].000.ips
e9d70dfb24c2c81146b62af10e0eeed7985ba6b76edbc01c5b55cc87b9cf6fe7,2,12G,analytics_log,RAW_DEVICE_LOG_ARCHIVE,SFA-swtransparency.json-[PHONE].ips
77a62daa22a35c066db8a1fd0ad64236860107acddb45e6b5bd68c34e0bc5809,2,12G,analytics_log,RAW_DEVICE_LOG_ARCHIVE,SFA-swtransparency.json-[PHONE].ips
12d9cdc2898dcb43b065a943d43a6c4a3cdb7006bb4f994ae7a912f168330768,2,12G,analytics_log,RAW_DEVICE_LOG_ARCHIVE,SFA-transparency.json-[PHONE].000.ips
ea02057abe1834c62f8cea329cc03b9da41bfe7b9141d11ab2436f9f78619ddb,2,12G,analytics_log,RAW_DEVICE_LOG_ARCHIVE,SFA-transparency.json-[PHONE].ips
ce7eac76bb34efd0d166871a4bc618161d2e688cbe01b15d7a08d196c278efc8,2,12G,analytics_log,RAW_DEVICE_LOG_ARCHIVE,SiriSearchFeedback-[PHONE].ips
c0683762430ebe14d6284e1eb6a63781b39a79c51353cc5b10b7494a33aa41f2,2,12G,analytics_log,RAW_DEVICE_LOG_ARCHIVE,SiriSearchFeedback-[PHONE].ips
811cd95947f7343632b6e3044dc07dd742687988b815b417d18f447cb5ec73f7,2,12G,analytics_log,RAW_DEVICE_LOG_ARCHIVE,SiriSearchFeedback-[PHONE].ips
809810401c925e82a0be42a3cc37882457f62223a4d3ea5e9d806568679c0d5b,2,12G,analytics_log,RAW_DEVICE_LOG_ARCHIVE,SiriSearchFeedback-[PHONE].ips
e5a517118f614c9290b25c51d0f0b534aae0f20e68a0242694d7f598a3064edc,2,12G,analytics_log,RAW_DEVICE_LOG_ARCHIVE,SiriSearchFeedback-[PHONE].ips
7728b88c9a66eb7097398899867caf152a01f917708f2199122d154195427775,2,12G,analytics_log,RAW_DEVICE_LOG_ARCHIVE,SiriSearchFeedback-[PHONE].ips
5a92ec8720aada908cddde8748d4f75d4ac5be10ea7c8dee9f6af7f52f3e8fe0,2,12G,analytics_log,RAW_DEVICE_LOG_ARCHIVE,SiriSearchFeedback-[PHONE].ips
6db87ebea66ce840ad175524800cf6c32f443b91d5217070800cc8b76da25129,2,12G,analytics_log,RAW_DEVICE_LOG_ARCHIVE,SiriSearchFeedback-[PHONE].ips
2c0544478cd63590ea023240261f93e88c46634f9ffd2d0cefd9835658ecd884,2,12G,analytics_log,RAW_DEVICE_LOG_ARCHIVE,SiriSearchFeedback-[PHONE].ips
ea730b7e90e076fa76a1b9eb3c5d9fcd5a7f7772b61af134afbdb3f228f85b8e,2,12G,analytics_log,RAW_DEVICE_LOG_ARCHIVE,SiriSearchFeedback-[PHONE].ips
c4c814d7f373893209ce35300598abdbcbb4120db298006a143d7fdc74da8f7b,2,12G,analytics_log,RAW_DEVICE_LOG_ARCHIVE,SiriSearchFeedback-[PHONE].ips
6bd9bc4ebae66d3efb4eccc5501309405dad5d5083448aa2e6fbb18e46bf26a5,2,12G,analytics_log,RAW_DEVICE_LOG_ARCHIVE,SiriSearchFeedback-[PHONE].ips
62083c10fafb8b301919947518bc2ecd5f94574aa6fe622d75d3ec39c4a0ed39,2,12G,analytics_log,RAW_DEVICE_LOG_ARCHIVE,SiriSearchFeedback-[PHONE].ips
c7af95f19c6eb55355b4dfbed26c46161bf5414a8a77a2833e747a6cf6573f36,2,12G,analytics_log,RAW_DEVICE_LOG_ARCHIVE,SiriSearchFeedback-[PHONE].ips
44066eccae00e63896657d4e7da852e7cdec017b85a8ecd0b9ff7a94973ff939,2,12G,analytics_log,RAW_DEVICE_LOG_ARCHIVE,SiriSearchFeedback-[PHONE].ips
c6a8756c9097294a02ac221d198c8f856a5b5acbaa933188e4a7dcffa1d9d047,2,12G,analytics_log,RAW_DEVICE_LOG_ARCHIVE,SiriSearchFeedback-[PHONE].ips
d550eb3bf4b17fe2937242c4fd43db60d5fd1c0b48ad49aa2c3fc886ab397407,2,12G,analytics_log,RAW_DEVICE_LOG_ARCHIVE,SiriSearchFeedback-[PHONE].ips
3ce494d5f8b96d1b7dcf99624ba1a0d3d065558b2d4b5e6b255d4210e893ebc1,2,12G,analytics_log,RAW_DEVICE_LOG_ARCHIVE,SiriSearchFeedback-[PHONE].ips
47d58e5bd06520623b8684bac62cda3965779ddef43d44249f42a3ebc3362bc1,2,12G,analytics_log,RAW_DEVICE_LOG_ARCHIVE,SiriSearchFeedback-[PHONE].ips
c425fc59149892e43b3723303ebcda9a58489b42d67282ed76a3db33a2a8f49f,2,12G,analytics_log,RAW_DEVICE_LOG_ARCHIVE,SiriSearchFeedback-[PHONE].ips
6a4fa4ff7fbda5ae62c1dc7ec191af354f73e3cb7d2352b1ad9160ea4c369eb7,2,12G,analytics_log,RAW_DEVICE_LOG_ARCHIVE,SiriSearchFeedback-[PHONE].ips
4b94007be750e01ad4e5b4828d5b9b62b6c2eb0089c988b395bf8ed16de6f445,2,12G,analytics_log,RAW_DEVICE_LOG_ARCHIVE,SiriSearchFeedback-[PHONE].ips
0df79bc257666a0b0608467befcfe14b1ccc7c43767d3991d3178a25e5b29868,2,12G,analytics_log,RAW_DEVICE_LOG_ARCHIVE,spotlightknowledged.cpu_resource-[PHONE].ips
74c0f1c357b71959493d4b8accb60ebf2ab75eb0f0cda01b26a0d37f0ade856d,2,12G,analytics_log,RAW_DEVICE_LOG_ARCHIVE,xp_amp_app_usage_dnu-[PHONE].ips
1dd3b5d9ae2b605680a3841191b8e9d00d32f621a55fd7275a7af38c1ddbde25,2,12G,analytics_log,RAW_DEVICE_LOG_ARCHIVE,xp_amp_app_usage_dnu-[PHONE].ips
aaad0abfd0d0918146f7f3118d812b7c349e0d6ab5dac0f4e7ebd1f48a932e54,2,12G,analytics_synced,RAW_DEVICE_LOG_ARCHIVE,Analytics-[PHONE].ips.ca.synced
4bb160365d785b9b890cb1ced40791f01b1f1837651261c46ad34e1d950be702,2,12G,analytics_log,RAW_DEVICE_LOG_ARCHIVE,IntentsExtension-[PHONE].ips
28f1f292fd11b678c2593d3ddb22012dd7a9347111c628dd3bc466f0fa2147aa,2,12G,analytics_log,RAW_DEVICE_LOG_ARCHIVE,JetsamEvent-[PHONE].ips
f290c44b5f3839e5bbc3df4935ea4ab352cf7f0e887cb9323091142227145e41,2,12G,text_log,RAW_DEVICE_LOG_ARCHIVE,log-power-[PHONE].session
ced8daa16e9f5f450e3ecf3573c636ea300fb8ea51d92a85b7509fd784b2902c,2,12G,analytics_log,RAW_DEVICE_LOG_ARCHIVE,proactive_event_tracker-com_apple_Trial-com_apple_triald-[PHONE].ips
57146893190c38a70c1c282f0a013671e68be6db80ae8c857a761ba64c3855b8,2,12G,analytics_log,RAW_DEVICE_LOG_ARCHIVE,SFA-ckks.json-[PHONE].ips
cd247576bedca81dcbb7ab35fbde93b802765d49b9d12eadbf159f7e45729a46,2,12G,analytics_log,RAW_DEVICE_LOG_ARCHIVE,SFA-ckks.json-[PHONE].ips
8d5cef2462ea7e6eee7458bfb3c4b1ee48aa3063d287a504c8117fd3589eba0d,2,12G,analytics_log,RAW_DEVICE_LOG_ARCHIVE,SFA-ckks.json-[PHONE].ips
aad79c6c2cf46dfc42919237a267fc078280a6c98529186bc62ed4445d1fb4a3,2,12G,analytics_log,RAW_DEVICE_LOG_ARCHIVE,SFA-CloudServices.json-[PHONE].ips
9363d401a3dcb41f44e9a206000a6d828c727035bf4f25eed2bbeb39357509c5,2,12G,analytics_log,RAW_DEVICE_LOG_ARCHIVE,SFA-CloudServices.json-[PHONE].ips
1dc209669b1f170ef443628895731b166f13fedc3df4d68ee3f2d77c7e768d73,2,12G,analytics_log,RAW_DEVICE_LOG_ARCHIVE,SFA-CloudServices.json-[PHONE].ips
490a5f6c08307726962b10f6de1a6ceea40a5fe47b62efffd81fa5be46b3d648,2,12G,analytics_log,RAW_DEVICE_LOG_ARCHIVE,SFA-local.json-[PHONE].ips
57d069bfb07e77ba4a516e6af2b9122592a15f048241f26936ada80d27ffddd8,2,12G,analytics_log,RAW_DEVICE_LOG_ARCHIVE,SFA-local.json-[PHONE].ips
5fd33975747c4a0b4446de911909e8365a14a57119b545c991ea18a389efb648,2,12G,analytics_log,RAW_DEVICE_LOG_ARCHIVE,SFA-local.json-[PHONE].ips
09072c527bbdc68ccd455250b04af2457c78e83021ddc2dc84ef12cc52c7b019,2,12G,analytics_log,RAW_DEVICE_LOG_ARCHIVE,SFA-networking.json-[PHONE].ips
5a15c5525bafa5c7a5a4cf37efa8acc9f51830e6a749f6ca074ff3978619fde8,2,12G,analytics_log,RAW_DEVICE_LOG_ARCHIVE,SFA-networking.json-[PHONE].ips
2cd5f9e03b08f7328645ef1978f2a3b6dcf9ce5e894324d2360466c810e4ee69,2,12G,analytics_log,RAW_DEVICE_LOG_ARCHIVE,SFA-networking.json-[PHONE].ips
336a49f5b012f83c627bf413e7e4112c9b62350c43a7a9e85d39ec3642e758de,2,12G,analytics_log,RAW_DEVICE_LOG_ARCHIVE,SFA-pcs.json-[PHONE].0002.ips
7cbfea6d1fbdbbc4192040221642dec82ee4401aa94d21483a331878d64f21bc,2,12G,analytics_log,RAW_DEVICE_LOG_ARCHIVE,SFA-pcs.json-[PHONE].000.ips
4700a95ad58de89a82c571b83da6a2b95728b1dd9194ffcbaf1036d8384685dc,2,12G,analytics_log,RAW_DEVICE_LOG_ARCHIVE,SFA-pcs.json-[PHONE].0002.ips
5225998bc6b05ba25b76c52631343f8d9867c7daf680f4a872106beb81cce2a9,2,12G,analytics_log,RAW_DEVICE_LOG_ARCHIVE,SFA-sos.json-[PHONE].000.ips
3651e6dec2347afb27c2c6009f56abbdfa8b57e56dcf2029ce55fea77b3cfeb9,2,12G,analytics_log,RAW_DEVICE_LOG_ARCHIVE,SFA-sos.json-[PHONE].ips
6e0566e9be250ab15c75d22ca6acec48ee60de4b2ea475cae8a666cd4486ad2f,2,12G,analytics_log,RAW_DEVICE_LOG_ARCHIVE,SFA-sos.json-[PHONE].000.ips
853182c723962e7fafe67e00ab656d3160c8dc7d40bc4246ab0e1af36007ad56,2,12G,analytics_log,RAW_DEVICE_LOG_ARCHIVE,SFA-swtransparency.json-[PHONE].ips
66b00894f5ea5c46bce3fc8c237efebf22bbf331841acaf6cc6cbe62355d4173,2,12G,analytics_log,RAW_DEVICE_LOG_ARCHIVE,SFA-swtransparency.json-[PHONE].ips
e575172e34303ace2c10f8e1984b76508df1c56f2b4c2ff094cd8aebc97e29f0,2,12G,analytics_log,RAW_DEVICE_LOG_ARCHIVE,SFA-swtransparency.json-[PHONE].ips
fec1ff563d405c648cd38663410ac4d78ea20b46c408c9e6576a65b8c48b387f,2,12G,analytics_log,RAW_DEVICE_LOG_ARCHIVE,SFA-transparency.json-[PHONE].ips
3897a06f31e3ebd058d7f888cbe321afa6a3a291ef5f267a03cbebc67b37faf7,2,12G,analytics_log,RAW_DEVICE_LOG_ARCHIVE,SFA-transparency.json-[PHONE].ips
1d17826ca1eab6eabfcdca76e6fe4c5bc2a6ef4391a41bc7c5359cdb1091b23e,2,12G,analytics_log,RAW_DEVICE_LOG_ARCHIVE,SFA-transparency.json-[PHONE].ips
221aa9388d1c203b904747a4cf4f0b59e18c51b833fd797a8d95963eff449466,2,12G,analytics_log,RAW_DEVICE_LOG_ARCHIVE,SiriSearchFeedback-[PHONE].ips
a9c78f2766e8cd8df70916503a671d25747aa404bcf8114bba8779fdb1fe273f,2,12G,analytics_log,RAW_DEVICE_LOG_ARCHIVE,SiriSearchFeedback-[PHONE].ips
73c6f4a97ffd76061b977b581c0a701655327789b75bd40dda055aac766cfec1,2,12G,analytics_log,RAW_DEVICE_LOG_ARCHIVE,SiriSearchFeedback-[PHONE].ips
921103714e9ae705f9c9c503127ca9851a2b38572404a032e8c8eef58b7fd824,2,12G,analytics_log,RAW_DEVICE_LOG_ARCHIVE,SiriSearchFeedback-[PHONE].ips
1a9ed5d043c0aaa6105f7fdc8dbaa39414b6ef2083b93ddfd632b77f4b1972eb,2,12G,analytics_log,RAW_DEVICE_LOG_ARCHIVE,SiriSearchFeedback-[PHONE].ips
efddfcb264655fd2bd217b07dec00df90c38e4da081d18b9e1b65c370c82ee30,2,12G,analytics_log,RAW_DEVICE_LOG_ARCHIVE,SiriSearchFeedback-[PHONE].ips
195a519eeb6354553da9a17d8e3597dfd522e679c66183ff753afb86b17f04c2,2,12G,analytics_log,RAW_DEVICE_LOG_ARCHIVE,SiriSearchFeedback-[PHONE].ips
b281447a5d5d500d7104cb992abab64fd7de27e56941f1592a5b57adbcf06083,2,12G,analytics_log,RAW_DEVICE_LOG_ARCHIVE,SiriSearchFeedback-[PHONE].ips
cb3d8b8def072e6f3dec4f6caaf92eff41d0e6de83dbe67a00b332783f5cb2b2,2,12G,analytics_log,RAW_DEVICE_LOG_ARCHIVE,widgetExtension-[PHONE].000.ips
745390e4446c846ce85539dbb5f119fc07b2a1dc711f6b61004a2966695a2f6b,2,12G,analytics_log,RAW_DEVICE_LOG_ARCHIVE,xp_amp_app_usage_dnu-[PHONE].ips
835b47024310c1e1468f03af49a1f3174b10082780aaabf30e35ff72e2547417,2,12G,analytics_log,RAW_DEVICE_LOG_ARCHIVE,xp_amp_app_usage_dnu-[PHONE].ips
b4f7a365974e899929a9447db8da172aee8a70e61fa813b98f315384947ddfe2,2,12G,analytics_synced,RAW_DEVICE_LOG_ARCHIVE,Analytics-[PHONE].ips.ca.synced
456bf5a24b860a9b1e3fd3b2c3c29ec4679fe04c96fca1a1cae104aa87a15120,2,12G,analytics_log,RAW_DEVICE_LOG_ARCHIVE,com.apple.spotlight.IndexAgent-[PHONE].ips
9f20613040a24c043cb8c7a36053e8b99401fcdc30b621f519ee55f1877fba67,2,12G,analytics_log,RAW_DEVICE_LOG_ARCHIVE,com.apple.spotlight.IndexAgent-[PHONE].ips
aabf9c39b8797f48b30fe5dbe6635902aaa7bc945d0173cc42685bc3c07e2873,2,12G,analytics_log,RAW_DEVICE_LOG_ARCHIVE,com.apple.spotlight.IndexAgent-[PHONE].ips
5621020be025f57f5a76f89b720da60374fd929363f493d61e34516534829569,2,12G,analytics_log,RAW_DEVICE_LOG_ARCHIVE,com.apple.spotlight.IndexAgent-[PHONE].ips
b161bfcfc208e4774af2727a67ffb40c35061fe9c3719da6dec8d2b264efc8e9,2,12G,analytics_log,RAW_DEVICE_LOG_ARCHIVE,duetexpertd.cpu_resource-[PHONE].ips
b36d0dd1ddde82d21da310f8819f90d135721711312fedfb2e3deda8e8b2edfd,2,12G,analytics_log,RAW_DEVICE_LOG_ARCHIVE,JetsamEvent-[PHONE].ips
c3ae37597c7c95acf93c3e8a3713036fec4232d4f7ea85ef2724900630db0199,2,12G,analytics_log,RAW_DEVICE_LOG_ARCHIVE,JetsamEvent-[PHONE].ips
ad579f04961443ca3360f718d969a2e4bf6fa1ca2319642783f40b5ffca344b0,2,12G,text_log,RAW_DEVICE_LOG_ARCHIVE,log-power-[PHONE].session
1cba05fc7110b26ba679201de7a95d8ec9b89b8961524f0f3e24f6ebc6e3fa0a,2,12G,analytics_log,RAW_DEVICE_LOG_ARCHIVE,MobileNotes-[PHONE].ips
38b433250039d5361fee07b2acdd73feab518363d221dfc180b8c17a31d5bac1,2,12G,analytics_log,RAW_DEVICE_LOG_ARCHIVE,MobileNotes-[PHONE].ips
2156f59ae7fdcaf6a4164657b3ace1fffdea85d907d1afb589cc94683181883e,2,12G,analytics_log,RAW_DEVICE_LOG_ARCHIVE,MobileNotes-[PHONE].ips
0583484a11c27e720437a9222d3026edccc6aeabf9120530601b6095a695d22a,2,12G,analytics_log,RAW_DEVICE_LOG_ARCHIVE,MobileNotes-[PHONE].ips
8c17ebee68a16b283cb173d7068c60416e952e47218e7209cfdcb574aa34dde6,2,12G,analytics_log,RAW_DEVICE_LOG_ARCHIVE,MobileNotes-[PHONE].ips
a6d8f76349b539cf29d9a90c84feac53e518229961a6b70d060dd70a4b51ee6f,2,12G,analytics_log,RAW_DEVICE_LOG_ARCHIVE,MobileNotes.cpu_resource-[PHONE].ips
ee478d7786fc439a282903f4b7a323efff42fb89ba64ff350577e54d315a99a3,2,12G,analytics_log,RAW_DEVICE_LOG_ARCHIVE,proactive_event_tracker-com_apple_Trial-com_apple_triald-[PHONE].ips
4a1de0a0fe15372c4e9a6a67ff2d314f16302d998a8fd351bdeb20e8be066a54,2,12G,analytics_log,RAW_DEVICE_LOG_ARCHIVE,SFA-ckks.json-[PHONE].ips
fb2e8dad3fc7f779ad11b774dd0fe90e2865f2fced738e93ec82d926a900135c,2,12G,analytics_log,RAW_DEVICE_LOG_ARCHIVE,SFA-ckks.json-[PHONE].ips
8d8f03884dfb7d89ccbf9b6b83909d33b2500a07d0e8c0bd034dc9611ba38a7f,2,12G,analytics_log,RAW_DEVICE_LOG_ARCHIVE,SFA-ckks.json-[PHONE].ips
f3a96c2cabe1894274fa3963217c70b6765a3d9aff2f854a5457328f0bc8d530,2,12G,analytics_log,RAW_DEVICE_LOG_ARCHIVE,SFA-CloudServices.json-[PHONE].ips
eea67c36e2a9db575ed2db606637f4ea00b8e2b37aba5b5ccd003352b239c8e9,2,12G,analytics_log,RAW_DEVICE_LOG_ARCHIVE,SFA-CloudServices.json-[PHONE].ips
ca28990a1e4afeb6b52c7ae9d68b789dd6d0f038e8e7ef32103723f3d4a9204f,2,12G,analytics_log,RAW_DEVICE_LOG_ARCHIVE,SFA-CloudServices.json-[PHONE].ips
208163a7b0c6be5d980688276ef873d56c1e40b8c6cccb31ffa82d3b55c5122b,2,12G,analytics_log,RAW_DEVICE_LOG_ARCHIVE,SFA-local.json-[PHONE].000.ips
d56adb943d3239a82d6519a6424b8aef774adca81f0d385cace0e7cf6960fc1a,2,12G,analytics_log,RAW_DEVICE_LOG_ARCHIVE,SFA-local.json-[PHONE].000.ips
c37c0e2620c58b7d24830cd71091ccdc2783443eb49fbbd54432326a570bd263,2,12G,analytics_log,RAW_DEVICE_LOG_ARCHIVE,SFA-local.json-[PHONE].0002.ips
14535b1e0921ebc26238c6310472d324d4cf03cc502cd1a0fcff53d642586ea0,2,12G,analytics_log,RAW_DEVICE_LOG_ARCHIVE,SFA-networking.json-[PHONE].ips
b36f57b9b5f7798c9e8b6495e7802bfed9c05b4db445b942d946613f0fe440a6,2,12G,analytics_log,RAW_DEVICE_LOG_ARCHIVE,SFA-networking.json-[PHONE].ips
489359c4315e68c950434241c452d419186fea2bc601a93e1c560cbe615bc522,2,12G,analytics_log,RAW_DEVICE_LOG_ARCHIVE,SFA-networking.json-[PHONE].ips
d1cc9dc0ad68593e47273ccdd3ff043b33d5e1c95e7f6ec8bcd8b69e6e7d1f33,2,12G,analytics_log,RAW_DEVICE_LOG_ARCHIVE,SFA-pcs.json-[PHONE].ips
69460bbc724f685a0311e0500e246b01f8df5ff70c17bd0a64133ec2a514c944,2,12G,analytics_log,RAW_DEVICE_LOG_ARCHIVE,SFA-pcs.json-[PHONE].ips
5098b6dd0c4e76ce644ef2f52937dd0a7655220dea8d8fcb920d4a734360baec,2,12G,analytics_log,RAW_DEVICE_LOG_ARCHIVE,SFA-pcs.json-[PHONE].000.ips
cf060f584f097ab4b11b98beb72e1fe8e94709c58d97f9e4190fccadd048140e,2,12G,analytics_log,RAW_DEVICE_LOG_ARCHIVE,SFA-sos.json-[PHONE].000.ips
5713ce85221a1d77f4537157075422818ba556da479edbab0d1b51c2c668581a,2,12G,analytics_log,RAW_DEVICE_LOG_ARCHIVE,SFA-sos.json-[PHONE].000.ips
0ece00d124b9149c6c57a710e7fc4b4cce907a16253ffb1024825c9015b20fea,2,12G,analytics_log,RAW_DEVICE_LOG_ARCHIVE,SFA-sos.json-[PHONE].ips
c8a43445c1af8652ca61aef0c2437556551ae4bfe561edb3de2692ca88ca4cc7,2,12G,analytics_log,RAW_DEVICE_LOG_ARCHIVE,SFA-swtransparency.json-[PHONE].ips
62b8e6d3644f1d0767823d6ac8949b23a0db6acf2a96b8beb23a6dfea61a2efb,2,12G,analytics_log,RAW_DEVICE_LOG_ARCHIVE,SFA-swtransparency.json-[PHONE].ips
da72d04aa9690dae9532c9057c0bae80041890c161dc344f61a494eb13167544,2,12G,analytics_log,RAW_DEVICE_LOG_ARCHIVE,SFA-swtransparency.json-[PHONE].ips
537446213fe05758d0f7f223461140db080944d7158e43ae2afffe5c4735dcd4,2,12G,analytics_log,RAW_DEVICE_LOG_ARCHIVE,SFA-transparency.json-[PHONE].ips
44e97bf84e8f354a9992af989eb93855f3ca244851da07f7f02aa3d0142c146a,2,12G,analytics_log,RAW_DEVICE_LOG_ARCHIVE,SFA-transparency.json-[PHONE].ips
623630e53849d2af89135ab4c7410ded4cb0e4b7f4b3b9019abab4caa13527c3,2,12G,analytics_log,RAW_DEVICE_LOG_ARCHIVE,SFA-transparency.json-[PHONE].ips
0b054b56543dab8f8a3e1a6fa836706ef30d524c0fcc7933306c63247f123065,2,12G,analytics_log,RAW_DEVICE_LOG_ARCHIVE,SiriSearchFeedback-[PHONE].000.ips
8009baaa77fa41a0279bd07f65153582b84491ebf90a535b4cfa3ee75049bc06,2,12G,analytics_log,RAW_DEVICE_LOG_ARCHIVE,SiriSearchFeedback-[PHONE].ips
d5379002ee12627493e7151a065b025767b30006547779926d3586c68abc5a79,2,12G,analytics_log,RAW_DEVICE_LOG_ARCHIVE,SiriSearchFeedback-[PHONE].ips
e32278d1759f0db9610a30b644b0d0298edc48647efd0c590b18ce390e710b00,2,12G,analytics_log,RAW_DEVICE_LOG_ARCHIVE,SiriSearchFeedback-[PHONE].ips
eca8326510ff4b809ac64e85e4d985fe4f305ba983b66bfe2ecb5d3964250818,2,12G,analytics_log,RAW_DEVICE_LOG_ARCHIVE,SiriSearchFeedback-[PHONE].ips
165463307bd6c40f6f705bd05117143575a084ad749d3130fae088b933950b3e,2,12G,analytics_log,RAW_DEVICE_LOG_ARCHIVE,SiriSearchFeedback-[PHONE].ips
148a4601a70edb751d098609ba8fed4bdc666c4b6198452c29ce15a54c194555,2,12G,analytics_log,RAW_DEVICE_LOG_ARCHIVE,SiriSearchFeedback-[PHONE].ips
a20e5b7400ac89ea2ba614de9d280b76c161b3cb1c1a24dcc8ea955b4c72716a,2,12G,analytics_log,RAW_DEVICE_LOG_ARCHIVE,SiriSearchFeedback-[PHONE].ips
3e8be93df23cdcf9a8ff65acee538c46fb3439544a71e8c5dcdc3336a101c0eb,2,12G,analytics_log,RAW_DEVICE_LOG_ARCHIVE,SiriSearchFeedback-[PHONE].ips
0f763052910a196b4a5fbc579ed64bb9af38e1b7a5d045ec75a63d970c0310aa,2,12G,analytics_log,RAW_DEVICE_LOG_ARCHIVE,SiriSearchFeedback-[PHONE].ips
2d50afa32945af0d12f571c77877321c69aba5d2a9991ba2e2f36e8264c7fc88,2,12G,analytics_log,RAW_DEVICE_LOG_ARCHIVE,SiriSearchFeedback-[PHONE].ips
8eae89e97ec2498d4bc87a6c5caaa2336ad74cd5f1e313f676cc326b3764318a,2,12G,analytics_log,RAW_DEVICE_LOG_ARCHIVE,SiriSearchFeedback-[PHONE].ips
f1ec0215ffbae1116b68732ec5aebaa4e173b9447db4b491c96126e99c21715e,2,12G,analytics_log,RAW_DEVICE_LOG_ARCHIVE,SiriSearchFeedback-[PHONE].ips
2dc469be733a7d2932619b985e5d28c35e93b7ea63f264beea2298f03892d151,2,12G,analytics_log,RAW_DEVICE_LOG_ARCHIVE,SiriSearchFeedback-[PHONE].ips
7f570f76df00daa886d66b36b0493ff73f687dd3d756bfc4365874f188ad537b,2,12G,analytics_log,RAW_DEVICE_LOG_ARCHIVE,SiriSearchFeedback-[PHONE].ips
bb7c181f01cce69603a8fdbca78b187256f85e83921de75941a29ebd25fd0b56,2,12G,analytics_log,RAW_DEVICE_LOG_ARCHIVE,SiriSearchFeedback-[PHONE].ips
df51094f1efc0577e9e7e1a6075bca4a60435d30840ac6e421cfa3e27f91950d,2,12G,analytics_log,RAW_DEVICE_LOG_ARCHIVE,SiriSearchFeedback-[PHONE].ips
45db6ce64ec620fa684371f137f0bdeb7ee00e84a87105ef516fd6ebab0a5cc7,2,12G,analytics_log,RAW_DEVICE_LOG_ARCHIVE,SiriSearchFeedback-[PHONE].ips
b549f574c7011e9a9defc3f1e20d5980c4b7ad7d552b86297abc7e711ac08388,2,12G,analytics_log,RAW_DEVICE_LOG_ARCHIVE,SiriSearchFeedback-[PHONE].ips
b44d44c565ef623de12f2d364a251e85ef0b486f247439c368d00f6e18062452,2,12G,analytics_log,RAW_DEVICE_LOG_ARCHIVE,SiriSearchFeedback-[PHONE].ips
155947b0da9dba07ec8085ec92c895885c9786ed7ce83eb537e8cf0ccef2fc38,2,12G,analytics_log,RAW_DEVICE_LOG_ARCHIVE,SiriSearchFeedback-[PHONE].ips
50365a5dd6eb524f37d3a12ed1d3266c564f23af17c0a3bd39e9a45516c94c67,2,12G,analytics_log,RAW_DEVICE_LOG_ARCHIVE,SiriSearchFeedback-[PHONE].ips
e4c602a34a9e79e4b612a4724db0350d0577c51c0aafd72ae21600279b9e1810,2,12G,analytics_log,RAW_DEVICE_LOG_ARCHIVE,SiriSearchFeedback-[PHONE].ips
ae9182a7c7fb8dd06800733ab8adb8d0a6b6ac653bb59bd65c1880b4d48e8fa1,2,12G,analytics_log,RAW_DEVICE_LOG_ARCHIVE,SiriSearchFeedback-[PHONE].ips
b1f0e7ba8aa42861268331a89f633d768c95165694dbf647d939324ad4cd3a3f,2,12G,analytics_log,RAW_DEVICE_LOG_ARCHIVE,SiriSearchFeedback-[PHONE].ips
a0ff6b48c49be8b7707774232ae11dd74f325eb25f6984f388dbd9d35c543349,2,12G,analytics_log,RAW_DEVICE_LOG_ARCHIVE,SiriSearchFeedback-[PHONE].ips
16111c6b39b46448ea469ddac947e22cd99476288c35dde8655c2de55d28e0a6,2,12G,analytics_log,RAW_DEVICE_LOG_ARCHIVE,SiriSearchFeedback-[PHONE].ips
ec65bfcaf0065470c1116127e4f334bec3fa5cc233bd6aff232c14e6c19b21d7,2,12G,analytics_log,RAW_DEVICE_LOG_ARCHIVE,SiriSearchFeedback-[PHONE].ips
617ebb662741ca49d7b8fceb3d030342c627eebc319590f2aa6cde6798ae3df3,2,12G,analytics_log,RAW_DEVICE_LOG_ARCHIVE,SiriSearchFeedback-[PHONE].ips
9d67d21d0adb9da0ed0c2884d3e08073a3f6d269ded9e405d74efbb98da9dc5b,2,12G,analytics_log,RAW_DEVICE_LOG_ARCHIVE,SiriSearchFeedback-[PHONE].ips
0360ed858bad004cca11d0e1262e6b0b97d19c664706caef0324ba2285067ff9,2,12G,analytics_log,RAW_DEVICE_LOG_ARCHIVE,SiriSearchFeedback-[PHONE].ips
25f5df66fa16fb982d2d4834da1a513d7bc466fe955b78d0f977f01b992b7f61,2,12G,analytics_log,RAW_DEVICE_LOG_ARCHIVE,SiriSearchFeedback-[PHONE].ips
e2778ea12978b9e315597b531b487444dc1d00cef607dbbe9033ace7c3f2d652,2,12G,analytics_log,RAW_DEVICE_LOG_ARCHIVE,SiriSearchFeedback-[PHONE].ips
86dee7fd3eebc2c1e4f2c24e5da823b573f4206b94bc95b552f9a70e20c9340e,2,12G,analytics_log,RAW_DEVICE_LOG_ARCHIVE,SiriSearchFeedback-[PHONE].ips
086ec81b94f19550ffc7c1a86f71ddcafd907a471737e7e78c0d0a826a815f12,2,12G,analytics_log,RAW_DEVICE_LOG_ARCHIVE,SiriSearchFeedback-[PHONE].ips
e80b2784fc744a612e57f758b03f0b50c553b01692e31d6f1871e6d57f782c26,2,12G,analytics_log,RAW_DEVICE_LOG_ARCHIVE,SiriSearchFeedback-[PHONE].ips
9ccc99c24a021bac7d91969e985245dbe227d13c6e14f9f5c312f59e186ca9e2,2,12G,analytics_log,RAW_DEVICE_LOG_ARCHIVE,SiriSearchFeedback-[PHONE].ips
41c45a76a2d5896f56ddfc0680c30ea9c2a70772403027f31930f218747a6260,2,12G,analytics_log,RAW_DEVICE_LOG_ARCHIVE,SiriSearchFeedback-[PHONE].ips
8931a46509e00e4eb6ab406f0342d2797ad91b3d85ed0541809e4a75182733f2,2,12G,analytics_log,RAW_DEVICE_LOG_ARCHIVE,SiriSearchFeedback-[PHONE].ips
435700d464f25e489ed3d6a667b8e4e2f29eec7c31924b208ca442432c26e240,2,12G,analytics_log,RAW_DEVICE_LOG_ARCHIVE,SiriSearchFeedback-[PHONE].ips
c1214561ba35e050a298f1b8f05102067281728caf4267133507302819243f06,2,12G,analytics_log,RAW_DEVICE_LOG_ARCHIVE,SiriSearchFeedback-[PHONE].ips
4bc229c471f0913f2cf5c316312b7d48e51779a48cd9ac458878f82ea28a408b,2,12G,analytics_log,RAW_DEVICE_LOG_ARCHIVE,SiriSearchFeedback-[PHONE].ips
88f9b440014bf390737c0f397d1ff05d5fd18e2d0742fa9822798c2349cb2fae,2,12G,analytics_log,RAW_DEVICE_LOG_ARCHIVE,spotlightknowledged.cpu_resource-[PHONE].ips
24b18f39b4592cdc9c4aefee955fcaa4c2ff6229812f0b215cbe10b1702403ae,2,12G,analytics_log,RAW_DEVICE_LOG_ARCHIVE,stacks-[PHONE].ips
07e67b11934d158645d058d6b933dd48f15e63e605ad8c22ef4fdfc3bfc66861,2,12G,analytics_log,RAW_DEVICE_LOG_ARCHIVE,stacks-[PHONE].ips
533dfe8a8e79f81652c583bf872c337e1a6e6e5443acf00addb5e808fbe3a0ab,2,12G,analytics_log,RAW_DEVICE_LOG_ARCHIVE,stacks-[PHONE].ips
4e82601650a09c34eb4bc1ced777f21032d5edbd1a00cb5e0599b5d60765f3aa,2,12G,analytics_log,RAW_DEVICE_LOG_ARCHIVE,stacks-[PHONE].ips
ffe29c90a4e77b1f85e56ea8755170b44c6a2310c23bef269bc913ba1ee6d583,2,12G,sysdiagnose,RAW_DEVICE_LOG_ARCHIVE,sysdiagnose_2025.08.07_12-35-02+0700_iPhone-OS_iPhone_22F76.tar.gz
55fa6782c5fc69e34e1928132d022a4e7ebd94aaead376ae8c3da01565d6f168,2,12G,analytics_log,RAW_DEVICE_LOG_ARCHIVE,xp_amp_app_usage_dnu-[PHONE].ips
9145039cc8cb2a0b6368ce22859998c3a75231a67a512526b70e06b66e442810,2,12G,analytics_log,RAW_DEVICE_LOG_ARCHIVE,xp_amp_app_usage_dnu-[PHONE].ips
97cf28ed4ca95c60dfcc85515731ac15f748aa28f91e680af591f164546a4fae,2,12G,analytics_synced,RAW_DEVICE_LOG_ARCHIVE,Analytics-[PHONE].ips.ca.synced
bc4e5a6a061e6dde881327fbaba7bd1e7a889ee838e3f1eef816b07295b28b97,2,12G,analytics_log,RAW_DEVICE_LOG_ARCHIVE,IntentsExtension-[PHONE].ips
2cf3904b25f7c630014a5c4d510758909ce98d31da6dc82c50243f440b33ca80,2,12G,analytics_log,RAW_DEVICE_LOG_ARCHIVE,IntentsExtension-[PHONE].ips
96e75686889b31606e45b4cce5c87ee6c9341158be8cf8385231202f11b9262a,2,12G,analytics_log,RAW_DEVICE_LOG_ARCHIVE,IntentsExtension-[PHONE].ips
dd3ca797dc047c4e40e1da4a0164ef2bd749e72ec5d1952c16a4d6acbda73d95,2,12G,analytics_log,RAW_DEVICE_LOG_ARCHIVE,IntentsExtension-[PHONE].ips
c67ea1d009f74184d78d24d26d6503abfe32ecc98af4aaa28276377af5e53b2a,2,12G,analytics_log,RAW_DEVICE_LOG_ARCHIVE,IntentsExtension-[PHONE].ips
4787f9d2230e189f7421fa7fe6d98347a68f5b6e28e82f6b6b0fc1ed6ef890a6,2,12G,analytics_log,RAW_DEVICE_LOG_ARCHIVE,IntentsExtension-[PHONE].ips
89d5938f932c5c2e3a9fed24ed61aa3dc38b9de87bc100d00a086efeee613c29,2,12G,analytics_log,RAW_DEVICE_LOG_ARCHIVE,IntentsExtension-[PHONE].ips
dcf323d3f839ce73f413d0881829a31088b4594864b4aedd1db4c5c2fab0d3e2,2,12G,analytics_log,RAW_DEVICE_LOG_ARCHIVE,IntentsExtension-[PHONE].ips
a00a06e2b67018ead19dacf383da309b94df44f5df6a840bf0d340f52f534d32,2,12G,analytics_log,RAW_DEVICE_LOG_ARCHIVE,IntentsExtension-[PHONE].ips
fe15e90f83e900888f7203e7fbfff6b6567a7d4c7f3fee474a948756bfbc1cf3,2,12G,analytics_log,RAW_DEVICE_LOG_ARCHIVE,IntentsExtension-[PHONE].ips
be56a1c9821027fa12d9e81b5dddd6cc2917ebc2af9b8729f01771ea664247b8,2,12G,analytics_log,RAW_DEVICE_LOG_ARCHIVE,IntentsExtension-[PHONE].ips
27e0895049c505b719b91792fcae797f5e98a885b876a796fac97cb6d1fb6f84,2,12G,analytics_log,RAW_DEVICE_LOG_ARCHIVE,JetsamEvent-[PHONE].ips
6b7acf36c097203b42104ddf5c585b38da825328bfdda2339e78818aecf8e1ed,2,12G,analytics_log,RAW_DEVICE_LOG_ARCHIVE,proactive_event_tracker-com_apple_Trial-com_apple_triald-[PHONE].ips
277ecdf672625b1fc200a519b45732fa582f1e152a7578cc217b44220e1c07ab,2,12G,analytics_log,RAW_DEVICE_LOG_ARCHIVE,SFA-ckks.json-[PHONE].ips
aec7fd383a1981c4205525cef0ac25dd0cc629666266b5829f3d91f0343a2e31,2,12G,analytics_log,RAW_DEVICE_LOG_ARCHIVE,SFA-ckks.json-[PHONE].ips
3b94c572e6b791c21c13871f71591f31fd0c77142aea2d55b0faf5e2d5cb8653,2,12G,analytics_log,RAW_DEVICE_LOG_ARCHIVE,SFA-CloudServices.json-[PHONE].ips
240e1d2d10ca24b8ecd5246a97bdf97a0f0ab2e30a090e7d16bd98a52cffa117,2,12G,analytics_log,RAW_DEVICE_LOG_ARCHIVE,SFA-CloudServices.json-[PHONE].ips
28d983738f4b3dfd7121fa63b40b7e24fbc8af35220baa596be90c5c279aaa11,2,12G,analytics_log,RAW_DEVICE_LOG_ARCHIVE,SFA-local.json-[PHONE].ips
b33f557ab55f0a927e6ab941cfe0b3bf8df0e85ce769b1c376d597a1f1f6c1e4,2,12G,analytics_log,RAW_DEVICE_LOG_ARCHIVE,SFA-local.json-[PHONE].ips
839ad9f37020ca9122bbbb493e88904afb45fd7313041434d38ebd425c361832,2,12G,analytics_log,RAW_DEVICE_LOG_ARCHIVE,SFA-networking.json-[PHONE].ips
459c6254c29ca88f0dc0a289c2b75491e6f241c054c15b1d0d2a3db09d2029fb,2,12G,analytics_log,RAW_DEVICE_LOG_ARCHIVE,SFA-networking.json-[PHONE].ips
ef99a970600aaff4c7463b3d687263dfa789f9f9a50aab13d2cd741a4bdd5ced,2,12G,analytics_log,RAW_DEVICE_LOG_ARCHIVE,SFA-pcs.json-[PHONE].000.ips
2c74c106ce65463bf2484c374a2c01ce4fb0a89d66ebdf85a8ff1846ccfab28e,2,12G,analytics_log,RAW_DEVICE_LOG_ARCHIVE,SFA-pcs.json-[PHONE].ips
20ede4deb7222db713936cd0a88cdce30930c9ab91790d1dfba2e48d10d75cb5,2,12G,analytics_log,RAW_DEVICE_LOG_ARCHIVE,SFA-sos.json-[PHONE].ips
5477e9e43d7dfc20ab4617f13036d8c145c16eedc2747ec7ce6d575f38cfd5ef,2,12G,analytics_log,RAW_DEVICE_LOG_ARCHIVE,SFA-sos.json-[PHONE].000.ips
4222f8a6746940da80a62790ac9f4a31594b411dfe41ea8a78b28956ce76cee3,2,12G,analytics_log,RAW_DEVICE_LOG_ARCHIVE,SFA-swtransparency.json-[PHONE].ips
ea1358aa3bcee11196f07fc444b254c34d4abb0b8a7fa84f674dbc860c223246,2,12G,analytics_log,RAW_DEVICE_LOG_ARCHIVE,SFA-swtransparency.json-[PHONE].ips
27ede95d0bd379a7d15c64174d79540a97377761cc5030eb4dcecfae7fd4e856,2,12G,analytics_log,RAW_DEVICE_LOG_ARCHIVE,SFA-transparency.json-[PHONE].ips
f6d003695064cb886f5b8b64e4d9c1ba670faa452d4ecdba8fcf6c07600da76e,2,12G,analytics_log,RAW_DEVICE_LOG_ARCHIVE,SFA-transparency.json-[PHONE].ips
6865a673024ee1a5f87ab9a01b83ebd1b1338cc3d84b7b620612eb05bb79e4fa,2,12G,analytics_log,RAW_DEVICE_LOG_ARCHIVE,signpost_reporter.cpu_resource-[PHONE].ips
5b6c89269958b34a50914e7b4e6535c1ff3a6988e1f0c4f686ce77e9c81ffcef,2,12G,analytics_log,RAW_DEVICE_LOG_ARCHIVE,SiriSearchFeedback-[PHONE].000.ips
f712ac734c4a900843243b8daf3511c08ce7f014bd1138c96fa0fce5eedc0c38,2,12G,analytics_log,RAW_DEVICE_LOG_ARCHIVE,SiriSearchFeedback-[PHONE].ips
e3ee5d511711e61d70186c4f3cf0c8a5938363bf33cf9a305ce979c5b9fec009,2,12G,analytics_log,RAW_DEVICE_LOG_ARCHIVE,SiriSearchFeedback-[PHONE].ips
861e37e0b72889f467f61f2d9f8ab93643c35564514b94a261cef119c83967ee,2,12G,analytics_log,RAW_DEVICE_LOG_ARCHIVE,SiriSearchFeedback-[PHONE].ips
f98e1dae5dc5bf91acebf0d6755c796a5816f3a9be077dd62775c46f12580022,2,12G,analytics_log,RAW_DEVICE_LOG_ARCHIVE,SiriSearchFeedback-[PHONE].ips
b293321a90022063e28168e2b4809f715a1805a5ab5a41adf5a9a83e58bd595a,2,12G,analytics_log,RAW_DEVICE_LOG_ARCHIVE,SiriSearchFeedback-[PHONE].ips
d2f47bdba47eaba6a4c60ad579e11fdc1964d5ce24ee5e71bedd66e201dd8ad3,2,12G,analytics_log,RAW_DEVICE_LOG_ARCHIVE,SiriSearchFeedback-[PHONE].ips
c15b61aeb09c3f20758c003a20aa182402ffa43e3da721fbfd1744c3a09a8b1c,2,12G,analytics_log,RAW_DEVICE_LOG_ARCHIVE,SiriSearchFeedback-[PHONE].ips
961143950d457a495b640f6716d22ffae167ffcd822ae3445f4ab85878164b3b,2,12G,analytics_log,RAW_DEVICE_LOG_ARCHIVE,SiriSearchFeedback-[PHONE].ips
f4e95c60837196f222b7838562c0d77c6e5ff7aa48b008a3c856818c0bab15b5,2,12G,analytics_log,RAW_DEVICE_LOG_ARCHIVE,SiriSearchFeedback-[PHONE].ips
be66fe4bca8c0ddd0f9d6141fa186283426644891d230a765ceab2ea0c939388,2,12G,analytics_log,RAW_DEVICE_LOG_ARCHIVE,SiriSearchFeedback-[PHONE].ips
609587c779a36ec74690179978f55ed73faaae11f89d68a9a5dc6a4527f5b1dd,2,12G,analytics_log,RAW_DEVICE_LOG_ARCHIVE,SiriSearchFeedback-[PHONE].ips
1b0ed9fede16712e4766c70a81cda0bcf00b479af4430f719f0f42cdf71bca3b,2,12G,analytics_log,RAW_DEVICE_LOG_ARCHIVE,SiriSearchFeedback-[PHONE].ips
6723a4e19fee924d0c5990592ba9689c1ca09fe15b0d5a38a74bafe19886e6b1,2,12G,analytics_log,RAW_DEVICE_LOG_ARCHIVE,SiriSearchFeedback-[PHONE].ips
c66f8196b0d8764887e15e94a32ded7710e1cf9fa63680b2ee6a0168e95dd41e,2,12G,analytics_log,RAW_DEVICE_LOG_ARCHIVE,SiriSearchFeedback-[PHONE].ips
1b987c773e0fc93ed0c6b1732c0676234b77f28651e87e6e3b58237d71b7b84b,2,12G,analytics_log,RAW_DEVICE_LOG_ARCHIVE,SiriSearchFeedback-[PHONE].ips
8f25ea897ef28d258f4962e3af48c3db1815fc12c33eeec7b37107466db5d9ee,2,12G,analytics_log,RAW_DEVICE_LOG_ARCHIVE,SiriSearchFeedback-[PHONE].ips
34d52dd080d87348067f2a29f007adbb92525934e9bd042954bc0068c86f6ea8,2,12G,analytics_log,RAW_DEVICE_LOG_ARCHIVE,SiriSearchFeedback-[PHONE].ips
253479d1deccda1de12b8fc9f88b5621502e561523839d9c0fea172e762017cc,2,12G,analytics_log,RAW_DEVICE_LOG_ARCHIVE,SiriSearchFeedback-[PHONE].ips
e2c2e77499f357c71c507210366282d5fa4efb886f3a04ef6db6ce76df0a6798,2,12G,analytics_log,RAW_DEVICE_LOG_ARCHIVE,SiriSearchFeedback-[PHONE].ips
a9f3cf6f2116b1498fee967af446afb414edb5c4b5946eda528f3f246628049c,2,12G,analytics_log,RAW_DEVICE_LOG_ARCHIVE,SiriSearchFeedback-[PHONE].ips
86e24efa7d8754d0c7a403806457f237c139cd55e8eac5adc88b6a2f9c0b9282,2,12G,analytics_log,RAW_DEVICE_LOG_ARCHIVE,SiriSearchFeedback-[PHONE].ips
8230bc11ad3de1dc46fe4ddc01c03ac9ce4882ccd222f681d60f14bede9cb936,2,12G,analytics_log,RAW_DEVICE_LOG_ARCHIVE,SiriSearchFeedback-[PHONE].ips
2e03bdf62e68372686445d7b88c5c291269cc536fe1b24a7643f80a2e09b444f,2,12G,analytics_log,RAW_DEVICE_LOG_ARCHIVE,SiriSearchFeedback-[PHONE].ips
add86bc7bc8668f867563b49b812126fba6d37f10caf6c4ab1915e927e4fdb3e,2,12G,analytics_log,RAW_DEVICE_LOG_ARCHIVE,stacks-[PHONE].ips
061125a1ff178e8129e28231f4a81b5cc607fa4c65ab69e50671e08b83830b98,2,12G,analytics_log,RAW_DEVICE_LOG_ARCHIVE,xp_amp_app_usage_dnu-[PHONE].ips
e088d24ebbdb06d3916b85ec4f01c9ad7581c88b74e6de1b0d0478f5bec42ed4,2,12G,analytics_log,RAW_DEVICE_LOG_ARCHIVE,xp_amp_app_usage_dnu-[PHONE].ips
01c1345d13bae91eeae3bc081f4caca060a988562f306f231bd7590f52b367dd,2,12G,analytics_synced,RAW_DEVICE_LOG_ARCHIVE,Analytics-[PHONE].ips.ca.synced
cf0fad1461ac416b48afa3e357599bfc6b99379ef358b90bde711fadabcd648e,2,12G,rtcr|text_log,RAW_DEVICE_LOG_ARCHIVE,RTCReporting_messageLog_2025-[PHONE].txt || テキスト.txt
0dff7c63d12cc4e929fa083a7c7ed0f80ecada6f18b5d1a680297b96fc032a60,2,12G,analytics_log,RAW_DEVICE_LOG_ARCHIVE,SiriSearchFeedback-[PHONE].000.ips
0f11ba9a76cfd13f69335cd0ddd5ef9f10eb616477af1ce0f20acf2d26f9aa8c,2,12G,analytics_log,RAW_DEVICE_LOG_ARCHIVE,SiriSearchFeedback-[PHONE].ips
a12de02e8500e80b86e564fffcbaecca9df9cc739810af5b2f9bdd826cb6ce2e,2,12G,analytics_log,RAW_DEVICE_LOG_ARCHIVE,SiriSearchFeedback-[PHONE].ips
ec492090eb53fd08610a9217d23b0e9b405c55212c22a0fad540c5e4daa1be17,2,12G,analytics_log,RAW_DEVICE_LOG_ARCHIVE,SiriSearchFeedback-[PHONE].ips
e0a88f10b297a763ede5c31a0edc91f4e7cbbb4449d40b072bd15247eb673002,2,12G,analytics_log,RAW_DEVICE_LOG_ARCHIVE,SiriSearchFeedback-[PHONE].ips
d29406ad815cc3097778fbff9c0953e9bc545739f64b951f546976d8c782b917,2,12G,analytics_log,RAW_DEVICE_LOG_ARCHIVE,SiriSearchFeedback-[PHONE].ips
e9e9e3a469c23ffe885fb3e935d1b4bea33aa3a12206baa90a22c3e8a320aa5f,2,12G,analytics_log,RAW_DEVICE_LOG_ARCHIVE,SiriSearchFeedback-[PHONE].ips
76e7757fae720f3b834c5ebbd3c14fb8cdf2957f19440742360f5f8ef1d0d01d,2,12G,analytics_log,RAW_DEVICE_LOG_ARCHIVE,SiriSearchFeedback-[PHONE].ips
7bf6d742e87843fdbd4cab6c2b25e551bba67fbeccd5b6d9484eaabf0f9ab28e,2,12G,rtcr|text_log,RAW_DEVICE_LOG_ARCHIVE,RTCReporting_messageLog_2025-[PHONE].txt || テキスト 2.txt
427ffc58bdd3d7bd46b206fb6309819c43028891510493cc55c63f48ffd96f8b,2,12G,rtcr|text_log,RAW_DEVICE_LOG_ARCHIVE,RTCReporting_messageLog_2025-[PHONE].txt || テキスト 3.txt
72bb4cd6f0420893eee3d74e146d0f605b3d733997e7394908507ed5da4d1f65,2,12G,rtcr|text_log,RAW_DEVICE_LOG_ARCHIVE,RTCReporting_messageLog_2025-[PHONE].txt || テキスト.txt
54a418b3f57fc8d9410d6c4438c013042957a138d0996a6537a7b7fbc82374cc,2,12G,rtcr|text_log,RAW_DEVICE_LOG_ARCHIVE,RTCReporting_messageLog_2025-[PHONE].txt || テキスト.txt
9e2f592e24be678ec5268014482476c1cc4b6eead904c4a41ce5c0474eebc0ec,2,12G,rtcr|text_log,RAW_DEVICE_LOG_ARCHIVE,RTCReporting_messageLog_2025-[PHONE].txt || テキスト 2.txt
bbbbc5727bc7f19c1ed177cedc28cef7b1a5bf28603753e944e8b50527398fa6,2,12G,rtcr|text_log,RAW_DEVICE_LOG_ARCHIVE,RTCReporting_messageLog_2025-[PHONE].txt || テキスト.txt
6346a516756f95c39c5d70fc5882084ad1aa79526f338d16320693dd75509e4d,2,12G,analytics_log,RAW_DEVICE_LOG_ARCHIVE,WiFiConnectionQuality-[PHONE](1).ips || WiFiConnectionQuality-[PHONE].ips
dca0f177d9cd9aaae021225c9210407d01fd4ec66424e179d715c8f8d4749d37,2,12G,rtcr|text_log,RAW_DEVICE_LOG_ARCHIVE,RTCReporting_messageLog_2025-[PHONE].txt || テキスト 2.txt
dabdf4a5c5657ac64cd4683b369c8107cfea1963a189007ba5282b4f0525c047,2,12G,rtcr|text_log,RAW_DEVICE_LOG_ARCHIVE,RTCReporting_messageLog_2025-[PHONE].txt || テキスト.txt
b9c66538a5f65b5603ea14d741039ea6a0ea96dab062246b5cd05733165c5dab,2,12G,analytics_log,RAW_DEVICE_LOG_ARCHIVE,SFA-CloudServices.json-[PHONE].000.ips
72970796ffd80252ecfa446280fee8da0f05840d028a7c1e2f0c619cde5f9d44,2,12G,rtcr|text_log,RAW_DEVICE_LOG_ARCHIVE,RTCReporting_messageLog_2025-[PHONE].txt || テキスト 3.txt
cda22db8beda2baf76bfe08ddd0a8aa19f27c7d001d1be5d437a4658a2e7de54,2,12G,rtcr|text_log,RAW_DEVICE_LOG_ARCHIVE,RTCReporting_messageLog_2025-[PHONE](2).txt || テキスト 4.txt
8ab1801285bdf8fcaf5e274c01b866449c5e0e3187bbf1b4976824783922186d,2,12G,rtcr|text_log,RAW_DEVICE_LOG_ARCHIVE,RTCReporting_messageLog_2025-[PHONE].txt || テキスト 2.txt
eec7c4182b76d790ccaa54fb77b44cf5e5c52d08a8952e649c8711f2e4d8b6f2,2,12G,rtcr|text_log,RAW_DEVICE_LOG_ARCHIVE,RTCReporting_messageLog_2025-[PHONE].txt || テキスト 3.txt
6c8db2f10743cfe7e0b993d567f6558a80d6a3d0eca93978ac8213be0124566d,2,12G,rtcr|text_log,RAW_DEVICE_LOG_ARCHIVE,RTCReporting_messageLog_2025-[PHONE].txt || テキスト 4.txt
e2083384e34ac48a71f32cc188f04806d91c63a1d8e305d0202ec2e682bbf7e9,2,12G,rtcr|text_log,RAW_DEVICE_LOG_ARCHIVE,RTCReporting_messageLog_2025-[PHONE].txt || テキスト.txt
c6227e8f7545db68c8a5f6eae0a2a2b3953056cfa6d1dffdedccf02352a7a667,2,12G,rtcr|text_log,RAW_DEVICE_LOG_ARCHIVE,RTCReporting_messageLog_2025-[PHONE].txt || テキスト 2.txt
490ee9ede13177889201d3afaccebe738fb53287f3fd8d0e99df957af09cad5c,2,12G,rtcr|text_log,RAW_DEVICE_LOG_ARCHIVE,RTCReporting_messageLog_2025-[PHONE].txt || テキスト.txt
db5489385ee1b00995be8abda6cedc912ff6189cffefc9d542e550d5eaab8652,2,12G,rtcr|text_log,RAW_DEVICE_LOG_ARCHIVE,RTCReporting_messageLog_2025-[PHONE].txt || テキスト 2.txt
8cb6015df091b5a156e86eaaded99fec6f52f557ca664ae7c555599a516c4815,2,12G,rtcr|text_log,RAW_DEVICE_LOG_ARCHIVE,RTCReporting_messageLog_2025-[PHONE].txt || テキスト 3.txt
5f806546a889e358881cdc2b9f8aeb203b031484d9eaf0138d3a380a035d47fb,2,12G,rtcr|text_log,RAW_DEVICE_LOG_ARCHIVE,RTCReporting_messageLog_2025-[PHONE].txt || テキスト 2.txt
925ed348dd8d80b714a495f542fe16256e41cc1ba1bfe5380668067ee79a39ee,2,12G,rtcr|text_log,RAW_DEVICE_LOG_ARCHIVE,RTCReporting_messageLog_2025-[PHONE].txt || テキスト 2.txt
7c1f3afe96af88121d3323ad6e40e46808a8573df736ca043977f9d9eac6da34,2,12G,rtcr|text_log,RAW_DEVICE_LOG_ARCHIVE,RTCReporting_messageLog_2025-[PHONE].txt || テキスト.txt
c650401065b8ca5a49910ac3c0d8f0a7858afd6fd5d578fc12c7d8d1994e27ec,2,12G,rtcr|text_log,RAW_DEVICE_LOG_ARCHIVE,RTCReporting_messageLog_2025-[PHONE].txt || テキスト.txt
6ddf6ce09b3810d54b338c495e24ab9cd1833c7152be7da3623fff9368d461f1,2,12G,rtcr|text_log,RAW_DEVICE_LOG_ARCHIVE,RTCReporting_messageLog_2025-[PHONE].txt || テキスト 2.txt
00af2fdf6f580d4d570a1c1433a58aa020f81bce097d55d4d5a241b04d7474bc,2,12G,analytics_log,RAW_DEVICE_LOG_ARCHIVE,WiFiLQMMetrics-[PHONE].ips
ae7e518151261582b8317da2c26757adecd501b3e8976756c71fe22b5bddf489,2,12G,analytics_log,RAW_DEVICE_LOG_ARCHIVE,spotlightknowledged.cpu_resource-[PHONE].ips
0f520c733bb70a9746bcabf5890739a69f09f726028f70953738cf8a0fd4bd54,2,12G,rtcr|text_log,RAW_DEVICE_LOG_ARCHIVE,RTCReporting_messageLog_2025-[PHONE].txt || テキスト 4.txt
2bb849cc22421cd0af53b2c674be4b85be9f732a14ee302a97b03872de1bf4ea,2,12G,analytics_log,RAW_DEVICE_LOG_ARCHIVE,knowledgeconstructiond.cpu_resource-[PHONE].ips
ae69a24856f94e3ad1fe755d0a21f7cde17ecd120d060b7332434ff138d7febd,2,12G,rtcr,RAW_DEVICE_LOG_ARCHIVE,RTCReporting_messageLog_2025-[PHONE].txt
dd7d54c23cf72bb0f9b309e93898afd0d16672f03745b27a31955add2f228f02,2,12G,rtcr,RAW_DEVICE_LOG_ARCHIVE,RTCReporting_messageLog_2025-[PHONE].txt
094c7964fc4dcec9615f7e5f3202eccf066e5f7d77aa53f6a2fdb6564af58b15,2,12G,analytics_log,RAW_DEVICE_LOG_ARCHIVE,JetsamEvent-[PHONE].ips
f67627eb68f8959516fb7ad7b3e309db87b9d966fbbb2671742bdf384de0190d,2,12G,analytics_log,RAW_DEVICE_LOG_ARCHIVE,stacks-[PHONE].ips
e6a0287422ac2be2237fd150de5964fea1b1e17e4d5436632d115ef7d95d7d6a,2,12G,sysdiagnose,RAW_DEVICE_LOG_ARCHIVE,sysdiagnose_2025.11.16_22-28-10+0700_iPhone-OS_iPhone_22F76 2.tar.gz || sysdiagnose_2025.11.16_22-28-10+0700_iPhone-OS_iPhone_22F76.tar.gz
bce25e7a4a281cce23c9d99101933bb092a925c173a9bcae2cbacb42f31efe7c,2,12G,analytics_log,RAW_DEVICE_LOG_ARCHIVE,SFA-sos.json-[PHONE].000.ips
718fc24d82db11bb4eda247d45e4fbe58fec42850f4919bb060380496c2c99af,2,12G,rtcr,RAW_DEVICE_LOG_ARCHIVE,RTCReporting_messageLog_2025-[PHONE].txt
6c73043793c200fc8e6c3a2015219f86dbe2ea4dd56e37532cc9b75db2b0977f,2,12G,rtcr|text_log,RAW_DEVICE_LOG_ARCHIVE,RTCReporting_messageLog_2025-[PHONE].txt || テキスト.txt
6613b3080a8ecf73ed5a74f0b8d57879c10f0959372d35958146420bd2b10c75,2,12G,rtcr,RAW_DEVICE_LOG_ARCHIVE,RTCReporting_messageLog_2025-[PHONE].txt
ca391df2d9b8627cb9f461dc110f5a226c9e72ce63f39e9bdd07b362ed5cb5ae,2,12G,rtcr,RAW_DEVICE_LOG_ARCHIVE,RTCReporting_messageLog_2025-[PHONE].txt
7a7a54f39ef2736d0b58ac42a403795cf7710ce34fa09c4bae3bb6657a93eba1,2,12G,analytics_log,RAW_DEVICE_LOG_ARCHIVE,SFA-sos.json-[PHONE].000.ips
06b00199316b79c752fe879636009e95adf9b935a223e847bce9cc8bcc8faf9e,2,12G,analytics_log,RAW_DEVICE_LOG_ARCHIVE,SFA-transparency.json-[PHONE].000.ips
557aeadc815d6aebfb1f75eaefadf8ea114f12c1d7c2abf20c7a0d8b7f4ed376,2,12G,analytics_log,RAW_DEVICE_LOG_ARCHIVE,SiriSearchFeedback-[PHONE].000.ips
c2e132d36d55f585de50898ce32304f789227f9a76b6e526e1b74d4e217ea7e3,2,12G,analytics_log,RAW_DEVICE_LOG_ARCHIVE,SiriSearchFeedback-[PHONE].ips
6b38708dbc215e289afbe5735a72309392651e20be76e8e2187e8e979690e97e,2,12G,analytics_log,RAW_DEVICE_LOG_ARCHIVE,SFA-CloudServices.json-[PHONE].ips
bb008f49d06ea0c8dede6e00847c6360c2fce94085ca3028aa3e3baa6eec7038,2,12G,rtcr,RAW_DEVICE_LOG_ARCHIVE,RTCReporting_messageLog_2025-[PHONE].txt
1d9dd458b56de3ebfa90ba5128f3a1863435987280e2a7da60e9426012e2b9fa,2,12G,other,RAW_DEVICE_LOG_ARCHIVE,PrivacyPreservingMeasurement_2025-[PHONE].json.anon
df9a7d50f4b8bbdb61a159e981fb161a3d881f4a8347cc4c2300c4254ae8b0a2,2,12G,analytics_log,RAW_DEVICE_LOG_ARCHIVE,SiriSearchFeedback-[PHONE].ips
abc6052502143c135a58a1f8cdf6481045202f8aaacea879a4c212dadbbb0c0d,2,12G,analytics_log,RAW_DEVICE_LOG_ARCHIVE,knowledgeconstructiond.cpu_resource-[PHONE].ips
ee84e1ed89d9bed219209b6370131d7c51f8dfc0d1fb33099bd9375ce36d7c40,2,12G,rtcr,RAW_DEVICE_LOG_ARCHIVE,RTCReporting_messageLog_2026-[PHONE].txt
03a890cb7949020791429ede205a2185a94116d6ef3b3d9409d1ba1dfd00e5a9,2,12G,other,RAW_DEVICE_LOG_ARCHIVE,PrivacyPreservingMeasurement_2026-[PHONE].json.anon
15a34e0fed7ab4750034569965af0688260c7c7f7a59c2d15f0ef1a5a83d2a69,2,12G,analytics_synced,RAW_DEVICE_LOG_ARCHIVE,Analytics-[PHONE].ips.ca.synced
07ab1bd77a5d43fcc363b69b97f57ce954a204a2f017bbd18c717985c3606ee8,2,12G,rtcr,RAW_DEVICE_LOG_ARCHIVE,RTCReporting_messageLog_2026-[PHONE].txt
c4c3f2623da124393cd5d469800aaf9661533da547e6f9eb53bf975c516474f9,2,12G,rtcr,RAW_DEVICE_LOG_ARCHIVE,RTCReporting_messageLog_2026-[PHONE].txt
7d9999c3dff2fa9f1bb85d7acda8631cc88b0aac476f73fd6a10cc0c868a4207,2,12G,analytics_log,RAW_DEVICE_LOG_ARCHIVE,SiriSearchFeedback-[PHONE].ips
a42ce45508c4074d64ef6727ae99117612d4af2492d41557731f268c63bd04f7,2,12G,other,RAW_DEVICE_LOG_ARCHIVE,PrivacyPreservingMeasurement_2026-[PHONE].json.anon
0836357827f7a301d8682248f5e9f06cf6e4b0bbdd6025a4bf75fb621307bd66,2,12G,other,RAW_DEVICE_LOG_ARCHIVE,PrivacyPreservingMeasurement_2026-[PHONE].json.anon
dc5285bfd36e1da981e15f9996f875ab114d27d7a8a166b35a96a3c7f0bf5fbf,2,12G,other,RAW_DEVICE_LOG_ARCHIVE,PrivacyPreservingMeasurement_2026-[PHONE].json.anon
8efd6c3c5ccd8a1b34cd4d3b4b9836784e412695474969a962d7f3cc1331277a,2,12G,rtcr,RAW_DEVICE_LOG_ARCHIVE,RTCReporting_messageLog_2026-[PHONE].txt
36f6be3544257da6b3ce892c7cc7c122a42269fa204e4a27d267b67544a67c51,2,12G,analytics_log,RAW_DEVICE_LOG_ARCHIVE,SFA-transparency.json-[PHONE].000.ips
7379e021fa86070af0b36d78b638c82b00f087ca833a578888b5834db191f0d1,2,12G,rtcr,RAW_DEVICE_LOG_ARCHIVE,RTCReporting_messageLog_2026-[PHONE].txt
6b2b7e729e9cdc7faae9f475a1970a2838929808154d64dac8505d904381d4fc,2,12G,analytics_log,RAW_DEVICE_LOG_ARCHIVE,duetexpertd.cpu_resource-[PHONE].ips
0aabc008a05f0fc2c1a6fba60695f4216eb4445bd335acff6c7c463ad0aafdcd,2,12G,rtcr,RAW_DEVICE_LOG_ARCHIVE,RTCReporting_messageLog_2026-[PHONE].txt
3ae4ea5fba41b13659aa04272630baab1006b94ce64d2e3da7659b5877fe3b2c,2,12G,sysdiagnose,RAW_DEVICE_LOG_ARCHIVE,sysdiagnose_2026.03.06_22-07-40+0700_iPhone-OS_iPhone_22F76.tar.gz
44fab751f5e1c23e685707b7815ae8f0d9795a1744d98f22bef1f8152a34c06e,2,12G,analytics_log,RAW_DEVICE_LOG_ARCHIVE,stacks-[PHONE].ips
f15c1e768a166cd48e1cd26fed9fec1046d96a30621bf4bfd21a120cc381fd86,2,12G,analytics_log,RAW_DEVICE_LOG_ARCHIVE,stacks-[PHONE].ips
2cb322e55270a406b9e3f44acb6d722cdaaaaf989fc22f16cc3b422e38c954ca,2,12G,sysdiagnose,RAW_DEVICE_LOG_ARCHIVE,sysdiagnose_2026.04.11_14-13-54+0700_iPhone-OS_iPhone_22F76.tar.gz
189cf2ce54e074c5fc7d67dd1d8f985c89ea8de53414afc4c17de58a11ea4130,2,12G,analytics_log,RAW_DEVICE_LOG_ARCHIVE,lsdiagnose.diskwrites_resource-[PHONE].ips
eb62e3b7365782f89e1ad59b6bae10406b7dd08f9e3eee2571045b7eabcac0bc,2,12G,analytics_log,RAW_DEVICE_LOG_ARCHIVE,SiriSearchFeedback-[PHONE].ips
c0af9a7d064da971d1218f09933a82d6b149eaba4df7f511c0cf518608f24383,2,12G,analytics_log,RAW_DEVICE_LOG_ARCHIVE,stacks-[PHONE].ips
8da1e71a403ef55aa56390857ab0292f18ed7e6a997b75f1c740a6f7a44b45ca,2,12G,sysdiagnose,RAW_DEVICE_LOG_ARCHIVE,sysdiagnose_2026.04.11_14-18-43+0700_iPhone-OS_iPhone_22F76.tar.gz
2f12501df61d09cbd9162501cb0c6c758162a942be1b0ac64b282c5eb31458ad,2,12G,analytics_log,RAW_DEVICE_LOG_ARCHIVE,SiriSearchFeedback-[PHONE].ips
bd73fd416e88e43a5a76f72b77b442aaa7f34bc34bf0ea1c34eac60bf30fc8b1,2,12G,analytics_log,RAW_DEVICE_LOG_ARCHIVE,stacks-[PHONE].ips
d2037370cdf1053512f0797d792509c36c5bf3d2552dc79fb33ace55c3f5ad57,2,12G,sysdiagnose,RAW_DEVICE_LOG_ARCHIVE,sysdiagnose_2026.04.11_18-47-27+0800_iPhone-OS_iPhone_22F76.tar.gz
a3880a53bb392ca2af3e3382800bbc4078b32f67b3903568955f9d4847a4cab6,2,12G,analytics_log,RAW_DEVICE_LOG_ARCHIVE,SiriSearchFeedback-[PHONE].ips
3edbd98a99dffa16425af7becb88fa80f84a50af06f422d548dbb63fb37a4f2a,2,12G,analytics_log,RAW_DEVICE_LOG_ARCHIVE,stacks-[PHONE].ips
6780ab12744e4e92908da4bf181bd10d699ebe4995117828a755fc938b29aa9c,2,12G,analytics_log,RAW_DEVICE_LOG_ARCHIVE,fileproviderd.diskwrites_resource-[PHONE].ips
1e7a3d1a010510ea071e5ac041a47045c5d7ed2b3a2f905e7362e591d0fa3dfe,2,12G,analytics_log,RAW_DEVICE_LOG_ARCHIVE,stacks-[PHONE].ips
a662d5e2db377901cd3c687dc0a4bf8782bcc43ddb82607a073b4fe99ebe82fb,2,12G,sysdiagnose,RAW_DEVICE_LOG_ARCHIVE,sysdiagnose_2026.04.12_09-49-46+0800_iPhone-OS_iPhone_22F76.tar.gz
04656171706871c77241843a81301721e833c3d54843b8dfbec80377799f5fdf,2,12G,analytics_log,RAW_DEVICE_LOG_ARCHIVE,stacks-[PHONE].ips
43391711cf75be2462816fae9c33151978e8eb398f9c24efb3610fc40b9df124,2,12G,analytics_log,RAW_DEVICE_LOG_ARCHIVE,stacks-[PHONE].ips
73e231acebce52793692431f2b0a6e5cc6dc03a8913c4611eb48d4b75adc84f9,2,12G,sysdiagnose,RAW_DEVICE_LOG_ARCHIVE,sysdiagnose_2026.04.12_13-28-49+0800_iPhone-OS_iPhone_22F76.tar.gz
2018c64e79865d6c277b2da511f5ef7aa564a23fb3a9c0df17dadc657047c818,2,12G,analytics_log,RAW_DEVICE_LOG_ARCHIVE,stacks-[PHONE].ips
393f1312f1623e8f1f10a20ba7cac295677083c1c8882c058295d5f0d5cf6613,2,12G,sysdiagnose,RAW_DEVICE_LOG_ARCHIVE,sysdiagnose_2026.04.12_16-16-02+0800_iPhone-OS_iPhone_22F76.tar.gz
164d4206b10b5410f36be3208a4c5ff639708f8f225eea04b079a025b919c2b2,2,12G,analytics_log,RAW_DEVICE_LOG_ARCHIVE,knowledgeconstructiond.cpu_resource-[PHONE].ips
5d4f2789862af1ea3be66c0fec74c330a0ecf395c882efd928cf95fec442eff8,2,12G,analytics_log,RAW_DEVICE_LOG_ARCHIVE,SiriSearchFeedback-[PHONE].ips
bc3c9f459c3563a4447aa1eced15e63750c1b75346b9f7955f42ef3f2bcef3f6,2,12G,analytics_log,RAW_DEVICE_LOG_ARCHIVE,SiriSearchFeedback-[PHONE].ips
6791a13b2bb70ff07ea5f50900c3010507cfc42867c0954db81ea5301e690182,2,12G,analytics_log,RAW_DEVICE_LOG_ARCHIVE,stacks-[PHONE].ips
aa7c5399bacada77cbecfeef526f442cf7861200ed7befb70a9ba342a71f26ad,2,12G,sysdiagnose,RAW_DEVICE_LOG_ARCHIVE,sysdiagnose_2026.04.15_07-49-45+0800_iPhone-OS_iPhone_22F76.tar.gz
67b72807434d5238093660edabb0e88aff0e746c83eecf3538b9d12f0eca88ab,2,12G,rtcr,RAW_DEVICE_LOG_ARCHIVE,RTCReporting_messageLog_2026-[PHONE].txt
5d5fba05644368bf88fc14df8233e4cfd8da0c086f042670113f57ed41243888,2,12G,analytics_log,RAW_DEVICE_LOG_ARCHIVE,SiriSearchFeedback-[PHONE].ips
a8cb9aabe26ed0670b9423d4a799b7636998f292d00eb0e80c6664ef96bb7dea,2,12G,analytics_log,RAW_DEVICE_LOG_ARCHIVE,stacks-[PHONE].ips
0de81d01868b3adafd5da55cff7f28f4a13b72727b65d4b26c2074f38cd726f7,2,12G,analytics_log,RAW_DEVICE_LOG_ARCHIVE,JetsamEvent-[PHONE].ips
3fc494b6b9c6046541bcc8bd6705c262e08ef9ba73101379f3c36716f8a4af15,2,12G,analytics_log,RAW_DEVICE_LOG_ARCHIVE,proactive_event_tracker-com_apple_Trial-com_apple_triald-[PHONE].ips
4618e855a43ad4a4b81175ecbfb6b3891a6c3abb1b5f2eafd05c04d77511836d,2,12G,analytics_log,RAW_DEVICE_LOG_ARCHIVE,SiriSearchFeedback-[PHONE].000.ips
a96a9cffd7fb106ab53819573353d584eec576d2eeaa99c42fb721eb9f59a8b0,2,12G,analytics_log,RAW_DEVICE_LOG_ARCHIVE,SiriSearchFeedback-[PHONE].ips
4f36e8489c042b3193cf729eea62c88afdfc29b4a6cccf49380fc1a3856d46c1,2,12G,analytics_log,RAW_DEVICE_LOG_ARCHIVE,stacks-[PHONE].ips
043069babddf22cf1f14326fdb9a1383320896c6b26a14be058bd43a4c543723,2,12G,sysdiagnose,RAW_DEVICE_LOG_ARCHIVE,sysdiagnose_2026.04.20_07-49-45+0800_iPhone-OS_iPhone_22F76.tar.gz
7b942f4a80ecb88122d2ce86da39c656545571b5f9bca4bfcf5ef455eccb5de0,2,12G,analytics_log,RAW_DEVICE_LOG_ARCHIVE,SiriSearchFeedback-[PHONE].ips
9952b5bc0756370f6fb27e872e08dd33ea73ac07b05a5863e12fe82d96351a14,2,12G,analytics_log,RAW_DEVICE_LOG_ARCHIVE,SiriSearchFeedback-[PHONE].000.ips
986838826688453f75156adaf01f208d97f356be9c0732ae1ea83668d29e84a7,2,12G,analytics_log,RAW_DEVICE_LOG_ARCHIVE,SiriSearchFeedback-[PHONE].ips
b4325cf51b5eb3d7a9a56d1238afa771b1cf8cd9c21d7190157f3b2eb612c028,2,12G,sysdiagnose,RAW_DEVICE_LOG_ARCHIVE,sysdiagnose_2026.04.23_18-00-54+0800_iPhone-OS_iPhone_22F76.tar.gz
2c8dbad8d2b693709c6821bcb47aebeebfaa71b8faf13dbed0134415ae20a48b,2,12G,analytics_log,RAW_DEVICE_LOG_ARCHIVE,stacks-[PHONE].ips
2619e99a8b0dfcfbea8136feb3ad20a2eb44f9e0fd5fb14330fe9941e262f8a9,2,12G,rtcr,RAW_DEVICE_LOG_ARCHIVE,RTCReporting_messageLog_2026-[PHONE].txt
1221804467322b247d46886225077facde01a5652735fa48bf50043c92ff292b,2,12G,analytics_log,RAW_DEVICE_LOG_ARCHIVE,stacks-[PHONE].ips
82330c974d7a338af37fa8f20df7b2b780c6fb4dbdac15b8bd9488a91268d3ac,2,12G,analytics_log,RAW_DEVICE_LOG_ARCHIVE,JetsamEvent-[PHONE].ips
91d8077ff7ac472f9c98430457a3feef6dc08d6f10bd11fc54279e680ba7fe6d,2,12G,analytics_log,RAW_DEVICE_LOG_ARCHIVE,JetsamEvent-[PHONE].ips
16131a3f85671a4443402e873e2e629f8c6ef84946ff66283de8d2211fee4596,2,12G,analytics_log,RAW_DEVICE_LOG_ARCHIVE,pkd.cpu_resource-[PHONE].ips
79cb031056f65aea1587aabebc51f6e4b090217e3b625d18161c26d4e9548cbd,2,12G,rtcr,RAW_DEVICE_LOG_ARCHIVE,RTCReporting_messageLog_2026-[PHONE].txt
442dcee506ab3c855e3eda596f7cf25d8f31ef7ef38ba44e4742d1c58c08ae64,2,12G,analytics_log,RAW_DEVICE_LOG_ARCHIVE,SiriSearchFeedback-[PHONE].ips
ff214ef4eb00ef5948d9e3a06ac6a6e56d50920d9d5c90f471d3cdab670adee6,2,12G,analytics_log,RAW_DEVICE_LOG_ARCHIVE,stacks-[PHONE].ips
463a3836624d0031421341b4740658a9570b8153ab1ee8ffcfe47dca4ddd93d1,2,12G,analytics_log,RAW_DEVICE_LOG_ARCHIVE,stacks-[PHONE].ips
930d654cad3e318ec23126d89e4cb494a5b61068cb11109b1d02c2dcba46442a,2,12G,analytics_log,RAW_DEVICE_LOG_ARCHIVE,stacks-[PHONE].ips
86b9ae58e2d1c9a386f27e567e1364cd662c65545561d1d0ff0f1f4062882673,2,12G,analytics_log,RAW_DEVICE_LOG_ARCHIVE,SiriSearchFeedback-[PHONE].ips
ac7f6e07e917f74dddfa046a75603523f9b5b27919769ff98eb510da89dd03c8,2,12G,analytics_log,RAW_DEVICE_LOG_ARCHIVE,stacks-[PHONE].ips
71837d1b023d91d56b461beb7be8b8d168e50f26236fab518f001c9a2faa8327,2,12G,sysdiagnose,RAW_DEVICE_LOG_ARCHIVE,sysdiagnose_2026.04.08_18-06-35+0700_iPhone-OS_iPhone_22F76.tar.gz
c61412f9a84edf3a677d1acb6ed01e0e1f72671a69bb7f256cf1fb594c2dd4c0,2,12G,rtcr,RAW_DEVICE_LOG_ARCHIVE,RTCReporting_messageLog_2026-[PHONE].txt
0ff84ae4e9fb7aa2ebc8ec1089dfd82fcf63b67460081d8df86067470537616a,2,12G,analytics_log,RAW_DEVICE_LOG_ARCHIVE,SFA-CloudServices.json-[PHONE].ips
bf74ec9045b8bb4a0ef7f91fd901a855e5d622e7fa99d422b29174710206fcb8,2,12G,analytics_log,RAW_DEVICE_LOG_ARCHIVE,SiriSearchFeedback-[PHONE].ips
af87e4a6cf226d96f7152bcc05da2abc886ef7d351c72fa65bd29ea642c8d045,2,12G,rtcr,RAW_DEVICE_LOG_ARCHIVE,RTCReporting_messageLog_2026-[PHONE].txt
acd3b0f02932276445b60e2df026f83ba6fc8db6cdd48078f04b31d6f4735b66,2,12G,rtcr,RAW_DEVICE_LOG_ARCHIVE,RTCReporting_messageLog_2026-[PHONE].txt
baf998836e835dc879e7179e34defdc49ae3ac49858ad69fcbaa1524d200eec5,2,12G,rtcr,RAW_DEVICE_LOG_ARCHIVE,RTCReporting_messageLog_2026-[PHONE].txt
6cd6bd4409223022e35d00b8d2fb52b6919c1bbafb852dd9b06c719ea58d99d2,2,12G,analytics_log,RAW_DEVICE_LOG_ARCHIVE,xp_amp_app_usage_dnu-[PHONE].ips
7d3de405bb2e004727e03c2c2707e5956c5845498fc8448b9f7257d08973e1a5,2,12G,analytics_log,RAW_DEVICE_LOG_ARCHIVE,proactive_event_tracker-com_apple_Trial-com_apple_triald-[PHONE].ips
1cca23884d0ffe67dccee3d2ab7d6dd607fbac06010451bf5dccd1d841ded391,2,12G,analytics_log,RAW_DEVICE_LOG_ARCHIVE,SiriSearchFeedback-[PHONE].000.ips
97fd0cf9ef13b02fcb80ee5ef5de31d3a66f124b90a5d4667b3a0cddbd5d59bc,2,12G,analytics_log,RAW_DEVICE_LOG_ARCHIVE,SiriSearchFeedback-[PHONE].ips
e270c34a58e62a094a0e9b97ac529404e7c90c2804d4e18fb61e331037deef5c,2,12G,analytics_log,RAW_DEVICE_LOG_ARCHIVE,SiriSearchFeedback-[PHONE].ips
5b588440030ba4e8c0f38546eead73c6d1524849e0eacd9fd402528abf699ac4,2,12G,analytics_log,RAW_DEVICE_LOG_ARCHIVE,stacks-[PHONE].ips
75ecf7d450c8db2c0c32dad8fb202d669d90faba4673bc6e6b9eaaa63a3430ae,2,12G,sysdiagnose,RAW_DEVICE_LOG_ARCHIVE,sysdiagnose_2026.05.19_09-49-42+0700_iPhone-OS_iPhone_22F76.tar.gz
20937f22afd6c713773c170aff49ee53e9bf5060d6a7c73e2fa3813e79d23092,2,12G,rtcr,RAW_DEVICE_LOG_ARCHIVE,RTCReporting_messageLog_2026-[PHONE].txt
925e0fa577938c136e09243de0891b367f9711b05ab4ce75093ba84848a106b0,2,12G,rtcr,RAW_DEVICE_LOG_ARCHIVE,RTCReporting_messageLog_2026-[PHONE].txt
978abb5aab788876a283705278f52f7c04442d4a4538797cf302f178a639cf5c,2,12G,analytics_log,RAW_DEVICE_LOG_ARCHIVE,SiriSearchFeedback-[PHONE].ips
178ce14c224ec1dc727e54324c242da1b25e393feb39a55ea65d95b7becd334d,2,12G,analytics_log,RAW_DEVICE_LOG_ARCHIVE,SiriSearchFeedback-[PHONE].ips
3224807a1aee1a939ee26c4151c2c7e23c10f8e6d65c5f4db025c2417ce8ee1f,2,12G,analytics_log,RAW_DEVICE_LOG_ARCHIVE,stacks-[PHONE].ips
0e1c16c6d99ac3dc0f2f5e997dc3d3f2920bf7d8b69a55d06db013ec91f41e9f,2,12G,sysdiagnose,RAW_DEVICE_LOG_ARCHIVE,sysdiagnose_2026.05.04_03-26-56+0800_iPhone-OS_iPhone_22F76.tar.gz
5465337c3fec4a8b99d68a00917371581ed035014ad29f789859abeed5e340c4,2,12G,analytics_log,RAW_DEVICE_LOG_ARCHIVE,SiriSearchFeedback-[PHONE].000.ips
e014a3635dc68f1fe1aa1aa063d6610f5c8fcb93d4570237192aa302b569045c,2,12G,analytics_log,RAW_DEVICE_LOG_ARCHIVE,SiriSearchFeedback-[PHONE].ips
6c7682880a5e12e5395fdbaebf0cb0e5b9d449cbf1063ce67514133793c9b03b,2,12G,analytics_log,RAW_DEVICE_LOG_ARCHIVE,SiriSearchFeedback-[PHONE].ips
411c200f1423f553c4839de9b0b5d08fdb8ff0920b51e666606fd009af5583c9,2,12G,analytics_log,RAW_DEVICE_LOG_ARCHIVE,SiriSearchFeedback-[PHONE].ips
cfd801d59af31c42ee1071dc017fac2c41dc70640643a1bc50e9149ebaa0d81a,2,12G,rtcr,RAW_DEVICE_LOG_ARCHIVE,RTCReporting_messageLog_2026-[PHONE].txt
87de1319e49715ead46b6665b50cd3d13dcd71d47de045b373350df013579e3e,2,15G,analytics_log,RAW_DEVICE_LOG_ARCHIVE,JetsamEvent-[PHONE].ips
bd85a0ff57a04c3638be379dcda0e51c643a0b406a9d84c6997abded268f4b2c,2,15G,text_log,RAW_DEVICE_LOG_ARCHIVE,log-power-[PHONE].session
5c48904dcf97869d12c71896c823910dfffb12f71769d757572dba2dd95936fe,2,15G,text_log,RAW_DEVICE_LOG_ARCHIVE,log-power-[PHONE].session
740cd81729f2d8a2c3d417717dcbea389f7c87c5ed10cd3886da724889d258eb,2,15G,analytics_log,RAW_DEVICE_LOG_ARCHIVE,SiriSearchFeedback-[PHONE].ips
322fb906f8268301b0ddf76722b2e580713049beeb4b79101397267b596dc63b,2,15G,analytics_log,RAW_DEVICE_LOG_ARCHIVE,SiriSearchFeedback-[PHONE].ips
575df46042af86ff6c32effd909cc06c82cff9bb4b9545a57e3b3c0a1d609b87,2,15G,text_log,RAW_DEVICE_LOG_ARCHIVE,log-power-[PHONE].session
417deef1a8e04b1fb2846ef6993904dff5d11688c7e00e88149788e541b438a2,2,15G,text_log,RAW_DEVICE_LOG_ARCHIVE,log-power-[PHONE].session
8156e765a40ba522f9d9360e7e3ffbacb36b4ef737eafc129327345c2a7e91f4,2,15G,rtcr,RAW_DEVICE_LOG_ARCHIVE,RTCReporting_messageLog_2025-[PHONE].txt
5bd6ad32f2675ebb6950248e1620affb56904224db31eab6fb41f0453af4d365,2,15G,analytics_log,RAW_DEVICE_LOG_ARCHIVE,SiriSearchFeedback-[PHONE].ips
d4631df3a3fc655017c53507c2fec494d243c74d91dc8d451ff45d334f5925b2,2,15G,sysdiagnose,RAW_DEVICE_LOG_ARCHIVE,sysdiagnose_2025.08.14_17-39-24+0700_iPhone-OS_iPhone_22F76.tar.gz
03402b8f0d546e5695e78361454dc12258c6afc4fe3f18619922334eab3c9c0d,2,15G,rtcr,RAW_DEVICE_LOG_ARCHIVE,RTCReporting_messageLog_2025-[PHONE].txt
d6ada0395624c922385d9638c02617fa81884a427f75d95f212de5d129ad7d10,2,15G,rtcr,RAW_DEVICE_LOG_ARCHIVE,RTCReporting_messageLog_2025-[PHONE].txt
c5c901bea6a7faa28ab9c64a3d10d44ad4330f7902addfc18f2f28a92e12efc4,2,15G,rtcr,RAW_DEVICE_LOG_ARCHIVE,RTCReporting_messageLog_2025-[PHONE].txt
77018521304195a6c81faf766ac8ca707f2398f542faa6e06dc5ae17003816ea,2,15G,rtcr,RAW_DEVICE_LOG_ARCHIVE,RTCReporting_messageLog_2025-[PHONE].txt
c1a2e349b9d2229f0243b48e377d3d7d292adf2f5af273dbb11c192092cbe154,2,15G,analytics_log,RAW_DEVICE_LOG_ARCHIVE,SiriSearchFeedback-[PHONE].ips
558ecea5da0751e3bfe2fa1373ec9415c66ffb3f1014916c1091a470fde496cc,2,15G,text_log,RAW_DEVICE_LOG_ARCHIVE,log-power-[PHONE].session
4f384e4fc12b36dbc2b3d96a711c45a158c5444013ad5de0d7ba5520f3839746,2,15G,sysdiagnose,RAW_DEVICE_LOG_ARCHIVE,sysdiagnose_2025.08.30_09-01-32+0700_iPhone-OS_iPhone_22F76.tar.gz
ad775d544dac7b7810ffcdfd8eb22ebcaddeb3612eb9695b943ec2d2947fda36,2,15G,analytics_log,RAW_DEVICE_LOG_ARCHIVE,SFA-pcs.json-[PHONE].ips
74d51da4675f487654f4048587b890e80dee0aa70867a5a81a7f973458d3080a,2,15G,text_log,RAW_DEVICE_LOG_ARCHIVE,log-power-[PHONE].session
b6fdd07c087d9befff6142e5f6aac1f6999a331e5b83a7797406c465eeee4e00,2,15G,text_log,RAW_DEVICE_LOG_ARCHIVE,log-power-[PHONE].session
68a9b9e2cbe20e9f9a6f67cfc5ca638b673ed7cdfb9e9cdf00e177e589a4b830,2,15G,analytics_log,RAW_DEVICE_LOG_ARCHIVE,JetsamEvent-[PHONE].000.ips
7911f1c7b2ffc16056012095913eef34733b9c45e96cb7137456b73423978d8d,2,15G,text_log,RAW_DEVICE_LOG_ARCHIVE,log-power-[PHONE].session
7c4e1fe1b7932c4d7e5350e5e68a7d91d256abeb0d0e80565be7b4410ada9b9e,2,15G,text_log,RAW_DEVICE_LOG_ARCHIVE,log-power-[PHONE].session
2ebe0b8a23668381aa86d1d4ffa796db11ce36dc9c49cf4119aabbf521446104,2,15G,analytics_log,RAW_DEVICE_LOG_ARCHIVE,SFA-ckks.json-[PHONE].ips
8d518f7aeab105ca638ceb9c17ba845d6a2d80edf3b757eff4687a3c0c45cc78,2,15G,analytics_log,RAW_DEVICE_LOG_ARCHIVE,spotlightknowledged.cpu_resource-[PHONE](1).ips || spotlightknowledged.cpu_resource-[PHONE].ips
4d89e46545763b3066fa69f4e2c026fc09def974d93f6128d5e4577e74332c07,2,15G,text_log,RAW_DEVICE_LOG_ARCHIVE,log-power-[PHONE].session
e86a9d4e3de34e453c46d7556241850c6470c9a42f7aa37c5f11f62b80301cb1,2,15G,text_log,RAW_DEVICE_LOG_ARCHIVE,log-power-[PHONE].session
df3ca2ef0f706112807059818a4f0375ead627ffb76e0f7a32eb253d2af50085,2,15G,analytics_log,RAW_DEVICE_LOG_ARCHIVE,signpost_reporter.cpu_resource-[PHONE].ips
cdbd43c7a222874b90e30238587cb8449f941ae27aa8039cd784fd5bfc6707c9,2,15G,analytics_log,RAW_DEVICE_LOG_ARCHIVE,suggestd.cpu_resource-[PHONE].ips
d0d5f55bcdd7ea0b40372c91aca3610f984ea8c1005952fd57fc3f001d1ec356,2,15G,analytics_log,RAW_DEVICE_LOG_ARCHIVE,MEGAShare-[PHONE].ips
45aa5f8f18f07a301989d498b34fb7d5ecf88b556886b7203b84fbd6ddbd6a22,2,15G,rtcr,RAW_DEVICE_LOG_ARCHIVE,RTCReporting_messageLog_2025-[PHONE].txt
67f25d2aed48f3ef3e3c010ce7eb88666592271ee4c6a84a8a39a63377207ec4,2,15G,analytics_log,RAW_DEVICE_LOG_ARCHIVE,SFA-local.json-[PHONE].0003.ips
f319dc42d49ab7b3ab014fd93a0d23a4c59f9fccfa1cb3eabf7bda5b4f19bbb2,2,15G,analytics_log,RAW_DEVICE_LOG_ARCHIVE,xp_amp_app_usage_dnu-[PHONE](1).ips || xp_amp_app_usage_dnu-[PHONE].ips
146e9485abfb359296e66e98a91ae8b8b88ac69c2bcec24d54386b4cebbce9a9,2,15G,rtcr|text_log,RAW_DEVICE_LOG_ARCHIVE,RTCReporting_messageLog_2025-[PHONE].txt || テキスト 2.txt
516126c6b377a0d981157fafc2d8457aab60db0f3b23333a8fd8200e0f17104e,2,15G,rtcr|text_log,RAW_DEVICE_LOG_ARCHIVE,RTCReporting_messageLog_2025-[PHONE].txt || テキスト 3.txt
95217b12a3301ab2de383361705d4383370edac4112f79188ed5e1a60c00b744,2,15G,rtcr|text_log,RAW_DEVICE_LOG_ARCHIVE,RTCReporting_messageLog_2025-[PHONE].txt || テキスト.txt
9707e0dca5865d23bc1309430b38537c080ba79c8e15c0faea471a5e1aa293f3,2,15G,analytics_log,RAW_DEVICE_LOG_ARCHIVE,SiriSearchFeedback-[PHONE].ips
5f22fb0509ec057ef5ee9a4517c81b737b3150a55b46defb31c0eed80675df05,2,15G,analytics_log,RAW_DEVICE_LOG_ARCHIVE,SiriSearchFeedback-[PHONE].ips
156e85862d1b0c30e7f3356de0c22c0e4232a37536c011fa60c3cf070279514a,2,15G,analytics_log,RAW_DEVICE_LOG_ARCHIVE,SiriSearchFeedback-[PHONE].ips
7887447a59f32cb06ea63edd88f0d477ad1ffb314a498a63da6ac6f046aaf265,2,15G,analytics_log,RAW_DEVICE_LOG_ARCHIVE,spotlightknowledged.cpu_resource-[PHONE].ips
824f5fe6d90d89099dc38a39817e32269088d23d1139f4ab250e8b808ffb1ee0,2,15G,rtcr,RAW_DEVICE_LOG_ARCHIVE,RTCReporting_messageLog_2025-[PHONE].txt
5e3bf17e089979d69eab9837ed99b2d5385c8a6df6af7cf4f0ae3e0a938311ce,2,15G,json_summary,RAW_DEVICE_LOG_ARCHIVE,com.apple.searchd-[PHONE].json
95ca84f9b458ccaa4552bdafa502c1b8b7f5ca0bd36f25002244737509631372,2,15G,analytics_synced|other,RAW_DEVICE_LOG_ARCHIVE,Analytics-[PHONE].ips.ca.synced || SiriSearchFeedback-[PHONE].000.synced
6247475edc9e82fe1a51d09cae7845e5274e78e80cd9f418c2f0c9f7d9a1d612,2,15G,json_summary,RAW_DEVICE_LOG_ARCHIVE,com.apple.searchd-[PHONE].json
f32742cb6ffbbe0666aa15fb0197f4f5c610dc4dad3ea071204362e25a204b00,2,15G,rtcr,RAW_DEVICE_LOG_ARCHIVE,RTCReporting_messageLog_2025-[PHONE].txt
e82e23f4e670e8f3573bebf240b31fe8d5b50737019d1d0d745c0cce161e651e,2,15G,analytics_log,RAW_DEVICE_LOG_ARCHIVE,SiriSearchFeedback-[PHONE].ips
7f85ac0ce5ae08cde03b71ff634312bbe77131fc0fe09419e7009d37a30c0717,2,15G,analytics_log,RAW_DEVICE_LOG_ARCHIVE,ChatGPT-[PHONE].ips
2a5075bba59ce6742b8a7f630d06b2793c7fbec79820fcf2373b5f7d13422ff0,2,15G,rtcr,RAW_DEVICE_LOG_ARCHIVE,RTCReporting_messageLog_2025-[PHONE].txt
d14d3b7421c3609f7fa6e422004b18464da15092b5ca59e15cd0fef0a88973e1,2,15G,analytics_log,RAW_DEVICE_LOG_ARCHIVE,SFA-ckks.json-[PHONE].000.ips
b6de395b94346c78f02188a784e226a838bb364cfd743c5b63ece1ccb043f34d,2,15G,analytics_log,RAW_DEVICE_LOG_ARCHIVE,SiriSearchFeedback-[PHONE].ips
e67283aa2d5b337ba3803ab12cd00b58a267a92bf35633e63f9f8eb94a2fc841,2,15G,rtcr|text_log,RAW_DEVICE_LOG_ARCHIVE,RTCReporting_messageLog_2025-[PHONE].txt || テキスト.txt
8bbdc2fadd432559890a2930ce804e279f04b3eb58aa6cbc974d37dd2e478e18,2,15G,analytics_log,RAW_DEVICE_LOG_ARCHIVE,SiriSearchFeedback-[PHONE].ips
816ccf6553865e02ae49dbb36fdb07e8ed683bd3c91e13dd449309542f60edbb,2,15G,rtcr,RAW_DEVICE_LOG_ARCHIVE,RTCReporting_messageLog_2025-[PHONE].txt
381e83ef14f3983b0b017271740a4e8c664205958392a800e631d579ea8af95a,2,15G,analytics_log,RAW_DEVICE_LOG_ARCHIVE,SiriSearchFeedback-[PHONE].000 2.ips || SiriSearchFeedback-[PHONE].000.ips
4f1916a4e4c83598147f480b3478896a4449738854288b2438b210957fc4d334,2,15G,analytics_log,RAW_DEVICE_LOG_ARCHIVE,SiriSearchFeedback-[PHONE].ips
d0b4724d25c00759b4be68f2da758cb7c99dd13486ee8b5337d9ba77e9c32fd9,2,15G,analytics_log,RAW_DEVICE_LOG_ARCHIVE,SiriSearchFeedback-[PHONE].ips
9ded2a7cb1f972f102ace9ad71509977b2b59155d659c54aa21c42ae69006ff7,2,15G,rtcr,RAW_DEVICE_LOG_ARCHIVE,RTCReporting_messageLog_2025-[PHONE].txt
2dca65aabde8c92b5115af8b12b3db970c1c9682ca92524c6a4ff265e4ffd358,2,15G,analytics_log,RAW_DEVICE_LOG_ARCHIVE,JetsamEvent-[PHONE].ips
40cd93877d9e254f5bd92829f99c5a5e96b867656b648b80f491009153cb4f6b,2,15G,rtcr,RAW_DEVICE_LOG_ARCHIVE,RTCReporting_messageLog_2025-[PHONE].txt
80109dd7c2d9ba613c31ea5f11f557f4adb4bdc42a4e6daeb42c683ca84627d8,2,15G,rtcr,RAW_DEVICE_LOG_ARCHIVE,RTCReporting_messageLog_2025-[PHONE].txt
6b85e4b29a7332537093a60694c829422384d61b98f47025d09b8e057a7a36bc,2,15G,rtcr,RAW_DEVICE_LOG_ARCHIVE,RTCReporting_messageLog_2025-[PHONE].txt
5d272e6d6cff07317359133dfe68f1ef2e9ccef8836f8b3eb357f0fa4bb85d45,2,15G,rtcr,RAW_DEVICE_LOG_ARCHIVE,RTCReporting_messageLog_2025-[PHONE].txt
a3047eee26c8694c219a5e189f60fa8e6d61303bd8ef8901156b659f14d4e764,2,15G,rtcr,RAW_DEVICE_LOG_ARCHIVE,RTCReporting_messageLog_2025-[PHONE].txt
3c318311372bf8a655f676deb485c0118f24a296cc59f7d2674103d1fcb63ce5,2,15G,analytics_log,RAW_DEVICE_LOG_ARCHIVE,spotlightknowledged.cpu_resource-[PHONE].ips
71aeb0724d0749b229f8f2d71316b546df3e1735277eb19a035ac89c53ee17c8,2,15G,analytics_log,RAW_DEVICE_LOG_ARCHIVE,WiFiLQMMetrics-[PHONE].ips
99ef65e9a14cedca04652347cdc1747af615df2bad13a63c027a0dfea85cea2d,2,15G,rtcr,RAW_DEVICE_LOG_ARCHIVE,RTCReporting_messageLog_2025-[PHONE].txt
99467e7a044fa99cbe7331d73339eb8bf0612d448b614d444c59f083037c87fb,2,15G,analytics_log,RAW_DEVICE_LOG_ARCHIVE,proactive_event_tracker-com_apple_Trial-com_apple_triald-[PHONE].ips
566fbe3888ab64159f1cad4f023fec3d6f13aa32e9c888cacc0f181f1f247e32,2,15G,analytics_log,RAW_DEVICE_LOG_ARCHIVE,SFA-pcs.json-[PHONE](1).ips || SFA-pcs.json-[PHONE].ips
a4200424d25efca9334a3430358c979192adf403a1c464baed15e6bb79a3dd13,2,15G,rtcr,RAW_DEVICE_LOG_ARCHIVE,RTCReporting_messageLog_2025-[PHONE].txt
46d27b33f451f3639465041547e7bb0d4ede98a7890bf871331461f99a862077,2,15G,analytics_log,RAW_DEVICE_LOG_ARCHIVE,xp_amp_skad_perf-[PHONE].ips
0b23b2390afde4f40000a8567eb487580fedb84c3300f4792d5b473eabcff7d3,2,15G,json_summary,RAW_DEVICE_LOG_ARCHIVE,com.apple.VoiceMemos.[UUID].json
4ccd8e1dc1a5b94a3622cc410748601d817b44f667a89320862bf315ee1859d1,2,15G,rtcr,RAW_DEVICE_LOG_ARCHIVE,RTCReporting_messageLog_2025-[PHONE].txt
799090555b1ec4fe02c3f2c8c936687ef34481a9d294db417b6a377f837a5727,2,15G,rtcr,RAW_DEVICE_LOG_ARCHIVE,RTCReporting_messageLog_2025-[PHONE].txt
636b0f46c7e1156d93a0b29bd5de57f535860e9be88bdf216f30915a64fdcf7d,2,15G,analytics_log,RAW_DEVICE_LOG_ARCHIVE,WiFiLQMMetrics-[PHONE].ips
d2bd6498e4c43191b69f2cee0e8823a1d861ab0560acc2d4cd9f06a8c964e1d0,2,15G,analytics_log,RAW_DEVICE_LOG_ARCHIVE,WiFiLQMMetrics-[PHONE].ips
445013e67f665d11745f72dd02a9769ec4d87fa8ab9ec7c39e2422e3678e69e3,2,15G,rtcr,RAW_DEVICE_LOG_ARCHIVE,RTCReporting_messageLog_2026-[PHONE].txt
324409e2e58e38b7da109bda75bc55ea49efefe098ab70bdfb089b0d82834754,2,15G,rtcr,RAW_DEVICE_LOG_ARCHIVE,RTCReporting_messageLog_2026-[PHONE].txt
3a322ce110b9d0e7dced58d73fffa5aea32e189fdcb5e78af92f572f21298692,2,15G,analytics_log,RAW_DEVICE_LOG_ARCHIVE,stacks-[PHONE].ips
5afe35228cfc7b7514c28ec31b75fe4e4ad9ea2e458054f2a86b836d6bb682c4,2,15G,rtcr,RAW_DEVICE_LOG_ARCHIVE,RTCReporting_messageLog_2026-[PHONE].txt
5506799603cadaf619d4aada7476a3f971bb26df4c329593ad7d2e106715ce81,2,15G,analytics_log,RAW_DEVICE_LOG_ARCHIVE,SiriSearchFeedback-[PHONE].ips
9e363bdead1f3a6cbf06030f2952e426b07c370bf85cb6da489b977bc51121b0,2,15G,analytics_log,RAW_DEVICE_LOG_ARCHIVE,SiriSearchFeedback-[PHONE].ips
4618a1feeb58e8bcc254070ed1f6c444bbeebba87ca1f977e6218bd7024182c7,2,15G,analytics_log,RAW_DEVICE_LOG_ARCHIVE,JetsamEvent-[PHONE].ips
3f6b7b71d12a2beb01bc5957641fb0f859d4f4cdcb96855e3e07922fd1b895a7,2,15G,analytics_log,RAW_DEVICE_LOG_ARCHIVE,SiriSearchFeedback-[PHONE].ips
b16dc00332ef947fda90cf12c31603f4bc2621ec0883094365083e6dc28615e8,2,15G,json_summary,RAW_DEVICE_LOG_ARCHIVE,com.apple.searchd-[PHONE].json
48a5c2e043c5a1e7b0242994657836f83d9a18c4954e6765ed7989af45e9d528,2,15G,analytics_log,RAW_DEVICE_LOG_ARCHIVE,SiriSearchFeedback-[PHONE].ips
a3b4adb1ba6b642575e8a162feba5f26f8c4ffea3c216d1cb40fe54613010bda,2,15G,analytics_log,RAW_DEVICE_LOG_ARCHIVE,SiriSearchFeedback-[PHONE].ips
1c07dc90163560878cc458f595b433ad14b3e57b96a273e963a1ddbe3e7ae8a0,2,15G,analytics_log,RAW_DEVICE_LOG_ARCHIVE,SiriSearchFeedback-[PHONE].ips
359d8bcf1491e4878a0d57aae8e87da5dac11be67a01c5dad5cbc39c77cb6761,2,15G,analytics_log,RAW_DEVICE_LOG_ARCHIVE,SiriSearchFeedback-[PHONE].ips
0f17e9b754eb9dd683bf6fa463effb956269e18108fd92841e0a85adaa0a6acf,2,15G,analytics_log,RAW_DEVICE_LOG_ARCHIVE,SiriSearchFeedback-[PHONE].ips
e85779648ffebcc01ad4f51061e87bf0e7311d446341f406930ae5d7ab9a4824,2,15G,rtcr,RAW_DEVICE_LOG_ARCHIVE,RTCReporting_messageLog_2026-[PHONE].txt
e9934385a4726e009d9d6a0323e103a099e22c69dd1497b48bb3e42d19e99226,2,15G,rtcr,RAW_DEVICE_LOG_ARCHIVE,RTCReporting_messageLog_2026-[PHONE].txt
b5978db5b7c0962ce0b7d68189451c95864dc11213047843e3426e7b9c65d45c,2,15G,analytics_log,RAW_DEVICE_LOG_ARCHIVE,SiriSearchFeedback-[PHONE](1).ips || SiriSearchFeedback-[PHONE].ips
f113f46778168aa45fd7e2926b26202287d5d862614a7bab498e949327f7aee2,2,15G,analytics_log,RAW_DEVICE_LOG_ARCHIVE,SiriSearchFeedback-[PHONE](1).ips || SiriSearchFeedback-[PHONE].ips
8cd413c1ffac98f50873c2dbbf937ed0694cc15a3b012c3ed12dee7c982516eb,2,15G,analytics_log,RAW_DEVICE_LOG_ARCHIVE,SiriSearchFeedback-[PHONE](1).ips || SiriSearchFeedback-[PHONE].ips
711fd24265b5d605fd4a13953304c83885a83000a5292e5606b3f65f749b7148,2,15G,analytics_log,RAW_DEVICE_LOG_ARCHIVE,TwitterNotificationServiceExtension-[PHONE].ips
3382b1d5ccfd45c63bfedac6714e441bbcfa3d6c11e1ec589c0b8641d4ee5b7c,2,15G,analytics_log,RAW_DEVICE_LOG_ARCHIVE,SiriSearchFeedback-[PHONE].ips
0ae24cf3c40dddb9c0e099cd1714333ffbeaf384f351d2b2a3e45ffeb8e350f3,2,15G,analytics_log,RAW_DEVICE_LOG_ARCHIVE,WeChat-[PHONE].000 2.ips || WeChat-[PHONE].000.ips
5f26abf334c4417b04ab3681cdba52f9175ab12c60885367462193b033d3e941,2,15G,analytics_log,RAW_DEVICE_LOG_ARCHIVE,BackgroundShortcutRunner.diskwrites_resource-[PHONE].ips
dcacb28a087469d952c848194d270ba1167cee1f1f27d520e31ae1f9d1b16096,2,15G,analytics_log,RAW_DEVICE_LOG_ARCHIVE,duetexpertd.cpu_resource-[PHONE].ips
75813f6ff79afaa589a86973a02ae4e1f26f8e071d42f426d9aa59b8fb50436f,2,15G,analytics_log,RAW_DEVICE_LOG_ARCHIVE,JetsamEvent-[PHONE].ips
9ad1f97aef852431cd39f1d3c6b7b762a04eeeeaf6da58d85baf51e0f9d390bd,2,15G,analytics_log,RAW_DEVICE_LOG_ARCHIVE,maild-[PHONE].ips
faf3304d2f6280c2ab060cb7df1488eda5123fcb8b2b5dad1019f7d9a9ce6608,2,15G,analytics_log,RAW_DEVICE_LOG_ARCHIVE,managedappdistributiond-[PHONE].000.ips
2df55484dac6c6b0cbef805e315b5404541a91153855583842e139ea9fc867c4,2,15G,analytics_log,RAW_DEVICE_LOG_ARCHIVE,managedappdistributiond-[PHONE].ips
b4f5e7ead72477e1307d17110782937214a5331ce2418ea389b269751c05a26d,2,15G,analytics_log,RAW_DEVICE_LOG_ARCHIVE,Preferences-[PHONE].ips
cc5f7905cfbfd35b421c9a50e72cb987c992849c995e22ab5885d5088e66a7f5,2,15G,rtcr,RAW_DEVICE_LOG_ARCHIVE,RTCReporting_messageLog_2026-[PHONE].txt
b0d7b50e4693f1bdb44d1bd2394b249acb3921de87bacbc2f60a88fa8b312674,2,15G,analytics_log,RAW_DEVICE_LOG_ARCHIVE,searchd-[PHONE].ips
a1783ce88ca1d025625fea26e6e9cd5d8ed42e020f2bebb9ea2083ca7ddc9144,2,15G,analytics_log,RAW_DEVICE_LOG_ARCHIVE,searchd-[PHONE].ips
9aabd598a54d576630b45429bfdc135e452f0b44f7cbbf645aea2c04f65fd0c1,2,15G,analytics_log,RAW_DEVICE_LOG_ARCHIVE,SFA-ckks.json-[PHONE].ips
3bea2f04862a2e236b2f78557a1e0be623164b5538a5c7a06780b63b504cf7df,2,15G,analytics_log,RAW_DEVICE_LOG_ARCHIVE,SFA-CloudServices.json-[PHONE].ips
70a2c072ccf1a2ac6f0d4b051bfce3726e58be36bd885c488eeb9f38b1668af4,2,15G,analytics_log,RAW_DEVICE_LOG_ARCHIVE,SFA-local.json-[PHONE].000.ips
491acf98dff81bfa48eeeb6417cb9cbce8afa7fed39a250957c5149273ca8350,2,15G,analytics_log,RAW_DEVICE_LOG_ARCHIVE,SFA-networking.json-[PHONE].ips
ab688e7ae1fd28c376e768e5ca3ea9e7d5afe700318b07552ce4f26b042fe2e1,2,15G,analytics_log,RAW_DEVICE_LOG_ARCHIVE,SFA-pcs.json-[PHONE].ips
c0d2a67fb391da184d8bbc2ff178e61588de211e48fa156253ae39f8dd520238,2,15G,analytics_log,RAW_DEVICE_LOG_ARCHIVE,SFA-sos.json-[PHONE].000.ips
f249e78a25c9a80a4891a8813a0ebf5773838478a692cfcfe20923a218e350d4,2,15G,analytics_log,RAW_DEVICE_LOG_ARCHIVE,SiriSearchFeedback-[PHONE].000.ips
fe0eeec1b79588beee28d57f8df2edcdfa1c7efc7e91fc93efc8e316b053ec3a,2,15G,analytics_log,RAW_DEVICE_LOG_ARCHIVE,SiriSearchFeedback-[PHONE].ips
5a3bad8253ae779914cab27602be0ebb1aecc45183854e68f9ad030851900880,2,15G,analytics_log,RAW_DEVICE_LOG_ARCHIVE,SiriSearchFeedback-[PHONE].ips
f2a96e1468d86e75db2df55bdf0ce05fbc76dc8c05e2cdd5217818aec9e7fc17,2,15G,analytics_log,RAW_DEVICE_LOG_ARCHIVE,SiriSearchFeedback-[PHONE].ips
a84c2b08fea391fcb74fea32c763ac435b0fbe5c67bf4ab7c42b5b251afc9665,2,15G,analytics_log,RAW_DEVICE_LOG_ARCHIVE,SiriSearchFeedback-[PHONE].ips
22ab79005b969b67cea0d61233edf9f6a4bac488962a91c8e2de73db4d87619a,2,15G,analytics_log,RAW_DEVICE_LOG_ARCHIVE,SiriSearchFeedback-[PHONE].ips
2f8e1d921c42167d7719591109b9942e473e666c9e02c86639821daeb71ad4e5,2,15G,analytics_log,RAW_DEVICE_LOG_ARCHIVE,SiriSearchFeedback-[PHONE].ips
5a00ac9ced678ceca9b2d0840d1d25e1942ae173d9eee2c19282227d33fb2ebf,2,15G,analytics_log,RAW_DEVICE_LOG_ARCHIVE,SiriSearchFeedback-[PHONE].ips
d95da2ddc5776eb475cfac757e70cca6c6e65700c715ceb62491f5b8551eaeef,2,15G,analytics_log,RAW_DEVICE_LOG_ARCHIVE,SiriSearchFeedback-[PHONE].ips
996e2349fd96e0c3fdf60062e626df5b486d70c111182872005b7e584befdbef,2,15G,analytics_log,RAW_DEVICE_LOG_ARCHIVE,SiriSearchFeedback-[PHONE].ips
5e624f6f5e46655eb21e4ca97eaeee557ad68217b2a7663de22a4b0e54d33953,2,15G,analytics_log,RAW_DEVICE_LOG_ARCHIVE,SiriSearchFeedback-[PHONE].ips
84fc3ed8108ae6e309d7fb793ea3dc0b53cc000b2c766601420168f5d51472b9,2,15G,analytics_log,RAW_DEVICE_LOG_ARCHIVE,SiriSearchFeedback-[PHONE].ips
4a7b4e046ba246c4502518e3fa63d6c61a8c58260793c3324344e31906a328dc,2,15G,analytics_log,RAW_DEVICE_LOG_ARCHIVE,SiriSearchFeedback-[PHONE].ips
018c20f299eb41d7a99ae6f6c29cec0459b8e379759b3720800a3c75a19c728c,2,15G,analytics_log,RAW_DEVICE_LOG_ARCHIVE,SiriSearchFeedback-[PHONE].ips
51500e79820c6b08524724492dfaa99dff12117a19331a1a0ab0dc9bcedc6aa9,2,15G,analytics_log,RAW_DEVICE_LOG_ARCHIVE,SiriSearchFeedback-[PHONE].ips
7576386f13298ceac2730560acbc02857d3758a859d24346810e1bb8269b5833,2,15G,analytics_log,RAW_DEVICE_LOG_ARCHIVE,SiriSearchFeedback-[PHONE].ips
725a3a807cfde1b2e5fcc7f6ec54b34a9db70a3d6715216851f4b75a28277472,2,15G,analytics_log,RAW_DEVICE_LOG_ARCHIVE,SiriSearchFeedback-[PHONE].ips
466c9f090955803d424bdf3bf8100f7d7db6f29b563a562f300938097922c3b3,2,15G,analytics_log,RAW_DEVICE_LOG_ARCHIVE,SiriSearchFeedback-[PHONE].ips
90f2ecaa075cd02a87e46681c434e1b0389a690b8abaef36083e93d6210d1966,2,15G,analytics_log,RAW_DEVICE_LOG_ARCHIVE,SiriSearchFeedback-[PHONE].ips
c80cab980fb78dd90d9bd0e7928e5c79f9bc2bb74eb37feeee1c722fb427d975,2,15G,analytics_log,RAW_DEVICE_LOG_ARCHIVE,SiriSearchFeedback-[PHONE].ips
12365dec1c57ff2f98d34b67caf36e1bc143e23c9e7542c13b9afece8105a7ed,2,15G,analytics_log,RAW_DEVICE_LOG_ARCHIVE,stacks-[PHONE].ips
63b0120a037255822e785311e826d630af2f71ebc2aa7bd5c977e1542fb7c863,2,15G,analytics_log,RAW_DEVICE_LOG_ARCHIVE,stacks-[PHONE].ips
c71e95be3c91ed16616b8d71be81c6a63a71c71192195aff5f2937f219e1ec2c,2,15G,analytics_log,RAW_DEVICE_LOG_ARCHIVE,stacks-[PHONE].ips
bed868eba8f1de767cfa75eec82e9c7be8e11a367611a9beb0ca1768351436b9,2,15G,analytics_log,RAW_DEVICE_LOG_ARCHIVE,stacks-[PHONE].ips
c1daa6b23f6b7ab6c8f4b256d9c0b379db36ece01b59a704802436ad239b04cb,2,15G,analytics_log,RAW_DEVICE_LOG_ARCHIVE,stacks-[PHONE].ips
4697bee2b27f0a73802480c18c7dd6d088a9bf44eb32881940eb59f395a62432,2,15G,sysdiagnose,RAW_DEVICE_LOG_ARCHIVE,sysdiagnose_2026.03.16_10-34-34+0700_iPhone-OS_iPhone_22F76.tar.gz
5c1a230708df3ca73cc1f5662337674da6120f41db1347570b500c62889ca599,2,15G,sysdiagnose,RAW_DEVICE_LOG_ARCHIVE,sysdiagnose_2026.03.16_22-16-31+0700_iPhone-OS_iPhone_22F76.tar.gz
3bfb6677673db2dbb448f657d6205c92a3e6f2bfc0dbaccf8ad582f7e0e2ca0e,2,15G,analytics_log,RAW_DEVICE_LOG_ARCHIVE,WiFiConnectionQuality-[PHONE].ips
363748f2d0d2085cb8a6513ebc56eed6bf283d7cdeab6389428b71134d9e6eaf,2,15G,analytics_log,RAW_DEVICE_LOG_ARCHIVE,xp_amp_app_usage_dnu-[PHONE].ips
f6b05055a7537401bf3db32ef31a5c361e3b8d46574771a91793e8e5e4a8666f,2,15G,analytics_log,RAW_DEVICE_LOG_ARCHIVE,AlipayWallet-[PHONE].ips
2c0a0108f14f1af61116185a236127f08da7006cbcfa2dfb6e17897ac994f13e,2,15G,analytics_synced,RAW_DEVICE_LOG_ARCHIVE,Analytics-[PHONE].ips.ca.synced
f4604c3894ed80ca244f0dfe6a18e1260a6a4207bee0cf21e6dd6ce11a5fa26e,2,15G,analytics_log,RAW_DEVICE_LOG_ARCHIVE,ANECompilerService.diskwrites_resource-[PHONE].ips
d978090885c1d38e33ab714370272df9b27ad908ae05153ce48ebea7adf4ef31,2,15G,analytics_log,RAW_DEVICE_LOG_ARCHIVE,calaccessd-[PHONE].ips
6d081b72f1f4ce28ccc76f7f87d9c6cf28498b499fb58ced06e611d83477350a,2,15G,analytics_log,RAW_DEVICE_LOG_ARCHIVE,contactsd-[PHONE].ips
38bb1862236d7f0ba403e0dac089bed62a75c871d5000eb956466931e64ea222,2,15G,analytics_log,RAW_DEVICE_LOG_ARCHIVE,deleted.diskwrites_resource-[PHONE].ips
5d85fd3bc10cb459dc031f7dc4dd4b54a09fd120dbf1822a14ec7fa125e8f682,2,15G,analytics_log,RAW_DEVICE_LOG_ARCHIVE,ecosystemanalyticsd.cpu_resource-[PHONE].ips
d1feee201bce8d54f19762ce144cfb269f8b42952d55ab38c769481e24755cb9,2,15G,analytics_log,RAW_DEVICE_LOG_ARCHIVE,JetsamEvent-[PHONE].ips
fa68f1bb36d2cffb893841f627f5347478616685381fe7e75966a453cc11fc9e,2,15G,analytics_log,RAW_DEVICE_LOG_ARCHIVE,JetsamEvent-[PHONE].ips
1280d287867c0e2740e08dbfb38e476236f207b77090cd86742686825f5ff88a,2,15G,analytics_log,RAW_DEVICE_LOG_ARCHIVE,maild-[PHONE].ips
462ae278c08f0a8bd9c4e7740e7029ddee80b2f815b4f14019827b83d483f545,2,15G,analytics_log,RAW_DEVICE_LOG_ARCHIVE,maild-[PHONE].ips
c492fdddbb78e7a7120071a221e9f700976bae599badadf53495318d152bb125,2,15G,analytics_log,RAW_DEVICE_LOG_ARCHIVE,maild-[PHONE].ips
fdc6a777b9ad11431ece1bee29fd0e27c539731599cd454656ca394a138b2084,2,15G,analytics_log,RAW_DEVICE_LOG_ARCHIVE,maild-[PHONE].ips
95dc6a6aae6092600b9e52dafe08ecf9a977cbd649b475f1ea51e2c8612ab0a6,2,15G,analytics_log,RAW_DEVICE_LOG_ARCHIVE,maild-[PHONE].ips
889b31dc7e032fac52c8c342c34cec4680a504162753dfed8207a2e9d8daecf5,2,15G,analytics_log,RAW_DEVICE_LOG_ARCHIVE,managedappdistributiond-[PHONE].ips
89923207b9e94ea527b8335fb360e1a8e39f68b9156a4113fb27492b88f357e0,2,15G,analytics_log,RAW_DEVICE_LOG_ARCHIVE,Preferences-[PHONE].ips
191db993eb4de435e7cc37fecbda4069eee2ac8e354d67abdb02787d3ae7ac42,2,15G,analytics_log,RAW_DEVICE_LOG_ARCHIVE,proactive_event_tracker-com_apple_Trial-com_apple_triald-[PHONE].ips
8641950875d40534ced54637768ccfcd1fcf928e6e6dc45eb950a914d5d346b9,2,15G,analytics_log,RAW_DEVICE_LOG_ARCHIVE,proactive_event_tracker-com_apple_Trial-com_apple_triald-[PHONE].ips
9132a98fc3f169ddc394b6af1458853fd031159b0c813cefe36e85272d80c933,2,15G,analytics_log,RAW_DEVICE_LOG_ARCHIVE,searchd-[PHONE].ips
083b368f262609b3d53829acc1cacc8b7872aaddd93e7b21e72de71cd33760fa,2,15G,analytics_log,RAW_DEVICE_LOG_ARCHIVE,searchd.diskwrites_resource-[PHONE].ips
8a4d7d557fb0b49635c22e65adc60dd3e7506b022d9e8ec3241bc0a12beaaf06,2,15G,analytics_log,RAW_DEVICE_LOG_ARCHIVE,SFA-ckks.json-[PHONE].000.ips
b43cb10ecab857049b5a827d87e709015b8d4a9d334712eedea6786533a52a39,2,15G,analytics_log,RAW_DEVICE_LOG_ARCHIVE,SFA-CloudServices.json-[PHONE].ips
51effb6096271c96b1cecfd3e21f00cc88a004fd424ea6dd70d951f7a9816fae,2,15G,analytics_log,RAW_DEVICE_LOG_ARCHIVE,SFA-local.json-[PHONE].ips
6a5baf9cd641d2ddb25036104649f1730a1d6e718ed7b45e59bbebf0cd59cb40,2,15G,analytics_log,RAW_DEVICE_LOG_ARCHIVE,SFA-networking.json-[PHONE].ips
fc55b2a2c9deffca583ae582d92c2cab0c718a3a193d7a7c4661b1fd5d9b700a,2,15G,analytics_log,RAW_DEVICE_LOG_ARCHIVE,SFA-pcs.json-[PHONE].000.ips
388e89b46002d5fd26e2ff7b9703bd3a05bded9ed803f0a4bbd435a0607a449b,2,15G,analytics_log,RAW_DEVICE_LOG_ARCHIVE,SFA-sos.json-[PHONE].ips
b8587a87c33b912c53e6772593c515ae6e729f9f0c59daa1088028df3b7a31b1,2,15G,analytics_log,RAW_DEVICE_LOG_ARCHIVE,SiriSearchFeedback-[PHONE].ips
60d355863c9645d9faef92663c7ed2f4e8e5135d9053413051224f2bfaaeb7de,2,15G,analytics_log,RAW_DEVICE_LOG_ARCHIVE,SiriSearchFeedback-[PHONE].ips
62619f1c41174517f08ab7e24e116e944b19638fa444380b07c555421a76c822,2,15G,analytics_log,RAW_DEVICE_LOG_ARCHIVE,SiriSearchFeedback-[PHONE].ips
552b1967842130b802ea7615ef99ecffcb4409a3593ce7c03235c4830c4e599a,2,15G,analytics_log,RAW_DEVICE_LOG_ARCHIVE,SiriSearchFeedback-[PHONE].000.ips
4ec3d28adc54e7eb15d17d8337f9151a6ab3e50617a14a7b60ac68876c8651cc,2,15G,analytics_log,RAW_DEVICE_LOG_ARCHIVE,SiriSearchFeedback-[PHONE].ips
671eda83b0f5c3f1c8213024820d5c79ce4bd917e0f9145eca43d7bbf43d1223,2,15G,analytics_log,RAW_DEVICE_LOG_ARCHIVE,SiriSearchFeedback-[PHONE].ips
9ff76a24c7d62b4d8f11f83788fcd537109e78d203c7c809499244397471b2cc,2,15G,analytics_log,RAW_DEVICE_LOG_ARCHIVE,SiriSearchFeedback-[PHONE].ips
39ddd3a5e7215d96fe7c05fa94805b9111ce56203a0d143c7471e436d8a405ce,2,15G,analytics_log,RAW_DEVICE_LOG_ARCHIVE,SiriSearchFeedback-[PHONE].000.ips
b848ebbb4280f774d9b334eae7f43d193e348bc299feb73d16f182e642f35329,2,15G,analytics_log,RAW_DEVICE_LOG_ARCHIVE,SiriSearchFeedback-[PHONE].ips
65cb6676fa4818a0e30ee95e2a0800f8e28bd28f35218dfd68f00ed736d7ca45,2,15G,analytics_log,RAW_DEVICE_LOG_ARCHIVE,SiriSearchFeedback-[PHONE].ips
d1b7cfa3629ade3010951e381c9a37e564927327df85affb8b55412dda3bd991,2,15G,analytics_log,RAW_DEVICE_LOG_ARCHIVE,SiriSearchFeedback-[PHONE].ips
c5e3177acf227a2f740a7c5b4da5d58093a3689d3f5d92235505c3bff088d63c,2,15G,analytics_log,RAW_DEVICE_LOG_ARCHIVE,SiriSearchFeedback-[PHONE].ips
5daaef34f6556f583ca7ef666e847207e9d035b3c0652c250df736f223cbd2a2,2,15G,analytics_log,RAW_DEVICE_LOG_ARCHIVE,SiriSearchFeedback-[PHONE].ips
9ef6d21091a7f0fef33001dcb94636aae12f986ae156a55b3f9e65b078af2550,2,15G,analytics_log,RAW_DEVICE_LOG_ARCHIVE,SiriSearchFeedback-[PHONE].ips
171cb4e0ca6283e8b99be6417d4f4c58bd763d7ebc9073f7992bef993d4f4fd9,2,15G,analytics_log,RAW_DEVICE_LOG_ARCHIVE,SiriSearchFeedback-[PHONE].ips
89025f245f3177091a89f4cd3bbd8c8a7bf648df468b0c6877b351d3fb3ca730,2,15G,analytics_log,RAW_DEVICE_LOG_ARCHIVE,SiriSearchFeedback-[PHONE].ips
5de06f4f1dcb953545da8f62d045d521ecacda20b29a5feb8dbaa382065d3012,2,15G,analytics_log,RAW_DEVICE_LOG_ARCHIVE,SiriSearchFeedback-[PHONE].ips
ed908edd9f13072fee618dce33b3af8e70506dbeb744ccba05e3bb7d64eced15,2,15G,analytics_log,RAW_DEVICE_LOG_ARCHIVE,SiriSearchFeedback-[PHONE].ips
b60bb42b189844dac130c32cef2a7a3837e117cf802c5673c311b7f38dab3c77,2,15G,analytics_log,RAW_DEVICE_LOG_ARCHIVE,SiriSearchFeedback-[PHONE].ips
432090841d52a9793997e70ea69b7e97f3612b313079d2a988a55462e6c0b704,2,15G,analytics_log,RAW_DEVICE_LOG_ARCHIVE,SiriSearchFeedback-[PHONE].ips
31bafcd0efc46a0cf218741d6a28360d0839747f7efbfadfdcddc9950055f69c,2,15G,analytics_log,RAW_DEVICE_LOG_ARCHIVE,SiriSearchFeedback-[PHONE].ips
207e3a10129183fecba52f09c7f9bfca332ded6e69a65695a9c2519c60b2d614,2,15G,analytics_log,RAW_DEVICE_LOG_ARCHIVE,SiriSearchFeedback-[PHONE].ips
405385174a863c28c785db48555555348d356fefc09f49cb986885a9ef1acb35,2,15G,analytics_log,RAW_DEVICE_LOG_ARCHIVE,SiriSearchFeedback-[PHONE].ips
2824ec5e438c496840cdeca92c060d801104edee471f806a3cd305eff4d79365,2,15G,analytics_log,RAW_DEVICE_LOG_ARCHIVE,stacks-[PHONE].ips
0f44db3b8d5c44690661f13453385c3fc9c24f1399e07200e3b48c64ba89e049,2,15G,analytics_log,RAW_DEVICE_LOG_ARCHIVE,stacks-[PHONE].ips
51998edf360ee300836549b901b4d723b3c48b4f11fe76fd16ebb751433b07e5,2,15G,analytics_log,RAW_DEVICE_LOG_ARCHIVE,stacks-[PHONE].ips
54249cb659cb60f116d6ff824b281538142b2a306503ef835209878633ab4699,2,15G,analytics_log,RAW_DEVICE_LOG_ARCHIVE,stacks-[PHONE].ips
76a5e52931262dedabb5a8a4a418de51f5736c44f0935377d3792750addd2ae3,2,15G,analytics_log,RAW_DEVICE_LOG_ARCHIVE,stacks-[PHONE].ips
d1d1681b8d88aa8fafd439677adf84422f6582e591bc301dcb01f1c7d27b23f9,2,15G,analytics_log,RAW_DEVICE_LOG_ARCHIVE,stacks-[PHONE].ips
a55b51d9f57019fdd5cf21d4527a5700b8f7aa3193c7610abcb068421d6a46e5,2,15G,analytics_log,RAW_DEVICE_LOG_ARCHIVE,stacks-[PHONE].ips
eb049dbd5cd2f9537a0f165d26fd23791ae85b3e5708d9bb7b84abdf36d2c6f1,2,15G,analytics_log,RAW_DEVICE_LOG_ARCHIVE,stacks-[PHONE].ips
028ea968ce423e5876389b97fe844874bc96c0b82c2c6efbd5ff9699de8c8604,2,15G,sysdiagnose,RAW_DEVICE_LOG_ARCHIVE,sysdiagnose_2026.03.17_01-39-27+0700_iPhone-OS_iPhone_22F76.tar.gz
1f54f3a5c70f5e999ffcf7f1c1643edb78d67c9776d09786f5189f1c9c4a029d,2,15G,sysdiagnose,RAW_DEVICE_LOG_ARCHIVE,sysdiagnose_2026.03.17_03-07-57+0700_iPhone-OS_iPhone_22F76.tar.gz
28292027ee4ab1bc3eda9622f7514250906f9d5ea3b3287409cd0720aa5dca0b,2,15G,sysdiagnose,RAW_DEVICE_LOG_ARCHIVE,sysdiagnose_2026.03.17_03-10-25+0700_iPhone-OS_iPhone_22F76.tar.gz
911af1396f615026bf57c23fff07cd7af4aa0ef4bf370cc43396bd50af4aebea,2,15G,sysdiagnose,RAW_DEVICE_LOG_ARCHIVE,sysdiagnose_2026.03.17_03-13-39+0700_iPhone-OS_iPhone_22F76.tar.gz
2a678055239b829e0ac24900443500b8b62cb96b0ac90ca1a99322a14f088033,2,15G,sysdiagnose,RAW_DEVICE_LOG_ARCHIVE,sysdiagnose_2026.03.17_07-09-48+0700_iPhone-OS_iPhone_22F76.tar.gz
fcef1195610718071f64b2b8577466a2c0970eb32461b219930e415291cded89,2,15G,sysdiagnose,RAW_DEVICE_LOG_ARCHIVE,sysdiagnose_2026.03.17_20-38-58+0700_iPhone-OS_iPhone_22F76.tar.gz
7257e63d4cefc69224c1964fe151afb3a862c6418d31e0848e52622ea975aa4f,2,15G,analytics_log,RAW_DEVICE_LOG_ARCHIVE,Translate-[PHONE].ips
5058541f1aa2ab25bb9728344abfdb3fba3a3855009331f31015301fa7b93d66,2,15G,analytics_log,RAW_DEVICE_LOG_ARCHIVE,WiFiConnectionQuality-[PHONE].ips
5adb075c298da71dcf383f88ce9364299ca0df8179b7e62258f1babb7815e1d4,2,15G,analytics_log,RAW_DEVICE_LOG_ARCHIVE,xp_amp_app_usage_dnu-[PHONE].ips
250534ad73c5e6add84e91edd23042a0f45e5eb1f7d4582ddfb60347f3ff799f,2,15G,analytics_log,RAW_DEVICE_LOG_ARCHIVE,xp_amp_app_usage_dnu-[PHONE].ips
ca0eb9794f9fce5b193a36a538f22ab4b35b8a37d2bb975427334a244ca79b4a,2,15G,analytics_log,RAW_DEVICE_LOG_ARCHIVE,AlipayWallet-[PHONE].ips
450b5c433fb8f062f498edfef97256cf3d0a1d5bfc60dac9f90f5bdfd056be4d,2,15G,analytics_log,RAW_DEVICE_LOG_ARCHIVE,AlipayWallet-[PHONE].ips
e18905c98e1a6004405fa53a41f7af4eed983b206c696e30ed406c0e0564fd10,2,15G,analytics_log,RAW_DEVICE_LOG_ARCHIVE,AlipayWallet-[PHONE].ips
5ca75209bf87b7904a06b4584c82a19edf1daba6cf4809203248efcae06a022c,2,15G,analytics_log,RAW_DEVICE_LOG_ARCHIVE,AlipayWallet-[PHONE].ips
f8bffa6ebd2c6c02bf6ac12052295cc7c5ca0d4049cbdd1ce9ae7dcbebbdea16,2,15G,analytics_log,RAW_DEVICE_LOG_ARCHIVE,AlipayWallet-[PHONE].ips
3ca52bc663dc2b1bc36708888e47dad4ce5ea16307f84f5f3f274f521ad24c84,2,15G,analytics_log,RAW_DEVICE_LOG_ARCHIVE,AlipayWallet-[PHONE].ips
01c0c81395678f5a141a2a50795f1db21d2e7241922d667db0dab0c608d8097e,2,15G,analytics_synced,RAW_DEVICE_LOG_ARCHIVE,Analytics-[PHONE].ips.ca.synced
a85441558ccf643d7de20220caa1665f13e998530c6ea46016d16a594b78aa6f,2,15G,analytics_synced,RAW_DEVICE_LOG_ARCHIVE,Analytics-[PHONE].ips.ca.synced
649e692e907484c1e317275f75bde4e4dff9fea3b927585d364146adc540ca01,2,15G,analytics_log,RAW_DEVICE_LOG_ARCHIVE,assetsd-[PHONE].ips
792364008def88a61e5e6f899137ad07af1412ba9a69247f529ac96bea1861d2,2,15G,analytics_log,RAW_DEVICE_LOG_ARCHIVE,assetsd-[PHONE].ips
134983532c24a385bf576d9924724dc3aab30ec558a8361e1dc14b688237b7e6,2,15G,analytics_log,RAW_DEVICE_LOG_ARCHIVE,assetsd.cpu_resource-[PHONE].ips
dd85b0dcbc89456de84f51f1ddddf4d37f0a995df0abdd805f590079da42e193,2,15G,analytics_log,RAW_DEVICE_LOG_ARCHIVE,assistantd-[PHONE].ips
f7880137541bd51aec87ae9cdcafeacdd314af25310c7c1a3659e782563fff04,2,15G,analytics_log,RAW_DEVICE_LOG_ARCHIVE,calaccessd-[PHONE].ips
f7eff1f34827834ec1723c949ff8784725fa9d97df333ecf4d1ac242e577a0f8,2,15G,analytics_log,RAW_DEVICE_LOG_ARCHIVE,calaccessd-[PHONE].ips
64aed5b861db6c1844a27b79746544665ba8e2ce7db6e2ce0589722034f87e5a,2,15G,analytics_log,RAW_DEVICE_LOG_ARCHIVE,calaccessd-[PHONE].ips
f79a06463228169dc8d4ab2c51ae88a20c86e25c310a1c78ed29ee5893d69336,2,15G,analytics_log,RAW_DEVICE_LOG_ARCHIVE,calaccessd-[PHONE].ips
c321f80e1a9c50fc485c4eb70c248a9a599576008b8d546fcb614e696238d652,2,15G,analytics_log,RAW_DEVICE_LOG_ARCHIVE,com.apple.DocumentManager.Service-[PHONE].000.ips
2ba7cbc38f5b68a3283aa95d70b11860990fee2d31be9cf9cbe755a32402a185,2,15G,analytics_log,RAW_DEVICE_LOG_ARCHIVE,com.apple.DocumentManager.Service-[PHONE].ips
a80c93a20ae599dea67ee4b552df17a09840249442aa5649deb7d1c18b9528c1,2,15G,analytics_log,RAW_DEVICE_LOG_ARCHIVE,dmd-[PHONE].000.ips
1db216b77f9d529fdc3e7298bca927c77974253ab035d9ec04013f89de5c5327,2,15G,analytics_log,RAW_DEVICE_LOG_ARCHIVE,ecosystemanalyticsd.cpu_resource-[PHONE].ips
21bb84394d2ca60338e212ad9603c529e195eb88dc2efdfaac8745a6aad51ddf,2,15G,analytics_log,RAW_DEVICE_LOG_ARCHIVE,fitnesscoachingd-[PHONE].ips
87e0940447d20bd5b9c6ebcf67d8d5d9f9f6961c70ce4ec6406c1dc261e2ab77,2,15G,analytics_log,RAW_DEVICE_LOG_ARCHIVE,forceReset-full-[PHONE].0002.ips
f0f62fc8240bf3d6e4ebad8790aaf15069149121a16cf99db94c88d28d2ad0d8,2,15G,analytics_log,RAW_DEVICE_LOG_ARCHIVE,JetsamEvent-[PHONE].ips
ba815e20255b541f6909d803456b6df0c3b3472434cab0b4612ab77263431b9a,2,15G,analytics_log,RAW_DEVICE_LOG_ARCHIVE,JetsamEvent-[PHONE].ips
d52046a548a31617fdba27f32d82b5c9112106b68e90627cb05e839ebbfb9c67,2,15G,analytics_log,RAW_DEVICE_LOG_ARCHIVE,lsdiagnose-[PHONE].ips
55ef3cf9dd9e01cdef991671688d93272199d2e15835d9a3887bcd3c30d530e3,2,15G,analytics_log,RAW_DEVICE_LOG_ARCHIVE,maild-[PHONE].ips
8c278adbe37ad23382b1c5b7e07d86ac12c2fcee25b0723d92bf3337fcfb4ae3,2,15G,analytics_log,RAW_DEVICE_LOG_ARCHIVE,maild-[PHONE].ips
2d0f1372b8648d0e8ceb8ec0fc8b35bc3875a09afbb4e206264d2286267ed0d6,2,15G,analytics_log,RAW_DEVICE_LOG_ARCHIVE,maild-[PHONE].000.ips
4db50f796f8708c5fc62b543c7492d2de3a2173b15c660d15dce8a73070aa1b9,2,15G,analytics_log,RAW_DEVICE_LOG_ARCHIVE,maild-[PHONE].ips
d492b1be2c1ad7c60613b4c6006db160ad60b79d94ee4e1407872c7f341df4c1,2,15G,analytics_log,RAW_DEVICE_LOG_ARCHIVE,maild-[PHONE].ips
610a4b699f11134eb9e3ea8cf1a9aae539a7eb3c3dee1290f80575aefa070125,2,15G,analytics_log,RAW_DEVICE_LOG_ARCHIVE,maild-[PHONE].ips
a7be1dc22d259382b9950934d0cf77e30b168b4bafb056b89249c9401aaab98a,2,15G,analytics_log,RAW_DEVICE_LOG_ARCHIVE,maild-[PHONE].ips
57064102696a8e4b89dac71d5544f5de52cc78b4b3c5caaffe576ef256d939f1,2,15G,analytics_log,RAW_DEVICE_LOG_ARCHIVE,maild-[PHONE].ips
eab1f76c9761827a53a24db93a0ffec2a423f6c46ef6c7e86276c5af3345e217,2,15G,analytics_log,RAW_DEVICE_LOG_ARCHIVE,maild-[PHONE].ips
ef03f8c50093a9656842a04d2ab7859a8581c2e7513d8174c11dc85dba080201,2,15G,analytics_log,RAW_DEVICE_LOG_ARCHIVE,managedappdistributiond-[PHONE].000.ips
620c7a737d60c8d0a559584a64bfd0cda3ab8ec3c68e305aaba12ca5e123db29,2,15G,analytics_log,RAW_DEVICE_LOG_ARCHIVE,managedappdistributiond-[PHONE].ips
e58d7efede47dab071c79261aa3ad3a65d6e9b131f29ab908c1f15f00926ad2c,2,15G,analytics_log,RAW_DEVICE_LOG_ARCHIVE,managedappdistributiond-[PHONE].ips
c31e58385e9ad316c825aa9f203a29089e3e13f64935263348d2e21310c26c16,2,15G,analytics_log,RAW_DEVICE_LOG_ARCHIVE,managedappdistributiond-[PHONE].0002.ips
aa3af043c43e542364389f50539245c883081fe7e19d9205d924f8dc72122821,2,15G,analytics_log,RAW_DEVICE_LOG_ARCHIVE,managedappdistributiond-[PHONE].ips
879b8ab00efe6255f44235632c06b15c0765a4fc4ad535713e3427142562d7b0,2,15G,analytics_log,RAW_DEVICE_LOG_ARCHIVE,medialibraryd-[PHONE].ips
58ab7fe6bc5be44d7776bcc89bd2a117e85d10da7823c71698b8ba9d97dee616,2,15G,analytics_log,RAW_DEVICE_LOG_ARCHIVE,ospredictiond.cpu_resource-[PHONE].ips
9ebac8561250e51d0b8720a41662b6a50d17d9df8507a7012e88cf87f8e340af,2,15G,analytics_log,RAW_DEVICE_LOG_ARCHIVE,ospredictiond.cpu_resource-[PHONE].ips
4edfc5e2f94c58a455c4b80617e4beaeb291ffb1b1b6c5d962b63416512e2d1e,2,15G,analytics_log,RAW_DEVICE_LOG_ARCHIVE,Preferences-[PHONE].ips
5fe405c8a95c1577cd4d2329cb4bd6a9bc22d1810799b95a5c3c6f02d66ab877,2,15G,analytics_log,RAW_DEVICE_LOG_ARCHIVE,proactive_event_tracker-com_apple_Trial-com_apple_triald-[PHONE].ips
e9896bdae43e3a6961d5639f7ce3e70c342f1ac17a080d197092e36d5ddb0d62,2,15G,analytics_log,RAW_DEVICE_LOG_ARCHIVE,proactive_event_tracker-com_apple_Trial-com_apple_triald-[PHONE].ips
f2cd1c2984b5fcfee92a65bcca3c26c34d650edb1cfb0bff63c2e477dea37917,2,15G,analytics_log,RAW_DEVICE_LOG_ARCHIVE,ResetCounter-[PHONE].ips
301526ab261a632f31c519358e5214072db54b6a9e9d760c477f1e976dd9d57d,2,15G,analytics_log,RAW_DEVICE_LOG_ARCHIVE,ScreenshotServicesService-[PHONE].ips
3368e985bc3e28e4f23d08b1372039e37fd36a1778983846e24f8cd9eca51902,2,15G,analytics_log,RAW_DEVICE_LOG_ARCHIVE,searchd.diskwrites_resource-[PHONE].ips
432bdffb202481341a10ce68ce7f49496d88e2b128f18749c40a114b4d189ace,2,15G,analytics_log,RAW_DEVICE_LOG_ARCHIVE,SFA-ckks.json-[PHONE].ips
722fc9aa63483e7b8eff75e845af0e6d8bfd4d056f0d7f1db339284baff8b8a2,2,15G,analytics_log,RAW_DEVICE_LOG_ARCHIVE,SFA-ckks.json-[PHONE].ips
d616b716b3409eae85ed7e8fa4808121cf4d6427046d94640b78324ce451ce4f,2,15G,analytics_log,RAW_DEVICE_LOG_ARCHIVE,SFA-CloudServices.json-[PHONE].ips
10000c3a57c4212f7808a834f8bc80ceda290f9af78a6116871d8c92f22298a7,2,15G,analytics_log,RAW_DEVICE_LOG_ARCHIVE,SFA-CloudServices.json-[PHONE].ips
b1ae02e9ff5d9d9bb9438939498eb4c4edb31f269009e1f5f816016f8c191977,2,15G,analytics_log,RAW_DEVICE_LOG_ARCHIVE,SFA-local.json-[PHONE].ips
91d401f953ca7b8517a8f016797ea9236fa2522a487eb20b280ba567a9673c52,2,15G,analytics_log,RAW_DEVICE_LOG_ARCHIVE,SFA-local.json-[PHONE].ips
a1a04b7f6dc7eefdae63b30ac6823c5452358e4476b56cb6d41963ec10cfd195,2,15G,analytics_log,RAW_DEVICE_LOG_ARCHIVE,SFA-networking.json-[PHONE].ips
af90cfdca897ecce8a6288acc5ab2a25fb4a255339f958ecaa11c54f3ee4ea88,2,15G,analytics_log,RAW_DEVICE_LOG_ARCHIVE,SFA-networking.json-[PHONE].ips
05da86f4a6b51a7bb76c608ea1f29b6ea98776baa8264fb3376f524f5aa6b7c9,2,15G,analytics_log,RAW_DEVICE_LOG_ARCHIVE,SFA-pcs.json-[PHONE].0002.ips
98316ac14131522bfc9d792ff997ff308e8409a555ccde49ba2449727ade106c,2,15G,analytics_log,RAW_DEVICE_LOG_ARCHIVE,SFA-pcs.json-[PHONE].0002.ips
25b0848aaa761865633fb87ec7e3bb1375968ca83a3bc25d985bfd2433ad849c,2,15G,analytics_log,RAW_DEVICE_LOG_ARCHIVE,SFA-sos.json-[PHONE].000.ips
46055210d3b78405341725b49098e75aeadc61e6f16bc3dada47c6d15d4988f9,2,15G,analytics_log,RAW_DEVICE_LOG_ARCHIVE,SFA-sos.json-[PHONE].000.ips
d3ab43299fe8c28008fc8b6c0b68c912edf40b0726db2f6e701ed4fed1352b7f,2,15G,analytics_log,RAW_DEVICE_LOG_ARCHIVE,signpost_reporter.cpu_resource-[PHONE].ips
1bcaeee588535772b5c10a4a87ee4592b2988e74295a8e1f44fbd0886ec2989e,2,15G,analytics_log,RAW_DEVICE_LOG_ARCHIVE,SiriSearchFeedback-[PHONE].ips
623091494641e8d4690cc4ae3fb3689c55e88558fe7c39b915f6b978294d5d6f,2,15G,analytics_log,RAW_DEVICE_LOG_ARCHIVE,SiriSearchFeedback-[PHONE].ips
e13f492377205e0423d6005025180ad13ceb8a0355e93875f7d2a0a4495c6e49,2,15G,analytics_log,RAW_DEVICE_LOG_ARCHIVE,SiriSearchFeedback-[PHONE].ips
63d271e9e4f3a83d4b7185ca52a249957ef4d5a64822a0ce50bbaf5981fa2200,2,15G,analytics_log,RAW_DEVICE_LOG_ARCHIVE,SiriSearchFeedback-[PHONE].ips
a4bcdabed4a95a85c11af27f6efdc22105522ad66754a4cec92f4e2536deed18,2,15G,analytics_log,RAW_DEVICE_LOG_ARCHIVE,SiriSearchFeedback-[PHONE].ips
ca79b64427c06f9246e3423bf6e11513dfb7bcf1ba1f8f16415bb452333deaca,2,15G,analytics_log,RAW_DEVICE_LOG_ARCHIVE,SiriSearchFeedback-[PHONE].ips
055547f6d2ea6613b81ea15e187307422a03050f9b29851048684024b186f378,2,15G,analytics_log,RAW_DEVICE_LOG_ARCHIVE,SiriSearchFeedback-[PHONE].ips
8b97f8fd3d25c76b93a10a2fb8fe34ed0f5f4e2211751ee9e2d08162d0a96bc3,2,15G,analytics_log,RAW_DEVICE_LOG_ARCHIVE,SiriSearchFeedback-[PHONE].ips
175811e7f041a79b5c43a4ee4ed398f2dc53fb3393198a22b4b2bf9f373bfb74,2,15G,analytics_log,RAW_DEVICE_LOG_ARCHIVE,SiriSearchFeedback-[PHONE].000.ips
e6024a2b3cf268fdf402d09646db8ae942f03ad2b49355a44b06a00ad810e57e,2,15G,analytics_log,RAW_DEVICE_LOG_ARCHIVE,SiriSearchFeedback-[PHONE].ips
a2a35bcc2d29299112cd4f08341f182cc5241d84df86c99ec8a3f182b8e12b76,2,15G,analytics_log,RAW_DEVICE_LOG_ARCHIVE,SiriSearchFeedback-[PHONE].ips
0ae4f7cb0f2a91ef1dd89742e6bd480b8f3bf892247bd6735c1161b544d7c1b0,2,15G,analytics_log,RAW_DEVICE_LOG_ARCHIVE,SiriSearchFeedback-[PHONE].ips
62b2782fa81263702691de143815122df39c069d876d4b1443b686a5d8393ad6,2,15G,analytics_log,RAW_DEVICE_LOG_ARCHIVE,SiriSearchFeedback-[PHONE].ips
a24c1e36458b892ed6933f8e05769c97df6e80e43d0ca4ddfd40c7985219a3ac,2,15G,analytics_log,RAW_DEVICE_LOG_ARCHIVE,SiriSearchFeedback-[PHONE].ips
202427949f5306e4cda2bda756856a26f74240d5afd97fe1567b50f32e543d9d,2,15G,analytics_log,RAW_DEVICE_LOG_ARCHIVE,SiriSearchFeedback-[PHONE].ips
1e239b3894428d51d3634b633249885a8916ab486ebaa93b93c590c94e7b00d1,2,15G,analytics_log,RAW_DEVICE_LOG_ARCHIVE,SiriSearchFeedback-[PHONE].ips
9d1375a677f777d150d37d05281f4abc3866e0863cd7d836aca44ef6faa5f669,2,15G,analytics_log,RAW_DEVICE_LOG_ARCHIVE,SiriSearchFeedback-[PHONE].ips
b097ae3cdebb0043c0bf9e2fc48b0423f5545bbb3cc41de2f006459947671033,2,15G,analytics_log,RAW_DEVICE_LOG_ARCHIVE,SiriSearchFeedback-[PHONE].ips
89e8a751ed8e0e0eeab405ee3cc9c57b702d0db76ecd0f52b692e18c400768a1,2,15G,analytics_log,RAW_DEVICE_LOG_ARCHIVE,SiriSearchFeedback-[PHONE].ips
2507baabce2aaf6941032024206215d94227fb69b1fc6461bef34186fd46d376,2,15G,analytics_log,RAW_DEVICE_LOG_ARCHIVE,SiriSearchFeedback-[PHONE].ips
fd497052f3e65e82e47b2d2b60b4c06f2639c863a2866293a929fc5bf77687f9,2,15G,analytics_log,RAW_DEVICE_LOG_ARCHIVE,SiriSearchFeedback-[PHONE].ips
53d42cd350ea1f45d426ff977d476bbeed528b2d852ae9ec8ceccce6cbbf8373,2,15G,analytics_log,RAW_DEVICE_LOG_ARCHIVE,SiriSearchFeedback-[PHONE].ips
ced633ae4938ea0e93f533a13e7a1d1d8789fba376dbbc385f9df2bd4e07e010,2,15G,analytics_log,RAW_DEVICE_LOG_ARCHIVE,SiriSearchFeedback-[PHONE].ips
06c0e2445784f61110c7b5e1314875b7181933fb7e4c0c257ba8d6c23abf392a,2,15G,analytics_log,RAW_DEVICE_LOG_ARCHIVE,SiriSearchFeedback-[PHONE].ips
514c39b319718161f2c9192da932e6008e0f756e0980199ac931f086839803ae,2,15G,analytics_log,RAW_DEVICE_LOG_ARCHIVE,SiriSearchFeedback-[PHONE].ips
25eed59c39feb6627d8f2b0343bb3d10b4b97adcf4152be5f08dcdf5a17e7a1f,2,15G,analytics_log,RAW_DEVICE_LOG_ARCHIVE,SiriSearchFeedback-[PHONE].ips
ced289e40b25502dff2c69723391bf1c4d65bd580dd89f0c4ea66d5dab625d40,2,15G,analytics_log,RAW_DEVICE_LOG_ARCHIVE,SiriSearchFeedback-[PHONE].ips
a9edbebb6ce6e267fdb10ecd70e21261adbb98ae14001bc6aa6d92af91b81d8c,2,15G,analytics_log,RAW_DEVICE_LOG_ARCHIVE,stacks+bluetoothd-[PHONE].ips
d4822cf058c1163d2be00f3e19846af61f9de46db480c05e7f8adc65b13ebc2c,2,15G,analytics_log,RAW_DEVICE_LOG_ARCHIVE,stacks+bluetoothd-[PHONE].ips
3f8adecf23ddc56c3148a744ca594fc5cfb6f640ff66d2a0a2fe7b28e4b91d2f,2,15G,analytics_log,RAW_DEVICE_LOG_ARCHIVE,stacks-[PHONE].ips
2bca8a0349e7312afb03f6d2d97742c1b95abb34b39e659339820488a287f10d,2,15G,analytics_log,RAW_DEVICE_LOG_ARCHIVE,stacks-[PHONE].ips
a64f12eb5ad6b51b97d38d1e15a5e7bd0e64f6f274780227aa01dbab1bcea6c2,2,15G,analytics_log,RAW_DEVICE_LOG_ARCHIVE,stacks-[PHONE].ips
1f7403dd4e0a4747030926c40e7bc8927474a4732545086727ec0bae315e66a4,2,15G,analytics_log,RAW_DEVICE_LOG_ARCHIVE,stacks-[PHONE].ips
131b0fc3965f199c9a5e074787eaf2945815afcc724daa53124099be4c13ae15,2,15G,analytics_log,RAW_DEVICE_LOG_ARCHIVE,stacks-[PHONE].ips
6f009d8e5564cf8e4ad343d298b490ab4943c36b66b035f7660eceb8184a25d5,2,15G,analytics_log,RAW_DEVICE_LOG_ARCHIVE,stacks-[PHONE].ips
298b622adb939e6c12c593cc4c096e0875baf35fee9d8cb5cb8724f9d226117a,2,15G,analytics_log,RAW_DEVICE_LOG_ARCHIVE,stacks-[PHONE].ips
381af13572f398f4ef19d8ca82d728490627a10b119f31dbcb635479ad045e80,2,15G,analytics_log,RAW_DEVICE_LOG_ARCHIVE,stacks-[PHONE].ips
72efc29c21d9a63a1e5cd7a773babce7650cc19269555c3ba251069b587e0fc9,2,15G,analytics_log,RAW_DEVICE_LOG_ARCHIVE,stacks-[PHONE].ips
930c92fd588a8f52fd0f6e6c6b1fecca6a562a8dbf464bedf74a583e941af923,2,15G,analytics_log,RAW_DEVICE_LOG_ARCHIVE,stacks-[PHONE].ips
00a4181988a10502e94c938883ad014bf1ff4ff2944cb8dc9ec55a1f7f5c9af8,2,15G,analytics_log,RAW_DEVICE_LOG_ARCHIVE,stacks-[PHONE].ips
7155c9fbf96a510bffffbfe00d6819943ef17c4a1a4134f27705bd67ac0d3acf,2,15G,analytics_log,RAW_DEVICE_LOG_ARCHIVE,stacks-[PHONE].ips
d7872d995041c535b93773b18bc904757df8a2518bfbd81210e5aa5c0a6f8738,2,15G,analytics_log,RAW_DEVICE_LOG_ARCHIVE,stacks-[PHONE].ips
bcfe464d400c1d146a3e0c88c22ce05ad6c9de9abf30304e16589b17290a9af2,2,15G,analytics_log,RAW_DEVICE_LOG_ARCHIVE,stacks-[PHONE].ips
0c1134f48442e996c9d08f858fd1a436a459bd3435f77ea737b6c1575d1833c1,2,15G,analytics_log,RAW_DEVICE_LOG_ARCHIVE,stacks-[PHONE].ips
a70a4bc42f1801915b4fb7b5668f56334c8e0721f6bd2e13fabce5056507ac43,2,15G,analytics_log,RAW_DEVICE_LOG_ARCHIVE,stacks-[PHONE].ips
f26ad3b10b4c00c64a33536f135826bcd533db77d97e6be693223aadaa8e24ac,2,15G,analytics_log,RAW_DEVICE_LOG_ARCHIVE,stacks-[PHONE].ips
facc36af8166671cf6336579cf5cc38f3d1d4a66dc0b332146347a26e3a9d264,2,15G,analytics_log,RAW_DEVICE_LOG_ARCHIVE,stacks-[PHONE].ips
0ce9d40cb068efce24e2bb5b47c96cd4467a271e2ba968c332f4a03a6d87d59e,2,15G,analytics_log,RAW_DEVICE_LOG_ARCHIVE,stacks-[PHONE].ips
d95402802bdecbd6d38c753cd0e33f66df15502fb37260c7bf6a1f2a1b75696e,2,15G,analytics_log,RAW_DEVICE_LOG_ARCHIVE,stacks-[PHONE].ips
9fec313acbf19d6104c8d0e302b34d307ab105df541e33bc560f8703f40dad9a,2,15G,analytics_log,RAW_DEVICE_LOG_ARCHIVE,stacks-[PHONE].ips
3426c95d73a4d9a26ce897c1e6baab7d249de740c56b43eb600304544f9161de,2,15G,analytics_log,RAW_DEVICE_LOG_ARCHIVE,stacks-[PHONE].ips
e8ec38de1df24f07028cacae9b5e2dbd7186eba6b96197d1ed60a5c20661fc49,2,15G,analytics_log,RAW_DEVICE_LOG_ARCHIVE,suggestd.cpu_resource-[PHONE].ips
aa1b7a2ecb84fcc96fc09400866c3b939d24ea1674d6ed7941b081dc3647023a,2,15G,sysdiagnose,RAW_DEVICE_LOG_ARCHIVE,sysdiagnose_2026.03.18_01-51-25+0700_iPhone-OS_iPhone_22F76.tar.gz
d1836f7c351575b22efe69c4aa9152296a67b1517ed1122bc05718f9af2370ab,2,15G,sysdiagnose,RAW_DEVICE_LOG_ARCHIVE,sysdiagnose_2026.03.18_02-16-24+0700_iPhone-OS_iPhone_22F76.tar.gz
f27f53334c90f1e70dc0ffd105d8565614340faefdfea1ffefa929d697cbb43b,2,15G,sysdiagnose,RAW_DEVICE_LOG_ARCHIVE,sysdiagnose_2026.03.18_02-45-38+0700_iPhone-OS_iPhone_22F76.tar.gz
fc8070595275fd8a24780f285f93a502713c3ed8e7d3064310b82c6e1ff9497e,2,15G,sysdiagnose,RAW_DEVICE_LOG_ARCHIVE,sysdiagnose_2026.03.18_02-59-41+0700_iPhone-OS_iPhone_22F76.tar.gz
7d9ead2c5d6173cd00e955e656b0f15e5701f29e03d39672cf8142e55032e181,2,15G,sysdiagnose,RAW_DEVICE_LOG_ARCHIVE,sysdiagnose_2026.03.18_03-19-34+0700_iPhone-OS_iPhone_22F76.tar.gz
38cc8f35f6b4e96bbe4b141d14a8bde59d8070087ec0d9b83a9fee65268f0aae,2,15G,sysdiagnose,RAW_DEVICE_LOG_ARCHIVE,sysdiagnose_2026.03.18_03-46-42+0700_iPhone-OS_iPhone_22F76.tar.gz
5484b6b5b9173425f50008e819059cd3a6503be6a8051914801e6be4289fbe6d,2,15G,sysdiagnose,RAW_DEVICE_LOG_ARCHIVE,sysdiagnose_2026.03.18_04-11-45+0700_iPhone-OS_iPhone_22F76.tar.gz
1dca08263738cff09b2e890c15476d208fe514f031e6092ddde96db9ebf8317b,2,15G,sysdiagnose,RAW_DEVICE_LOG_ARCHIVE,sysdiagnose_2026.03.18_04-27-03+0700_iPhone-OS_iPhone_22F76.tar.gz
41d5f995691ef6e69b885c380ef553ee5ae53e12d6c694f5d1434997e793d785,2,15G,sysdiagnose,RAW_DEVICE_LOG_ARCHIVE,sysdiagnose_2026.03.18_04-50-53+0700_iPhone-OS_iPhone_22F76.tar.gz
18e37d3a7bc791226f8cc26034d8f6323779ba41b1b0bdd72946e2e4ae12cb58,2,15G,sysdiagnose,RAW_DEVICE_LOG_ARCHIVE,sysdiagnose_2026.03.18_06-20-20+0700_iPhone-OS_iPhone_22F76.tar.gz
bc4077efa6bbce6db300f839f1e5b47d2310d1e0b77a391c0184ca3089b4b27b,2,15G,sysdiagnose,RAW_DEVICE_LOG_ARCHIVE,sysdiagnose_2026.03.18_06-58-17+0700_iPhone-OS_iPhone_22F76.tar.gz
4b5a4c0d9d66d87657676bc07aa96d89e19361a4ca7df115b0ed5b6c35c66e8c,2,15G,sysdiagnose,RAW_DEVICE_LOG_ARCHIVE,sysdiagnose_2026.03.18_07-00-19+0700_iPhone-OS_iPhone_22F76.tar.gz
a9cc60463202437c90b96172d1098caab865926683d6519e6a65071835ce29d8,2,15G,sysdiagnose,RAW_DEVICE_LOG_ARCHIVE,sysdiagnose_2026.03.18_08-51-02+0700_iPhone-OS_iPhone_22F76.tar.gz
cb41ceb34e6b4fc3be75fed1536e8eaeda62fb9021bdc853156d163061d88e6c,2,15G,sysdiagnose,RAW_DEVICE_LOG_ARCHIVE,sysdiagnose_2026.03.18_08-58-36+0700_iPhone-OS_iPhone_22F76.tar.gz
bea9ec1c6c28ee6fadc78c503f610db0d0f831549b66c2e906838244e65465aa,2,15G,sysdiagnose,RAW_DEVICE_LOG_ARCHIVE,sysdiagnose_2026.03.18_09-35-38+0700_iPhone-OS_iPhone_22F76.tar.gz
65bfb40039836b6230ffecc08d8f56ee73700933bca3a16117687c30770fdd1c,2,15G,sysdiagnose,RAW_DEVICE_LOG_ARCHIVE,sysdiagnose_2026.03.18_09-47-13+0700_iPhone-OS_iPhone_22F76.tar.gz
e677822062b4b1df8b69b93867137f4a888495e0e605090672f7f29adda05327,2,15G,sysdiagnose,RAW_DEVICE_LOG_ARCHIVE,sysdiagnose_2026.03.18_09-49-25+0700_iPhone-OS_iPhone_22F76.tar.gz
3674abe2b264d36609eae0b3d32c41b5f6ec1ec8c97df7cc9c2486f3d6e77467,2,15G,sysdiagnose,RAW_DEVICE_LOG_ARCHIVE,sysdiagnose_2026.03.18_17-14-57+0700_iPhone-OS_iPhone_22F76.tar.gz
ed20a977848ad76ada7a5cd2fb7d32c3843b53d58ae9535183608789ae158fd8,2,15G,sysdiagnose,RAW_DEVICE_LOG_ARCHIVE,sysdiagnose_2026.03.18_17-36-29+0700_iPhone-OS_iPhone_22F76.tar.gz
34c258260e58aa13e2ecf73d2defc4b8956a0c4d62bc2776ce5220f8c9af2371,2,15G,sysdiagnose,RAW_DEVICE_LOG_ARCHIVE,sysdiagnose_2026.03.18_18-02-07+0700_iPhone-OS_iPhone_22F76.tar.gz
a49d5cab5852f47daabf64fdd3eaf549baf91dfc91f26a8bebb40c7d720d755f,2,15G,sysdiagnose,RAW_DEVICE_LOG_ARCHIVE,sysdiagnose_2026.03.18_19-56-48+0700_iPhone-OS_iPhone_22F76.tar.gz
0799a8bf911797bba45f27d1ce93512b02d8d0c57e7ee0f1b89522c1657202e7,2,15G,sysdiagnose,RAW_DEVICE_LOG_ARCHIVE,sysdiagnose_2026.03.18_21-57-58+0700_iPhone-OS_iPhone_22F76.tar.gz
60e88ca69a2736d74930214189e684ed63b12e4bb1d44794e795167ba969ba66,2,15G,sysdiagnose,RAW_DEVICE_LOG_ARCHIVE,sysdiagnose_2026.03.18_22-22-11+0700_iPhone-OS_iPhone_22F76.tar.gz
092fcc3f7abbaf7f26ef034c410cf39931cc8b3024701f14fea77739a8adc3f3,2,15G,sysdiagnose,RAW_DEVICE_LOG_ARCHIVE,sysdiagnose_2026.03.18_22-40-45+0700_iPhone-OS_iPhone_22F76.tar.gz
b1adc5dd4992da65590b39d46a8f1b4d9d0a0ae55578c2cff18bb14706c40d44,2,15G,sysdiagnose,RAW_DEVICE_LOG_ARCHIVE,sysdiagnose_2026.03.18_23-28-57+0700_iPhone-OS_iPhone_22F76.tar.gz
7a17b7c6dfb3231e040d87d6b5202e99238a91c804379fbb45d864055d3efe75,2,15G,analytics_log,RAW_DEVICE_LOG_ARCHIVE,UsageTrackingAgent-[PHONE].ips
d95ee5bd19258834d680dcaf7e24c62ebc30de3e4290b6d3c49b2bed592a57bd,2,15G,analytics_log,RAW_DEVICE_LOG_ARCHIVE,xp_amp_app_usage_dnu-[PHONE].ips
7e909a46580c5a6921f6f8d3778453c09ca91d4218650129ba67c137f5c0482c,2,15G,analytics_log,RAW_DEVICE_LOG_ARCHIVE,xp_amp_app_usage_dnu-[PHONE].ips
bdfd913bd7c2d69de2e785e9f1b3ad1feff433b25ad4d60815209e7aec2411ee,2,15G,sysdiagnose,RAW_DEVICE_LOG_ARCHIVE,sysdiagnose_2026.03.19_19-34-18+0700_iPhone-OS_iPhone_22F76.tar.gz
67ea9a1118dce3f08760e40700c46ab784a7d9609f2d9462b8cd1eb5a706adbe,2,15G,json_summary,RAW_DEVICE_LOG_ARCHIVE,com.apple.searchd-[PHONE].json
deb9fbf110d33aa9becec373c4a11b635ddd9c488c5365e9e9c4fcbcc7e91109,2,15G,rtcr,RAW_DEVICE_LOG_ARCHIVE,RTCReporting_messageLog_2026-[PHONE].txt
241a1e02ba127b1777d73866d835083cae0b993829ff6b503cf86789659a58d9,2,15G,rtcr,RAW_DEVICE_LOG_ARCHIVE,RTCReporting_messageLog_2026-[PHONE].txt
0c4a13210a083c2185c91b4009d728390a7f4e3e022f31b105da76b0493682ad,2,15G,analytics_log,RAW_DEVICE_LOG_ARCHIVE,AlipayWallet-[PHONE].ips
f1c2a832b3308d435d21bdcced829b642f3e0782082133962941cf4bb654c49f,2,15G,analytics_synced,RAW_DEVICE_LOG_ARCHIVE,Analytics-[PHONE].ips.ca.synced
1e40522f5c23453786475475e59ebc448d16c09bbdcd24c8785cc610f625ee07,2,15G,analytics_synced,RAW_DEVICE_LOG_ARCHIVE,Analytics-[PHONE].ips.ca.synced
32c27f33ffb4c49f8aff2105846179bfe8545ea3c7c6ef5dde198964f3dc97d4,2,15G,analytics_log,RAW_DEVICE_LOG_ARCHIVE,analyticsagent-[PHONE].000.ips
47e0034b70dfcef49a80ee40b70056ff7857709e82dcc3e6b4b5dbcf8f3f882a,2,15G,analytics_log,RAW_DEVICE_LOG_ARCHIVE,assetsd.cpu_resource-[PHONE].ips
755efd1f8e4f976de38d67c4baa64598f93c6e1a6e003f947ae163a05ff75122,2,15G,analytics_log,RAW_DEVICE_LOG_ARCHIVE,assistantd-[PHONE].ips
04934a5a9e93b20b553e2bf8fecaf831ddd6693758d8622afa91858b4ed83478,2,15G,analytics_log,RAW_DEVICE_LOG_ARCHIVE,BackgroundShortcutRunner.cpu_resource-[PHONE].ips
438eaba4e39bc0b07f6e2ca0ca7c1e199e86ccd544783ed536bf5bf8dddb0c71,2,15G,analytics_log,RAW_DEVICE_LOG_ARCHIVE,coreduetd-[PHONE].000.ips
5ca232869a83610efb91353cdcac4c35d0fcec6f616bd4c93b81d47af9eab209,2,15G,analytics_log,RAW_DEVICE_LOG_ARCHIVE,duetexpertd.cpu_resource-[PHONE].ips
1c379d588b2beb9201d8944370fd799f48a4d1da6a84cbda03632ff875a48241,2,15G,analytics_log,RAW_DEVICE_LOG_ARCHIVE,forceReset-full-[PHONE].000.ips
4c6ddf2284b5526bf78cdbff6d8397f5c44400c09114f8b081ba784628be5912,2,15G,analytics_log,RAW_DEVICE_LOG_ARCHIVE,JetsamEvent-[PHONE].ips
76b8d6da9f759eeef0c089439787231f5cae126534a5a4dfcddf3dfbc1e80638,2,15G,analytics_log,RAW_DEVICE_LOG_ARCHIVE,JetsamEvent-[PHONE].ips
4cd3336a84cd93df7fba37a150e8d6ab03f93f08cc1082ad5c57cd2bd8b6e86a,2,15G,analytics_log,RAW_DEVICE_LOG_ARCHIVE,JetsamEvent-[PHONE].ips
357d045a3b7f3ff468aad26541ed103d6a3a1a734c483841e2a6f38adaa867b0,2,15G,analytics_log,RAW_DEVICE_LOG_ARCHIVE,JetsamEvent-[PHONE].ips
f0042348f761c5daf759be9fc7bd64ce8cb2aab363c40bd7b9359f6d940ac1e2,2,15G,analytics_log,RAW_DEVICE_LOG_ARCHIVE,maild-[PHONE].ips
abe966a43fa769bbfdedec194f623419fc5439e456805cc780eee9a7c562fe12,2,15G,analytics_log,RAW_DEVICE_LOG_ARCHIVE,maild-[PHONE].ips
4994ac1e112e8d902a14ac8743fea7c4f53104eda77cdcde73fecfc4bc741d63,2,15G,analytics_log,RAW_DEVICE_LOG_ARCHIVE,maild-[PHONE].ips
8fd6e62e9aa7687cc9462259151076b2466abb8b8ea30e41e7e08e7986ea4d5d,2,15G,analytics_log,RAW_DEVICE_LOG_ARCHIVE,maild-[PHONE].ips
e603eb55a812b4cb4f40261ed1ff19398fcf577d4fc1d71888cc1e0addcd896f,2,15G,analytics_log,RAW_DEVICE_LOG_ARCHIVE,managedappdistributiond-[PHONE].ips
2afe68dbff4b6dd5a886e7b00686edc065d95256b9dcab9a10ab877833a77c61,2,15G,analytics_log,RAW_DEVICE_LOG_ARCHIVE,managedappdistributiond-[PHONE].000.ips
6e6d66d48829481536d62da24137e91f9e9a09f83bf6308e1d969cd49286f3d4,2,15G,analytics_log,RAW_DEVICE_LOG_ARCHIVE,managedappdistributiond-[PHONE].ips
5344b4298e7818da95a2724172406e7f206de7b3b99d8990a1482e6fc28c3253,2,15G,analytics_log,RAW_DEVICE_LOG_ARCHIVE,managedappdistributiond-[PHONE].ips
4025349f5688d42c4d2dbe7b378b8f0e51c4f5566e43238b33bd1dd74cfd9dad,2,15G,analytics_log,RAW_DEVICE_LOG_ARCHIVE,managedappdistributiond-[PHONE].ips
f122d5d6d4cea47b4dbd46849ddf19ace06e3a6516f410bdaa49fe9c4fa4fb93,2,15G,analytics_log,RAW_DEVICE_LOG_ARCHIVE,Preferences-[PHONE].ips
1183ec17458ba66627d41a15802415a91c4e25464ff2468f87a3639c39238c80,2,15G,analytics_log,RAW_DEVICE_LOG_ARCHIVE,proactive_event_tracker-com_apple_Trial-com_apple_triald-[PHONE].ips
61635af2f0f4db3a7e0eda1b5336ef42d23a279f7bfdeffce5ec2b6b13882fca,2,15G,analytics_log,RAW_DEVICE_LOG_ARCHIVE,ResetCounter-[PHONE].ips
57caff945c8b058c4ea10998c77c4d7573e37bbd99b96ac1f3d19c997da19633,2,15G,rtcr,RAW_DEVICE_LOG_ARCHIVE,RTCReporting_messageLog_2026-[PHONE].txt
7515e98352584345defa838ead81f2105813d0e4b759935721483afc3b0e0dcb,2,15G,rtcr,RAW_DEVICE_LOG_ARCHIVE,RTCReporting_messageLog_2026-[PHONE].txt
2894ee155ed7c2589da0cf7c4941ded317dd9fae670ea04581b41c1ef3589418,2,15G,analytics_log,RAW_DEVICE_LOG_ARCHIVE,ScreenshotServicesService-[PHONE].000.ips
68632db0b2ed9301668a0e5edcf9617180cbc86564cb31b1f2f0e6ba518457b4,2,15G,analytics_log,RAW_DEVICE_LOG_ARCHIVE,searchd-[PHONE].ips
7b6e4643adda24a87f8373e1cb7b99bc18a2dc5a2e66e39421aeb45bd304059e,2,15G,analytics_log,RAW_DEVICE_LOG_ARCHIVE,searchd-[PHONE].ips
3b0d2f03eb56ec035223581dc1b6f09b8298de042147d7f5ae2abeb35b6d6146,2,15G,analytics_log,RAW_DEVICE_LOG_ARCHIVE,ServiceExtension-[PHONE].ips
c92e44a82d1404b9fbea1cd8d013d8979ef674dd9f028ac6268a301d7d1f1f93,2,15G,analytics_log,RAW_DEVICE_LOG_ARCHIVE,SFA-ckks.json-[PHONE].ips
e66233afd715cc4d3797777dfafc13a91e91ddabf32eef0a8d6c5f5bc15d5274,2,15G,analytics_log,RAW_DEVICE_LOG_ARCHIVE,SFA-ckks.json-[PHONE].ips
abc2199e0561a53c800c51c198bebd87883d5f51fa506146ea69e05a8331f242,2,15G,analytics_log,RAW_DEVICE_LOG_ARCHIVE,SFA-CloudServices.json-[PHONE].ips
ba821102c8baf11f5fa8ecc4688c83bc9e9ce06e20ed8d858e004015a530b1a7,2,15G,analytics_log,RAW_DEVICE_LOG_ARCHIVE,SFA-CloudServices.json-[PHONE].ips
bfa2fe037ebf48170abb393036adec6cebec258b52e489f4cdc13cf5d679e1ca,2,15G,analytics_log,RAW_DEVICE_LOG_ARCHIVE,SFA-local.json-[PHONE].000.ips
3239e1fad6b27db4202bd3be662fb003f0ebb13635ac697afd2b822a0131e3f3,2,15G,analytics_log,RAW_DEVICE_LOG_ARCHIVE,SFA-local.json-[PHONE].ips
22913cec057706659a18af655efb0d12d82f1f2aa059959e2d683eeefeb8aaa9,2,15G,analytics_log,RAW_DEVICE_LOG_ARCHIVE,SFA-networking.json-[PHONE].000.ips
253f5f1e73d08097fa41aaacfe783b07a1f9131619c4f089e262ec3702928808,2,15G,analytics_log,RAW_DEVICE_LOG_ARCHIVE,SFA-networking.json-[PHONE].ips
b453d3c09aabd8383976736ffde9936d14078c14c092dc787314983898dbc54b,2,15G,analytics_log,RAW_DEVICE_LOG_ARCHIVE,SFA-pcs.json-[PHONE].ips
2340b18ee08e677e10796d2661eed1e7df226a837879f95708c636be54f8f4ea,2,15G,analytics_log,RAW_DEVICE_LOG_ARCHIVE,SFA-pcs.json-[PHONE].0002.ips
1dfdb536c04dcaa8a6bf44c3795a4f46d822baea63c50333b20aff5d94c211c2,2,15G,analytics_log,RAW_DEVICE_LOG_ARCHIVE,SFA-sos.json-[PHONE].000.ips
880d7ffc7347033eeb3b5d05b679e77e76c4a1c3ed7373c9e9cd6ac81e2f518e,2,15G,analytics_log,RAW_DEVICE_LOG_ARCHIVE,SFA-sos.json-[PHONE].000.ips
e7405d9cd639c98e018aa9e4ece5edd3e8ce229ba55fc7ad7799733d348c963d,2,15G,analytics_log,RAW_DEVICE_LOG_ARCHIVE,SiriSearchFeedback-[PHONE].ips
deaa8a12dd7443410b446e80321dd59726f6bdc81a5b7f4dbee12cabe62c2986,2,15G,analytics_log,RAW_DEVICE_LOG_ARCHIVE,SiriSearchFeedback-[PHONE].ips
4a7cbe648b1e442e89d8b926ba53d9bb7e155bdaac840798faa49da30c33b880,2,15G,analytics_log,RAW_DEVICE_LOG_ARCHIVE,SiriSearchFeedback-[PHONE].ips
cd8d7d80c6f3fa1b18cdbce971c67061192e2fa9b87f566e7cc8609bccefbc4f,2,15G,analytics_log,RAW_DEVICE_LOG_ARCHIVE,SiriSearchFeedback-[PHONE].ips
fb5a95cfeb42d9cb2f72703091fcd624824a52928a59650874f3013c51a5c319,2,15G,analytics_log,RAW_DEVICE_LOG_ARCHIVE,SiriSearchFeedback-[PHONE].000.ips
9e29ee4f8f2405b32fe56156222b80bb79d028ab5fe37d8a3c71ca53122db643,2,15G,analytics_log,RAW_DEVICE_LOG_ARCHIVE,SiriSearchFeedback-[PHONE].ips
302661b781fe3c2e3c406ad91a44b3e20c87c2c5896e6e3598e6ba568a17605b,2,15G,analytics_log,RAW_DEVICE_LOG_ARCHIVE,SiriSearchFeedback-[PHONE].ips
333f86a78a9eda2488ab330adfebddcb98f27098552223d4f500d313454e4d97,2,15G,analytics_log,RAW_DEVICE_LOG_ARCHIVE,SiriSearchFeedback-[PHONE].ips
30bb75bff25ad794e7019093717089a60e1f783e022f22bc6bf20c5a31d0937d,2,15G,analytics_log,RAW_DEVICE_LOG_ARCHIVE,SiriSearchFeedback-[PHONE].ips
ee135f7c81b223730073a0e4b44aa26404581bca3d32850077797ab95662770a,2,15G,analytics_log,RAW_DEVICE_LOG_ARCHIVE,SiriSearchFeedback-[PHONE].ips
8c9ca6ed5513345036935fcb31bcaa52597a8dfc492488fad163b49a196d1d5b,2,15G,analytics_log,RAW_DEVICE_LOG_ARCHIVE,stacks-[PHONE].ips
bf7a19a1f6da61a9045e213804d1cf7d6d9e06ad821524b6874578ed79a1a671,2,15G,analytics_log,RAW_DEVICE_LOG_ARCHIVE,stacks-[PHONE].ips
b89f8e0b58166a30085b6678ef9988332c346833f89afb8ec4214feac6983466,2,15G,analytics_log,RAW_DEVICE_LOG_ARCHIVE,stacks-[PHONE].ips
b1cb014723840bc1cd4c740b989ddcfce51532f5f20d7c92ade7cb46020e6223,2,15G,analytics_log,RAW_DEVICE_LOG_ARCHIVE,stacks-[PHONE].ips
3bba8ef9b09f5c768f21884be7ef02834c31ff70c2500c194e793bb69577be35,2,15G,sysdiagnose,RAW_DEVICE_LOG_ARCHIVE,sysdiagnose_2026.03.22_18-55-45+0700_iPhone-OS_iPhone_22F76.tar.gz
209d02f4f70c29e2645f1855be8641fb6c77fb85e5a6c9af3d568b9af500b05f,2,15G,sysdiagnose,RAW_DEVICE_LOG_ARCHIVE,sysdiagnose_2026.03.23_07-06-48+0700_iPhone-OS_iPhone_22F76.tar.gz
2f13cad73996d2dc4783443065ff5246c4997f84e36d880bb9e87041c9955423,2,15G,sysdiagnose,RAW_DEVICE_LOG_ARCHIVE,sysdiagnose_2026.03.23_20-11-54+0700_iPhone-OS_iPhone_22F76.tar.gz
b353e16a446cc62501b651af495ed5c2f9b29facefacf5b6e8152daaf36983fc,2,15G,sysdiagnose,RAW_DEVICE_LOG_ARCHIVE,sysdiagnose_2026.03.23_20-34-35+0700_iPhone-OS_iPhone_22F76.tar.gz
f04a9551e3fa18d3f82b703bdc106a0560a3bf545e5f5e0e76d28754bec3b3b5,2,15G,sysdiagnose,RAW_DEVICE_LOG_ARCHIVE,sysdiagnose_2026.03.23_22-31-54+0700_iPhone-OS_iPhone_22F76.tar.gz
7ce16f4bffc95dfd6cbee0aadf538e28aaf1880c349ec1c64ab0db8bab4568f7,2,15G,analytics_log,RAW_DEVICE_LOG_ARCHIVE,WhatsApp-[PHONE].ips
8403a28c6d4cccc12e3a55ca381be1b69fc0832912e02e716f785116b59302ba,2,15G,analytics_log,RAW_DEVICE_LOG_ARCHIVE,WhatsApp-[PHONE].ips
291787b421ac2abb90a0f1017cfad816cdd7bfac39442187904f50e633c5841f,2,15G,analytics_log,RAW_DEVICE_LOG_ARCHIVE,WhatsApp-[PHONE].ips
f42bb71fb83e7486ba5cf7b88b2d15dbe9ba3d3f0dcf241ebeeffd8abedcba37,2,15G,analytics_log,RAW_DEVICE_LOG_ARCHIVE,xp_amp_app_usage_dnu-[PHONE].ips
e5652cd12acfeadac62ae7be6a89f83a3e4f05a21a4fa6601010f6fd71ed475d,2,15G,analytics_log,RAW_DEVICE_LOG_ARCHIVE,xp_amp_app_usage_dnu-[PHONE].ips
106c21c18307e556a8eddc4deb0a9c7bfc986efe3d811f2506f386dacd796c73,2,15G,analytics_synced,RAW_DEVICE_LOG_ARCHIVE,Analytics-[PHONE].ips.ca.synced
bfd95e03de9515ab97ed25a23b17c507b4abbb01d563b87d9f6896ad903d61d5,2,15G,analytics_synced,RAW_DEVICE_LOG_ARCHIVE,Analytics-[PHONE].ips.ca.synced
665d167e7acfcb523d3d2cb489f32901db4f5a8e2a832465b3d3d37bb614ed69,2,15G,analytics_log,RAW_DEVICE_LOG_ARCHIVE,assetsd-[PHONE].000.ips
ffa97d018e15980987b21e1cd43cde7aaeb8d060e334af5e03513f17677bec53,2,15G,analytics_log,RAW_DEVICE_LOG_ARCHIVE,assetsd-[PHONE].ips
e27bb10933aab58c8f8d5d70843f8558203948b25ab55d583ee7b8f8439c59e5,2,15G,analytics_log,RAW_DEVICE_LOG_ARCHIVE,assetsd.cpu_resource-[PHONE].ips
004bde675f05923f434fbe8e8c98102ed0f9d4d7a18b05afe480a9a72aa125b8,2,15G,analytics_log,RAW_DEVICE_LOG_ARCHIVE,assetsd.cpu_resource-[PHONE].ips
0c6953198e79be9d1f6ef7cfc706c228652845ded0477e08ca5890cb0f9a4e53,2,15G,analytics_log,RAW_DEVICE_LOG_ARCHIVE,cloudd.diskwrites_resource-[PHONE].ips
de83ec275569981da39c688565ed1385cf87c4ad2131204993738703e64a3564,2,15G,analytics_log,RAW_DEVICE_LOG_ARCHIVE,cloudphotod.cpu_resource-[PHONE].ips
5865463ccef45042a0e49f6ef4c90da9d168932e1aba21dc3c14af2f958b177a,2,15G,analytics_log,RAW_DEVICE_LOG_ARCHIVE,cloudphotod.diskwrites_resource-[PHONE].ips
9f82d4ab77bc68201732225a553e378f7c4a57931dbeca56eddddffdb07ba310,2,15G,analytics_log,RAW_DEVICE_LOG_ARCHIVE,com.apple.quicklook.ThumbnailsAgent-[PHONE].ips
f3fa4171538b2de2b2c3a7a057183470a410d454567f4fc28ef68800d6e3f24f,2,15G,analytics_log,RAW_DEVICE_LOG_ARCHIVE,duetexpertd.cpu_resource-[PHONE].ips
f9213df8f6a0f3319b8679ceda12555f098579dfdb765d2a2d90bd8c00f3018c,2,15G,analytics_log,RAW_DEVICE_LOG_ARCHIVE,ecosystemanalyticsd.cpu_resource-[PHONE].ips
5228d6cf7212d8786dbb5aee3b9cf0ed95972b645f0bd208a805042605b9e8cf,2,15G,analytics_log,RAW_DEVICE_LOG_ARCHIVE,forceReset-full-[PHONE].0002.ips
99c899de9fc564ca8b2262093e670c17fae73a22f8bdc87ee4ea55e9c0fb3816,2,15G,analytics_log,RAW_DEVICE_LOG_ARCHIVE,forceReset-full-[PHONE].0002.ips
9dcc0676b7fabdd3129c145cc1efc391f3b3e88d6f154c16065b00c546a7c346,2,15G,analytics_log,RAW_DEVICE_LOG_ARCHIVE,forceReset-full-[PHONE].0002.ips
1686d2b06bbc834e78aed50f2ff3bb37c109594ef8e438515c6161e95bee2de1,2,15G,analytics_log,RAW_DEVICE_LOG_ARCHIVE,JetsamEvent-[PHONE].ips
9c9049a94b86e50623ef9f67de16995dc32c2c9828c2182ad733a5771a60cc0c,2,15G,analytics_log,RAW_DEVICE_LOG_ARCHIVE,JetsamEvent-[PHONE].ips
68f7fe81bf3d6a4fe01e7affe6e3ecd453639d31ea449f94377bc414a8df21b2,2,15G,analytics_log,RAW_DEVICE_LOG_ARCHIVE,JetsamEvent-[PHONE].ips
d6a304a631b33a1a2bd7ba6457ccdc2ef9c5292a453a476ad85d0e60d6be1274,2,15G,analytics_log,RAW_DEVICE_LOG_ARCHIVE,JetsamEvent-[PHONE].ips
026f757aad5bfda8977552cc561f585ce98d914581b068c2d0b293f19d49e0bf,2,15G,analytics_log,RAW_DEVICE_LOG_ARCHIVE,maild-[PHONE].000.ips
b054eac385061136f6b67129587e7a50a512fd8a317e7b24d76a3d6d9a5e060f,2,15G,analytics_log,RAW_DEVICE_LOG_ARCHIVE,maild-[PHONE].ips
13206e692d0c472ab655ec74f0b21572abf2d65cbc0a95ac0a3f48060f31e488,2,15G,analytics_log,RAW_DEVICE_LOG_ARCHIVE,managedappdistributiond-[PHONE].000.ips
98172b9a7f9430d1c7ef50ae5aca69f74e0442227b587bafb19a7952b17306f6,2,15G,analytics_log,RAW_DEVICE_LOG_ARCHIVE,proactive_event_tracker-com_apple_Trial-com_apple_triald-[PHONE].ips
7732cad3935c0f76d1aa10a59be42fa3603c6fe7c2cc5c89b123f87319aa1ecb,2,15G,analytics_log,RAW_DEVICE_LOG_ARCHIVE,ResetCounter-[PHONE].ips
404835ecd3f6086d2d07b26d5851d40257235c3fc0668471d2be112393074031,2,15G,analytics_log,RAW_DEVICE_LOG_ARCHIVE,ResetCounter-[PHONE].ips
8f191927bfd7a14c76fdf0fbae206ba7ab8d5b61c19a3bd7d9b056b2a03b3aff,2,15G,analytics_log,RAW_DEVICE_LOG_ARCHIVE,ResetCounter-[PHONE].ips
b11c380bd8be2e3939b6cb4e13d9200b7b082010337d9d225b15c13f4a33caf4,2,15G,rtcr,RAW_DEVICE_LOG_ARCHIVE,RTCReporting_messageLog_2026-[PHONE].txt
960ce29246a36368c8d76f998c35bca777709818169d48946029fcfa81414104,2,15G,rtcr,RAW_DEVICE_LOG_ARCHIVE,RTCReporting_messageLog_2026-[PHONE].txt
af86a2825e3b6fdd4cd938ca46be906e65e38236938b4f670791a09ebc57c33f,2,15G,analytics_log,RAW_DEVICE_LOG_ARCHIVE,SaveToFiles-[PHONE].ips
e47b69a0c0286669628bbfb8ca491daaca182f775853fc9c6eaa2e68816b12be,2,15G,analytics_log,RAW_DEVICE_LOG_ARCHIVE,ScreenshotServicesService-[PHONE].ips
f9d531b1843e1b1a9d82e43b9956be163b0ae5502fd373d45ac2ef957a7254a8,2,15G,analytics_log,RAW_DEVICE_LOG_ARCHIVE,SFA-ckks.json-[PHONE].ips
0af8e70597de7602a95ae9854ae879be4234deeae8426c9ba072b6815cea7260,2,15G,analytics_log,RAW_DEVICE_LOG_ARCHIVE,SFA-CloudServices.json-[PHONE].ips
025ce380facff65ebfa2f4e2b6da361469cd6fd774cb5e7b8c5de9fe078b081f,2,15G,analytics_log,RAW_DEVICE_LOG_ARCHIVE,SFA-local.json-[PHONE].000.ips
3c8159836214165eda982f42793dea5db8b8583cd481c541811a25922b41a65e,2,15G,analytics_log,RAW_DEVICE_LOG_ARCHIVE,SFA-networking.json-[PHONE].000.ips
e83ff540fe9ce5d74331b5e4188db2f001e31fce4e8483a9b333bce3a496bdb2,2,15G,analytics_log,RAW_DEVICE_LOG_ARCHIVE,SFA-pcs.json-[PHONE].ips
fac7fe226d653fc3f18ece68ee2f0ad725ea1f3163f703b930fddb62f598cb52,2,15G,analytics_log,RAW_DEVICE_LOG_ARCHIVE,SFA-sos.json-[PHONE].000.ips
29a14a8807d8d7123cc7d26d288b9d9f7bd77e5565605b406f391bf0409a6fc8,2,15G,analytics_log,RAW_DEVICE_LOG_ARCHIVE,signpost_reporter.cpu_resource-[PHONE].ips
81cefb333b2f5a5a3eadd4ade8594587954480fd2514f9b35f52b90abe472f29,2,15G,analytics_log,RAW_DEVICE_LOG_ARCHIVE,SiriSearchFeedback-[PHONE].ips
9f9e8a7decfe919c0023398937a2c82dad575de4740afdfc7f3c1443f80c815c,2,15G,analytics_log,RAW_DEVICE_LOG_ARCHIVE,SiriSearchFeedback-[PHONE].ips
957550142cbb4463f432f99aae1bd88dc811e3811eaa48101a39923c9b711b9d,2,15G,analytics_log,RAW_DEVICE_LOG_ARCHIVE,SiriSearchFeedback-[PHONE].ips
8dbba32516cbf3316de7554efa0f8bd1a034d14fffbd316b2b8429304f7acf5c,2,15G,analytics_log,RAW_DEVICE_LOG_ARCHIVE,SiriSearchFeedback-[PHONE].ips
34c3ed7ebd0733da27fc6073afdde30862d34fe27045d287457d87c3ac76b14e,2,15G,analytics_log,RAW_DEVICE_LOG_ARCHIVE,SiriSearchFeedback-[PHONE].ips
d84afa00d97e751c6c784ed667927404300b74b826690b4ca3dd594b79ccb294,2,15G,analytics_log,RAW_DEVICE_LOG_ARCHIVE,SiriSearchFeedback-[PHONE].ips
2270ce27d00530148f260fe053e1c99832a1d0d42ae88232bf707bc8e6b1f61e,2,15G,analytics_log,RAW_DEVICE_LOG_ARCHIVE,SiriSearchFeedback-[PHONE].ips
07e81f6fd334b6499c38ace43afc4a5ccfc0f52f0138832088e0205833cef40a,2,15G,analytics_log,RAW_DEVICE_LOG_ARCHIVE,SiriSearchFeedback-[PHONE].ips
bf3be02c82e0e0c53150344e323762a6da836c062a898148fef5177627c3e188,2,15G,analytics_log,RAW_DEVICE_LOG_ARCHIVE,SiriSearchFeedback-[PHONE].ips
29cc3fd3bd6807e93785827235923edf1ac3ea61d7707c9778068f323b5ffa6b,2,15G,analytics_log,RAW_DEVICE_LOG_ARCHIVE,SiriSearchFeedback-[PHONE].ips
13cff4741bdaf8fad76d79e53b4c0f824aa30a971b19deee92027a223a2f70b8,2,15G,analytics_log,RAW_DEVICE_LOG_ARCHIVE,SiriSearchFeedback-[PHONE].ips
04d6618ce4a1b732c8d1b4b7986f4c243b2f659fdb4664dde8ddf6bdb8f2cd9e,2,15G,analytics_log,RAW_DEVICE_LOG_ARCHIVE,SiriSearchFeedback-[PHONE].ips
6cac088d2840732f8302abcd417e4f527f864bd1441036c2d205290a036766a1,2,15G,analytics_log,RAW_DEVICE_LOG_ARCHIVE,SiriSearchFeedback-[PHONE].ips
2f9f1cddc3c9f46b0e45f34087f302ef4a7224afe46fabc85fc6937c1f5c606c,2,15G,analytics_log,RAW_DEVICE_LOG_ARCHIVE,SiriSearchFeedback-[PHONE].ips
0491edea8fffe3f848c2c330f331c89a213101ad6fadfdc9a88162ffb99b3dca,2,15G,analytics_log,RAW_DEVICE_LOG_ARCHIVE,stacks-[PHONE].ips
b47c9d2af6020503ca3f7e877c6f6383e7117814e6ba4c1d7305d265bc5b227e,2,15G,analytics_log,RAW_DEVICE_LOG_ARCHIVE,stacks-[PHONE].ips
008fe47e918f4d3383c3a7641b866ee204464302a854332baf70262ee6dae15e,2,15G,analytics_log,RAW_DEVICE_LOG_ARCHIVE,stacks-[PHONE].ips
92e3b39e1ad974e4a6e59e485d10947dc828b41c7a6986e1f13e327f7ef5a217,2,15G,analytics_log,RAW_DEVICE_LOG_ARCHIVE,stacks-[PHONE].ips
d24aefc032b893f3c1f1bf5ec5bbfd400bcaf1105079cd1ebce46da6b9c92433,2,15G,analytics_log,RAW_DEVICE_LOG_ARCHIVE,stacks-[PHONE].ips
4b9f64f004a6eced90ebbdb42c8b946f3f24be174b5217051620e61321472626,2,15G,analytics_log,RAW_DEVICE_LOG_ARCHIVE,stacks-[PHONE].ips
d26ff66fa35d6de9d318d8d1b3d110c8e2db803096ad22d82582a7faf2453719,2,15G,analytics_log,RAW_DEVICE_LOG_ARCHIVE,stacks-[PHONE].ips
671c22e359ba04091d0d829cffbe8d3404e5408632ce910c77dca720cbfa7640,2,15G,analytics_log,RAW_DEVICE_LOG_ARCHIVE,stacks-[PHONE].ips
3f58490552be5f778acfca2202af6b98e0a4224a9fc2e6929c449e09fe2abe4e,2,15G,analytics_log,RAW_DEVICE_LOG_ARCHIVE,stacks-[PHONE].ips
2b5b715a7a9a223a5a2fb15c417d4ad7b25759796e48baf39eb20906f89933cb,2,15G,analytics_log,RAW_DEVICE_LOG_ARCHIVE,stacks-[PHONE].ips
65ea36c78a9395bbc22fe1e6442e2f447ba3ed48747967ade918f323b7c9c852,2,15G,analytics_log,RAW_DEVICE_LOG_ARCHIVE,stickersd-[PHONE].ips
7b8de25fa5dd28f6de2fa2afa578cc8d1b31ea1db1aa7b0290e3eb8e7eceb793,2,15G,analytics_log,RAW_DEVICE_LOG_ARCHIVE,suggestd.cpu_resource-[PHONE].ips
ddbac3e7b0174bbbee0edd07c16a7844602ab2875c66c7eb064173bdf8048661,2,15G,sysdiagnose,RAW_DEVICE_LOG_ARCHIVE,sysdiagnose_2026.03.24_02-26-34+0700_iPhone-OS_iPhone_22F76.tar.gz
9c6396484239d7c176479d9717e84d60721dee3a5bff1c4c3f5e9e1749db3750,2,15G,sysdiagnose,RAW_DEVICE_LOG_ARCHIVE,sysdiagnose_2026.03.24_02-54-43+0700_iPhone-OS_iPhone_22F76.tar.gz
2e39c70425a8022f3d5d0fdc80f215f53f50d7a96f8a7e9db6181023238c7c0a,2,15G,sysdiagnose,RAW_DEVICE_LOG_ARCHIVE,sysdiagnose_2026.03.24_03-00-34+0700_iPhone-OS_iPhone_22F76.tar.gz
8e00ecc5e5740e9e20ba4e84fae6fb9458ebbc1e79149bce5275d67c0847fd2a,2,15G,sysdiagnose,RAW_DEVICE_LOG_ARCHIVE,sysdiagnose_2026.03.24_04-25-09+0700_iPhone-OS_iPhone_22F76.tar.gz
df8732e8ba74e0f0e5023f965f561079961722700aa9c1aefebd89dbe0df05b9,2,15G,sysdiagnose,RAW_DEVICE_LOG_ARCHIVE,sysdiagnose_2026.03.24_07-01-10+0700_iPhone-OS_iPhone_22F76.tar.gz
ef98f68b041cea20b8c019978cbc0002a76e1bc6ee8914b5943ef28efb20508d,2,15G,sysdiagnose,RAW_DEVICE_LOG_ARCHIVE,sysdiagnose_2026.03.24_08-51-07+0700_iPhone-OS_iPhone_22F76.tar.gz
7ce7ac2037abb4971d0dfd918adcdadc118a8a3c8a63f572f5f7de8f690d1034,2,15G,sysdiagnose,RAW_DEVICE_LOG_ARCHIVE,sysdiagnose_2026.03.24_11-44-01+0700_iPhone-OS_iPhone_22F76.tar.gz
c8238db6da7804dc8b57ca21a0270bd0960164eeaca410c506d9b1d54bde9fea,2,15G,sysdiagnose,RAW_DEVICE_LOG_ARCHIVE,sysdiagnose_2026.03.24_20-44-32+0700_iPhone-OS_iPhone_22F76.tar.gz
9a37b38561a008d6452ca9af17660b94c04d0daabde3da964bdf1bb733b476b2,2,15G,analytics_log,RAW_DEVICE_LOG_ARCHIVE,Twitter-[PHONE].ips
c694fb25341bf77314ef6cc8545ca140cf92829fa22487e576ee00f5fc309a08,2,15G,analytics_log,RAW_DEVICE_LOG_ARCHIVE,WiFiConnectionQuality-[PHONE].ips
0b445f6366e05e2a570889f5b3d079f10372ccadd10a1db0a23d5de045b36083,2,15G,analytics_log,RAW_DEVICE_LOG_ARCHIVE,xp_amp_app_usage_dnu-[PHONE].ips
c5c4fd72a4ed643865d734131c0d23905859431a62fdbaddb3699cd92faee90b,2,15G,analytics_log,RAW_DEVICE_LOG_ARCHIVE,xp_amp_app_usage_dnu-[PHONE].ips
74a9ce8ba370920be66e0133bd69c79a3d50e4c408b76b1473457d1a55eec5e6,2,15G,analytics_log,RAW_DEVICE_LOG_ARCHIVE,SFA-pcs.json-[PHONE].0002.ips
0497ac95e444fb37a9ccc7c3929f363813b3e02dc45935760b1bb09a7d7fb68f,2,15G,analytics_log,RAW_DEVICE_LOG_ARCHIVE,ResetCounter-[PHONE].ips
21c801536cf1130602d47c4fcd62f5b7768d43d47eab3f56f70681d87cc5df10,2,15G,rtcr,RAW_DEVICE_LOG_ARCHIVE,RTCReporting_messageLog_2026-[PHONE].txt
dade54e29b4182231a68e83fcb4360f289d45fa4ee76773ca3b0a62f8b6980ba,2,15G,analytics_log,RAW_DEVICE_LOG_ARCHIVE,SiriSearchFeedback-[PHONE].ips
c325fe976096a76d741d9ae2af27c8328c5189aed4a967be70dbf22c3b153ecd,2,15G,analytics_log,RAW_DEVICE_LOG_ARCHIVE,SiriSearchFeedback-[PHONE].ips
2f8850ca3bee3880ea5df93443e55616a627ddbc54cbe12a51bc934851327b5d,2,15G,analytics_log,RAW_DEVICE_LOG_ARCHIVE,stacks-[PHONE].ips
a26fba93b217c8537a4276a4e7063fc229226ab04727beba406adea0616ed35f,2,15G,analytics_log,RAW_DEVICE_LOG_ARCHIVE,stacks-[PHONE].ips
9e3d07d7f7c26ffb1eeff1b4a68ec4fbcd58aa5f3700cbe94bde35535d9512ba,2,15G,analytics_log,RAW_DEVICE_LOG_ARCHIVE,forceReset-full-[PHONE].0002.ips
843df4aeb1ab080ff9a17eda8368c9f2c4bc329b9d7bcd01f104a47ffdf7e72a,2,15G,analytics_log,RAW_DEVICE_LOG_ARCHIVE,JetsamEvent-[PHONE].ips
8b0159ee6641c75728dfe4e452af95bb12884f6e6b99fa1b4bc3503759279058,2,15G,analytics_log,RAW_DEVICE_LOG_ARCHIVE,ResetCounter-[PHONE].ips
f922f31d6aadea52796f3eaea3920996e7f3de131fac13222ace0ebe882d8cc8,2,15G,analytics_log,RAW_DEVICE_LOG_ARCHIVE,searchd-[PHONE].ips
ea685a110ae154457f8b1dfe5f939b11b5724c75129366a8379131d4cf802d03,2,15G,analytics_log,RAW_DEVICE_LOG_ARCHIVE,SFA-ckks.json-[PHONE].ips
9c1fa4a98f372714d424a9b0a7e3b4cc1b0dec2069c5e6a7e360cbd8e6a4039a,2,15G,analytics_log,RAW_DEVICE_LOG_ARCHIVE,SFA-CloudServices.json-[PHONE].ips
8330f54b6a5f7a1c5dbed035ad27d880d03a2d1883c54a1d12e561bb6e81e385,2,15G,analytics_log,RAW_DEVICE_LOG_ARCHIVE,SFA-local.json-[PHONE].ips
e6daf83f23b286bd8d1e6881cc63fb8613acce746545b8b880821babb4fdbea2,2,15G,analytics_log,RAW_DEVICE_LOG_ARCHIVE,SFA-networking.json-[PHONE].ips
05fae95341716fc48680b3cdd053484409ff8061ca1136f698f642c8888be6d6,2,15G,analytics_log,RAW_DEVICE_LOG_ARCHIVE,SFA-pcs.json-[PHONE].0002.ips
d25f515f958ffc1c81f81de6b155b583dc7a1871a443096030878efd5dc0eca5,2,15G,analytics_log,RAW_DEVICE_LOG_ARCHIVE,SFA-sos.json-[PHONE].000.ips
1ec5bc5d9b88bfe323752a6dbe1e8229d60c2ad0a8e5facafb60ec498297fa28,2,15G,analytics_log,RAW_DEVICE_LOG_ARCHIVE,SiriSearchFeedback-[PHONE].ips
b443a4493aaed5bdedc5d9df22c7f1fd78159c4fd8254e135354f8626a8d2c52,2,15G,analytics_log,RAW_DEVICE_LOG_ARCHIVE,stacks-[PHONE].ips
02560bbcea3685845d51a5696f0ac3c1ed8120be31ad737544d5cfa6d7c6dca8,2,15G,sysdiagnose,RAW_DEVICE_LOG_ARCHIVE,sysdiagnose_2026.03.28_02-46-10+0700_iPhone-OS_iPhone_22F76.tar.gz
695c5861fd8d75ca70ca84ea4b5bc26aa23b40b3f827bc4829cf9eb52bb1f23a,2,15G,sysdiagnose,RAW_DEVICE_LOG_ARCHIVE,sysdiagnose_2026.03.28_02-59-18+0700_iPhone-OS_iPhone_22F76.tar.gz
dfb201f057402e297f3ff5f856f96d8902c2b9dd0a8cc7704eff9bda14db9fb8,2,15G,rtcr,RAW_DEVICE_LOG_ARCHIVE,RTCReporting_messageLog_2026-[PHONE].txt
de26735c9ddeaec8cc1e9d98bde650c18f0a87cb09dcefd765523f350165184b,2,15G,analytics_log,RAW_DEVICE_LOG_ARCHIVE,duetexpertd.cpu_resource-[PHONE].ips
59955fe217eba7a75e5da24655517ee88ef6845812b3b49c435f2348d273e26a,2,15G,rtcr,RAW_DEVICE_LOG_ARCHIVE,RTCReporting_messageLog_2026-[PHONE].txt
4eaade44439216c4007701311f3384355b5bf7097bd665c3faa5d528d4e89df6,2,15G,sysdiagnose,RAW_DEVICE_LOG_ARCHIVE,sysdiagnose_2026.03.03_20-51-10+0700_iPhone-OS_iPhone_22F76.tar.gz
e02db5f042f165437d414a7ca9d3b7ccd090840d17dd64b2f59482135652341b,2,15G,analytics_log,RAW_DEVICE_LOG_ARCHIVE,SiriSearchFeedback-[PHONE].ips
94fd11aaeff4adec39ca1d21834819d5c68e5ccf0bd38c82c5452db67c4970a7,2,15G,analytics_log,RAW_DEVICE_LOG_ARCHIVE,SiriSearchFeedback-[PHONE].ips
3c096fcf5fdd14bec9d40802296d6fe7814b64f7a9d59c69340d60defafb0522,2,15G,json_summary,RAW_DEVICE_LOG_ARCHIVE,com.apple.VoiceMemos.[UUID].json
b16c507a07dc2072a34f49e645a2a6d655e26b2b31b508d081f2ba934fc7fc80,2,15G,json_summary,RAW_DEVICE_LOG_ARCHIVE,com.apple.searchd-[PHONE].json
779a945fe2d6d5cc06eeb30ce9979c4f7f07afc3e1d8f2ef5f04c38af9dd081d,2,15G,rtcr,RAW_DEVICE_LOG_ARCHIVE,RTCReporting_messageLog_2026-[PHONE].txt
f9ea72cc33d597ce084714473c8734e3d106c262d9c2def234c72d72a6888b30,2,15G,rtcr,RAW_DEVICE_LOG_ARCHIVE,RTCReporting_messageLog_2026-[PHONE].txt
a2d759d40b411140de95667ca0591f6ba9ac2436cafa43320d5002c41420f125,2,15G,analytics_log,RAW_DEVICE_LOG_ARCHIVE,proactive_event_tracker-com_apple_Trial-com_apple_triald-[PHONE].ips
7020a2452ae0489817e7a9f065a9f5d17c2e1cc300b201c660efb55bcbb9ba52,2,15G,analytics_log,RAW_DEVICE_LOG_ARCHIVE,SFA-ckks.json-[PHONE].ips
006c8e8da25185a3e8f05cc4834856e680bb44ef2b6efe4ffa9734d1069fca01,2,15G,analytics_log,RAW_DEVICE_LOG_ARCHIVE,SFA-CloudServices.json-[PHONE].ips
726d0e0e65f70367b0c5c9d0f3d0b33f1f0a06af03b0dd9f2b8f1140a574d31f,2,15G,analytics_log,RAW_DEVICE_LOG_ARCHIVE,SFA-local.json-[PHONE].000.ips
f8b3bd8d89f6bf7a868071249884be25331abae391b0270b7a6ba53d999c3bf7,2,15G,analytics_log,RAW_DEVICE_LOG_ARCHIVE,SFA-networking.json-[PHONE].000.ips
b9605473dcefb08404c6c012cf7dd6b415ed2dd7e5e3597604dd0874d5045a30,2,15G,analytics_log,RAW_DEVICE_LOG_ARCHIVE,SFA-pcs.json-[PHONE].ips
14edcef004c689b790c7460c8258f2104886e126509650d06d70604c3aec779a,2,15G,analytics_log,RAW_DEVICE_LOG_ARCHIVE,SFA-sos.json-[PHONE].000.ips
12d895f7a00b0ce1ff56495ae3cd34354bce953ba409dfc8856097b52150950d,2,15G,analytics_log,RAW_DEVICE_LOG_ARCHIVE,SiriSearchFeedback-[PHONE].ips
ed9d8546bce1c58f5c818c4d4ac6b5966cbf6d23099f9b91c23d220afc831f51,2,15G,analytics_log,RAW_DEVICE_LOG_ARCHIVE,stacks-[PHONE].ips
30c59139eb1ff912a07859a8d1678a6c7251198409524aecab6550731d79d654,2,15G,sysdiagnose,RAW_DEVICE_LOG_ARCHIVE,sysdiagnose_2026.04.10_07-01-19+0700_iPhone-OS_iPhone_22F76.tar.gz
41e375aa8b12478c9cdd90452e965b07c9aa42e977b7eb850dd44e5e3603388d,2,15G,analytics_log,RAW_DEVICE_LOG_ARCHIVE,JetsamEvent-[PHONE].ips
d4ebb9beaa612fb606875153b15df830f4b5f2705d109a8f8024732c312a8f32,2,15G,analytics_log,RAW_DEVICE_LOG_ARCHIVE,SiriSearchFeedback-[PHONE].ips
e908748add01a1f8eebf68e0d4a0bd22c89447dd05140a8c26d767b892600c73,2,15G,analytics_log,RAW_DEVICE_LOG_ARCHIVE,stacks-[PHONE].ips
d3487a8ccb8e56d91acb4afcba4fe1462523e1e209befec91fc7a94ffb42bc8e,2,15G,sysdiagnose,RAW_DEVICE_LOG_ARCHIVE,sysdiagnose_2026.04.10_10-15-52+0700_iPhone-OS_iPhone_22F76.tar.gz
ea1e44b71f6c9194310461f81ca06e280913a92071e183a84846017552200ae0,2,15G,analytics_log,RAW_DEVICE_LOG_ARCHIVE,SiriSearchFeedback-[PHONE].ips
b6ebfd00bfb62a7210f7f149a48caf950e387718ec39bf30dd003deb6a43e2fa,2,15G,analytics_log,RAW_DEVICE_LOG_ARCHIVE,SiriSearchFeedback-[PHONE].ips
2f8c5dab9108fbf641a7e687f7347eaf28569789aad53f5653897dd7f5f55c6b,2,15G,analytics_log,RAW_DEVICE_LOG_ARCHIVE,stacks-[PHONE].ips
c60ab9e9072a7c4ee09cf2113a65046343d455a866ef5de30d3e6c00ef1f9439,2,15G,sysdiagnose,RAW_DEVICE_LOG_ARCHIVE,sysdiagnose_2026.04.11_07-32-30+0700_iPhone-OS_iPhone_22F76.tar.gz
77d2a7a9abf0e6526e31fc0df8ce92f74e93e7a242444b2313b9ad93ea2f8dbf,2,15G,analytics_log,RAW_DEVICE_LOG_ARCHIVE,SiriSearchFeedback-[PHONE].ips
deeda75fe020c673712a41022077e895ec2be89d26126ad729874dc4e380837c,2,15G,analytics_log,RAW_DEVICE_LOG_ARCHIVE,SiriSearchFeedback-[PHONE].ips
96876a410be06473e1a32baccfe651554a303ca294457297d69061a379360e1b,2,15G,analytics_log,RAW_DEVICE_LOG_ARCHIVE,SiriSearchFeedback-[PHONE].ips
5beaa1e38edffbc3841503f89a7649722cfb836504c0351a410ddb67b5aa10ec,2,15G,analytics_log,RAW_DEVICE_LOG_ARCHIVE,stacks-[PHONE].ips
24566c9157c6de312890d7c2abd6dd46a3f29d05a009c12bcc2f5a46d992f94c,2,15G,sysdiagnose,RAW_DEVICE_LOG_ARCHIVE,sysdiagnose_2026.04.11_14-04-43+0700_iPhone-OS_iPhone_22F76.tar.gz
a7cc85bc4d6cdbc658e1b2daefecce20c894026f1433f0e6acc5c61ffa9d2085,2,15G,analytics_log,RAW_DEVICE_LOG_ARCHIVE,assistantd-[PHONE].000.ips
d336337945215f5b3b8f888565ae5ab18621c71a85a0f3ab6217687c511a355a,2,15G,analytics_log,RAW_DEVICE_LOG_ARCHIVE,contactsd-[PHONE].ips
4d23656bbd122dadfcb392c3a9c62bd8bf7d130b56e135ed275cffb53d82dcb9,2,15G,analytics_log,RAW_DEVICE_LOG_ARCHIVE,coreduetd-[PHONE].ips
8b9a60521c6a53b1f3e1043885edc5de5b9af4c7a80bf82493f66bc740d7fb18,2,15G,analytics_log,RAW_DEVICE_LOG_ARCHIVE,ScreenTimeAgent-[PHONE].000.ips
a7536e9680b8c3ccca332ddbea67ee8d7a5c82735603e22b62ffcc1c76e631fe,2,15G,analytics_log,RAW_DEVICE_LOG_ARCHIVE,SiriSearchFeedback-[PHONE].ips
02b6178bffe7886a7429d57d0bada4d7d05e05d7f641505f6b53471522cc6ad4,2,15G,analytics_log,RAW_DEVICE_LOG_ARCHIVE,stacks-[PHONE].ips
9301eb73996b841408ac6df9a9ea3af8e7d399293b12e67927ebc52bb6b10af5,2,15G,sysdiagnose,RAW_DEVICE_LOG_ARCHIVE,sysdiagnose_2026.04.11_18-41-23+0800_iPhone-OS_iPhone_22F76.tar.gz
776bfa2f65b3c3bf1b1ccebea53e6517c286599e2424ce9b9455e3a4bfdd510b,2,15G,analytics_log,RAW_DEVICE_LOG_ARCHIVE,SiriSearchFeedback-[PHONE].ips
2f6c9c2a634ee6e1caae5e83f6bc97cef1c454b4c332ac96215730f653a2d8ce,2,15G,analytics_log,RAW_DEVICE_LOG_ARCHIVE,stacks-[PHONE].ips
fa03d4fe40e3be9693f3aff463c8b88248b836391e223c689e3caaecc9c9eb58,2,15G,sysdiagnose,RAW_DEVICE_LOG_ARCHIVE,sysdiagnose_2026.04.11_19-14-32+0800_iPhone-OS_iPhone_22F76.tar.gz
f715fb18a50230c50fa7cf7c84e06e262eb3e3afe772e43845b4a5b55fe46ef8,2,15G,analytics_log,RAW_DEVICE_LOG_ARCHIVE,maild-[PHONE].ips
52ffd8be50da044f2e014f50aec2331eeb64dc07f1d24c81c356bae922544cb2,2,15G,analytics_log,RAW_DEVICE_LOG_ARCHIVE,maild-[PHONE].ips
3783a209e62d0ba36627895310de027893e4aba0833e9378b9f3b53db34c1208,2,15G,analytics_log,RAW_DEVICE_LOG_ARCHIVE,maild-[PHONE].ips
2ab8f7c9149fe2b53b77efd7cc0d69d15dbe55882347b20ec55f4532077d7f12,2,15G,analytics_log,RAW_DEVICE_LOG_ARCHIVE,SiriSearchFeedback-[PHONE].ips
07301d6e0503a0b517227c09032bfc698219f4039e7a6a11ef394d5a6421e8c6,2,15G,analytics_log,RAW_DEVICE_LOG_ARCHIVE,stacks-[PHONE].ips
0fddb833c3df2d3a0689843c269e3e04d1e4e8049f95b01fb6b740062423fc23,2,15G,sysdiagnose,RAW_DEVICE_LOG_ARCHIVE,sysdiagnose_2026.04.12_13-47-11+0800_iPhone-OS_iPhone_22F76.tar.gz
1d92ef3efe1d9a4eea5d3bf0a032093fbfbf1c37c285909a8c74090420b6952f,2,15G,analytics_log,RAW_DEVICE_LOG_ARCHIVE,JetsamEvent-[PHONE].ips
48f278c9cb057cf94a821b921276704c7105e64874822b5e82d6bd1406b97eb7,2,15G,rtcr,RAW_DEVICE_LOG_ARCHIVE,RTCReporting_messageLog_2026-[PHONE].txt
7594236d8e28e5ffa8a407f4d592272f828976564ef04a9c64c0ac957a5b15d0,2,15G,analytics_log,RAW_DEVICE_LOG_ARCHIVE,SiriSearchFeedback-[PHONE].ips
0e1eb85016ab98b146a88077f4b9a4ca80e13205abdbc151ce2c68bbb4127e4a,2,15G,sysdiagnose,RAW_DEVICE_LOG_ARCHIVE,sysdiagnose_2026.04.13_12-24-18+0800_iPhone-OS_iPhone_22F76.tar.gz
b24dc5d9d30dac8c79609f660ed9709241447b974f014132e4f4ba5407cf6e43,2,15G,analytics_log,RAW_DEVICE_LOG_ARCHIVE,SiriSearchFeedback-[PHONE].000.ips
9bea5cb30a257adc1f6b05696bad8b222feeff13a803a26ad0aefad3215ca216,2,15G,analytics_log,RAW_DEVICE_LOG_ARCHIVE,SiriSearchFeedback-[PHONE].ips
e9af5f14ed3a96a7138083f3336f69a65a2462beecf398413f1d5e40a68d681c,2,15G,analytics_log,RAW_DEVICE_LOG_ARCHIVE,stacks-[PHONE].ips
24a95e1ee8f9b49efa1d0fd4d427d396aff3b4d832604348028fcd34c9ec04f8,2,15G,sysdiagnose,RAW_DEVICE_LOG_ARCHIVE,sysdiagnose_2026.04.14_08-06-53+0800_iPhone-OS_iPhone_22F76.tar.gz
a9fb0a7b57064cf63cc49280bfd7be3a16fe85e5898472da872f64928bc066f3,2,15G,rtcr,RAW_DEVICE_LOG_ARCHIVE,RTCReporting_messageLog_2026-[PHONE].txt
edd6d438de4c3a2e3eeeb80d999a9085da644e8ea2593dc7b542863f6ddffaef,2,15G,analytics_log,RAW_DEVICE_LOG_ARCHIVE,SiriSearchFeedback-[PHONE].000.ips
136066e92ea6954644f0e7f58384b2fc6902d8d2f36443b84a86e0b74d1e87a4,2,15G,analytics_log,RAW_DEVICE_LOG_ARCHIVE,SiriSearchFeedback-[PHONE].ips
cb1826165836ec137adb9e1ef29beb11fa02aed5406713fb79a19d3a794b2924,2,15G,analytics_log,RAW_DEVICE_LOG_ARCHIVE,SiriSearchFeedback-[PHONE].ips
ade39b574085d31691608464fd9b821cacf4a90b18f41aeb391343370ea5134b,2,15G,analytics_log,RAW_DEVICE_LOG_ARCHIVE,stacks-[PHONE].ips
f54215610951444a34237e26ff28f50394e6c473ba98b637fd8a978414331ffa,2,15G,analytics_log,RAW_DEVICE_LOG_ARCHIVE,SiriSearchFeedback-[PHONE].ips
e6cc2c551384e46a2e136a4254f4e5454f534805d9c20e11c1b6d19498c420fe,2,15G,analytics_log,RAW_DEVICE_LOG_ARCHIVE,SiriSearchFeedback-[PHONE].ips
20dd07d5845516f18ba723c510dc75acf3f7f1e61661b3282cb861a357b45a1c,2,15G,analytics_log,RAW_DEVICE_LOG_ARCHIVE,SiriSearchFeedback-[PHONE].ips
e6235f9fcb5df694253ec1c5563bc0b143d66493c3b4a5725b51a69ae484ef6f,2,15G,analytics_log,RAW_DEVICE_LOG_ARCHIVE,stacks-[PHONE].ips
bbc620f8d32e101dfe273cf33268269c1cd8dfcfd7b6879be0f8b0183fa065ed,2,15G,sysdiagnose,RAW_DEVICE_LOG_ARCHIVE,sysdiagnose_2026.04.18_13-20-33+0800_iPhone-OS_iPhone_22F76.tar.gz
d319e3ce8dc4d2d36eaf34ceb6409de800ec90292645790c2d50526e92f10a17,2,15G,analytics_log,RAW_DEVICE_LOG_ARCHIVE,SiriSearchFeedback-[PHONE].ips
fea4936950774e54489542ef68b82cbfb2ad2b33bd1ae38abfbab1ea48db7b78,2,15G,analytics_log,RAW_DEVICE_LOG_ARCHIVE,SiriSearchFeedback-[PHONE].ips
7529b92d00a3162e11d9b36aaf435e8fa6beadfe3fe97d39ac066f9322431dae,2,15G,analytics_log,RAW_DEVICE_LOG_ARCHIVE,stacks-[PHONE].ips
7d7a9d6bd60b3fa7ec915db7dea164bb6234139f5568abdffcf329b0d5b86ffa,2,15G,analytics_log,RAW_DEVICE_LOG_ARCHIVE,SiriSearchFeedback-[PHONE].ips
ef36a22619739b7ab5c59b498c4f1a254da816765f6c41c5a28d287a3e05670c,2,15G,analytics_log,RAW_DEVICE_LOG_ARCHIVE,SiriSearchFeedback-[PHONE].ips
c2a756c69cfdfb63e815a116ec3cbb81655ecdb34bbc44d4cb61946ed5916f50,2,15G,analytics_log,RAW_DEVICE_LOG_ARCHIVE,stacks-[PHONE].ips
f5e86cf31c59a5c68a0746cab1a9b056b88064fd5152e5fb18b6b1b4e90ab4c4,2,15G,sysdiagnose,RAW_DEVICE_LOG_ARCHIVE,sysdiagnose_2026.04.18_19-54-24+0800_iPhone-OS_iPhone_22F76.tar.gz
44edd0db5f161fa7d9977ae855f03b829700dfb1f9ab90e2ef6e040721d58e71,2,15G,analytics_log,RAW_DEVICE_LOG_ARCHIVE,SiriSearchFeedback-[PHONE].ips
a0ae241513d88205de320eb726a2b1e8c7b530c9c8eb31ff1dd9111ebe5b0a26,2,15G,analytics_log,RAW_DEVICE_LOG_ARCHIVE,forceReset-full-[PHONE].0002.ips
13319a9030e7e3fa926bfda4134eda3055732b72d4dd2a4de28be55756373308,2,15G,analytics_log,RAW_DEVICE_LOG_ARCHIVE,ResetCounter-[PHONE].ips
e8e3a1908e0b6424d8870f3a5b617748e4d817146ea5d5dade4323f43269bb21,2,15G,analytics_log|other,RAW_DEVICE_LOG_ARCHIVE,searchd.diskwrites_resource-[PHONE] || searchd.diskwrites_resource-[PHONE].ips
c42845bfe29eb5ffa980e1ff49ebe89055b617d01a6d6c2160bfb31163609f48,2,15G,analytics_log,RAW_DEVICE_LOG_ARCHIVE,SiriSearchFeedback-[PHONE].ips
01c35d377f05a88ac2a547b0bd27c38c89edc7c8df9fc6541cc71d02b954c280,2,15G,analytics_log,RAW_DEVICE_LOG_ARCHIVE,SiriSearchFeedback-[PHONE].ips
3255011549f795837e80307da0794915d79a8adc31fd88fb5d078ce62f9f6038,2,15G,analytics_log,RAW_DEVICE_LOG_ARCHIVE,SiriSearchFeedback-[PHONE].ips
9f1a917f697478ff3c5cdff4fc7a9a04c022c7c310d9cca9c38d5c0533cca1b7,2,15G,analytics_log,RAW_DEVICE_LOG_ARCHIVE,SiriSearchFeedback-[PHONE].ips
7f9b91a1d0d7f0af61ec92a742ef6f260c9b1f83138f6b0087a6aa18c16e0165,2,15G,analytics_log,RAW_DEVICE_LOG_ARCHIVE,SiriSearchFeedback-[PHONE].ips
da7882f6755329786a30a0f5e829d9c02bf0cc49b9cda3c1c7b4c7a993535488,2,15G,analytics_log,RAW_DEVICE_LOG_ARCHIVE,SiriSearchFeedback-[PHONE].ips
f84ff2171b8a744de1804edeb0d96fad30e0751ae7c60b8df61bcf4822faa025,2,15G,analytics_log,RAW_DEVICE_LOG_ARCHIVE,SiriSearchFeedback-[PHONE].ips
cd292e435c5b84c8c7786cc0805b815b44b8ec3d6d0d9c347a6c4f83eb82b3f3,2,15G,analytics_log,RAW_DEVICE_LOG_ARCHIVE,SiriSearchFeedback-[PHONE].ips
71813cac12a19a407f901ddeb5a66a1c2cc33666d0b13a1e12d1ea96a56efbe5,2,15G,analytics_log,RAW_DEVICE_LOG_ARCHIVE,SiriSearchFeedback-[PHONE].ips
701f0081f213d35db7e4e44d5c022770e1912b3329169fbb1158bf123800ed2f,2,15G,analytics_log,RAW_DEVICE_LOG_ARCHIVE,SiriSearchFeedback-[PHONE].ips
d2e4cea894c00f887a9740251ac02552d48d09a1c750283abbffc5b280561100,2,15G,analytics_log,RAW_DEVICE_LOG_ARCHIVE,SiriSearchFeedback-[PHONE].ips
b98fa965c1ce56c2f3cbfa66fc6032d6263532be5ca93bbc76b9a2de33903e06,2,15G,analytics_log,RAW_DEVICE_LOG_ARCHIVE,stacks-[PHONE].ips
71436ba304424a2b5039c054d5ee3c5730b17063ef46beb05c3d2f050483229d,2,15G,sysdiagnose,RAW_DEVICE_LOG_ARCHIVE,sysdiagnose_2026.04.01_03-55-54+0700_iPhone-OS_iPhone_22F76.tar.gz
b8aa03d6c796d4e8932c9e7254725db4bd2673128831c97c58d99a51cea8fce0,2,15G,sysdiagnose,RAW_DEVICE_LOG_ARCHIVE,sysdiagnose_2026.04.01_04-10-30+0700_iPhone-OS_iPhone_22F76.tar.gz
2e75368cc7b443d4e9a1846c887fcc8d956cfb14f69a532b99fd802f3160045c,2,15G,analytics_log,RAW_DEVICE_LOG_ARCHIVE,JetsamEvent-[PHONE].ips
f5415fa19ec2c3f773f151a4ed7c66f10d2f164465b1c2be5cc2bab589bc1231,2,15G,analytics_log,RAW_DEVICE_LOG_ARCHIVE,maild-[PHONE].ips
ca254d45c38e57690363c890afbcfe2770f86107a75d55fcb647b267ab299861,2,15G,imazing_backup|rtcr,RAW_DEVICE_LOG_ARCHIVE,RTCReporting_messageLog_2026-[PHONE].txt
5b6b605814194ed38a39b944ca11fd5ffa3d81ce8fdd37dc5eedf104b04c288b,2,15G,analytics_log,RAW_DEVICE_LOG_ARCHIVE,SiriSearchFeedback-[PHONE].ips
d56a6e0a47e421d0723351db82cb7739058422a246ffcc3aee519fe785fb41cb,2,15G,analytics_log,RAW_DEVICE_LOG_ARCHIVE,SiriSearchFeedback-[PHONE].ips
f644b8c5521a182099257d429e3b2e4a4d5247fce24ec2cd85e22600c395157c,2,15G,analytics_log,RAW_DEVICE_LOG_ARCHIVE,SiriSearchFeedback-[PHONE].ips
4d04dda1bf0aeabf48ea3f14c9825895f7ee96be919ea1e7a2e759fd07800ff6,2,15G,analytics_log,RAW_DEVICE_LOG_ARCHIVE,SiriSearchFeedback-[PHONE].ips
74b68a5dfd8e9f4a4e179dc4105f1cde06a0d613b78003f9e13ed1760aab42c8,2,15G,analytics_log,RAW_DEVICE_LOG_ARCHIVE,SiriSearchFeedback-[PHONE].ips
f5820464e8950d8b7de22216991c0bb5fe3564e7f6a6bc3243b7725a97972574,2,15G,analytics_log,RAW_DEVICE_LOG_ARCHIVE,stacks-[PHONE].ips
53392edfc69f482e944af538154b15af03d19f1bd7134a1a10112fb36bd9ac29,2,15G,analytics_log,RAW_DEVICE_LOG_ARCHIVE,stacks-[PHONE].ips
cbe626efb12443c9128195210c38443bcaef228c7a0f9ee578de8dd81b2b87ad,2,15G,sysdiagnose,RAW_DEVICE_LOG_ARCHIVE,sysdiagnose_2026.04.01_09-17-42+0700_iPhone-OS_iPhone_22F76.tar.gz
89fc7132fb85dce69a2b31bd5b1a3813073e2ab4d254f32c02c91093e28e97f2,2,15G,sysdiagnose,RAW_DEVICE_LOG_ARCHIVE,sysdiagnose_2026.04.01_09-28-45+0700_iPhone-OS_iPhone_22F76.tar.gz
2f1619d71829ce3625083099c269278e71336b1de46b802f7dcefbaf27003878,2,15G,analytics_log,RAW_DEVICE_LOG_ARCHIVE,duetexpertd.cpu_resource-[PHONE].ips
974a943450ba0cd1216b01b42710d7f051b52688d97f7eb244c6905afdd8eae4,2,15G,analytics_log,RAW_DEVICE_LOG_ARCHIVE,photoanalysisd.cpu_resource-[PHONE].ips
fa11d2ed85853b67c0fa52d488204131c0ec2dd9722e15198d78f37e9c3e06e9,2,15G,analytics_log,RAW_DEVICE_LOG_ARCHIVE,proactive_event_tracker-com_apple_Trial-com_apple_triald-[PHONE].ips
9ab672ff7397ef9d94c0ffdb1393c8352f3501e6a4f823af263f0a0cc626f0d9,2,15G,imazing_backup|rtcr,RAW_DEVICE_LOG_ARCHIVE,RTCReporting_messageLog_2026-[PHONE].txt
feab02ee930e42926b26bf3483c23aab2326d9ab8af92a8f30cbce25a11ad133,2,15G,analytics_log,RAW_DEVICE_LOG_ARCHIVE,searchd-[PHONE].ips
a41a027b1762c58622dbe8c943a3781fe0eaa1c21cae37ca0adc2130447101f3,2,15G,analytics_log,RAW_DEVICE_LOG_ARCHIVE,SiriSearchFeedback-[PHONE].ips
9427778c3735694631b728265c7ab5d153596d2f8b4ea77245b4b3913b24a343,2,15G,analytics_log,RAW_DEVICE_LOG_ARCHIVE,spotlightknowledged.cpu_resource-[PHONE].ips
fc0fed4d4e8fa0c9459404901f9edfb9171d912452acc440319f56d10d248344,2,15G,analytics_log,RAW_DEVICE_LOG_ARCHIVE,stacks-[PHONE].ips
c41cde67db7131976da50a97fd20698b48960cd59df0b2eb86820ba1007de00a,2,15G,analytics_log,RAW_DEVICE_LOG_ARCHIVE,stacks-[PHONE].ips
38e7384928031fdc5ee972ddd7d37b33994ef9401900b7126f5e8c10cbca3c58,2,15G,sysdiagnose,RAW_DEVICE_LOG_ARCHIVE,sysdiagnose_2026.04.01_13-33-45+0700_iPhone-OS_iPhone_22F76.tar.gz
7bf0e223c3728d80fb7a0d8fbfc73df1d54064daa076b7135386ec1bfc398d35,2,15G,analytics_log,RAW_DEVICE_LOG_ARCHIVE,SiriSearchFeedback-[PHONE].ips
4c55ff83a893a9dfbc39f48a1f7d769a36ae87bf479f244b0fc1cab7965efcc9,2,15G,analytics_log,RAW_DEVICE_LOG_ARCHIVE,stacks-[PHONE].ips
e19e893cb72ec0dff2ec08a7d375b9985950bcad00264b29a50a8263a80869ee,2,15G,sysdiagnose,RAW_DEVICE_LOG_ARCHIVE,sysdiagnose_2026.04.20_12-36-28+0800_iPhone-OS_iPhone_22F76.tar.gz
8b2cc40069fd7872c25795aaba9573b56262ed43862e82e8c0e43e18d4369c86,2,15G,sysdiagnose,RAW_DEVICE_LOG_ARCHIVE,sysdiagnose_2026.04.20_19-39-58+0800_iPhone-OS_iPhone_22F76.tar.gz
77be1dd7101248883a22217966fc4eda6f24059b823051a65e8ed10c9ccdc716,2,15G,analytics_log,RAW_DEVICE_LOG_ARCHIVE,JetsamEvent-[PHONE].ips
558fd1c0ffddafd3d3771ae2d690ee30491528f254bc8056123b154a625f5b5e,2,15G,rtcr,RAW_DEVICE_LOG_ARCHIVE,RTCReporting_messageLog_2026-[PHONE].txt
f4bb8db509c8371a9a435afc2023311b8913953844d8ffc39d54a9d3470cb516,2,15G,analytics_log,RAW_DEVICE_LOG_ARCHIVE,SiriSearchFeedback-[PHONE].000.ips
c2dea4db0a4acecc954db70a50de6418c476ca7ef38f4fb8d46a3b56a674597e,2,15G,analytics_log,RAW_DEVICE_LOG_ARCHIVE,SiriSearchFeedback-[PHONE].ips
aa844864f9a025d60e2bc836b57c3fd6f9e16f68f742786dc6fb3976859d2e18,2,15G,analytics_log,RAW_DEVICE_LOG_ARCHIVE,SiriSearchFeedback-[PHONE].ips
cd2a63282f56834d17d23fb3a67191ef2629d852cbb59e0e12442da723a33d25,2,15G,analytics_log,RAW_DEVICE_LOG_ARCHIVE,stacks-[PHONE].ips
30a30d10025a3104df2667c780697cee2d9df31324bdd9cdf50a32bc57c0ebc2,2,15G,sysdiagnose,RAW_DEVICE_LOG_ARCHIVE,sysdiagnose_2026.04.21_08-25-01+0800_iPhone-OS_iPhone_22F76.tar.gz
bd653e9b7a24571dd723a7c036155171ec23d9085017196dd801b9561dad2c05,2,15G,analytics_log,RAW_DEVICE_LOG_ARCHIVE,SiriSearchFeedback-[PHONE].ips
216e69df49a950cb1c267f2464af7a8f4c5f3482e266cd267d2ecffe35f420f9,2,15G,analytics_log,RAW_DEVICE_LOG_ARCHIVE,SiriSearchFeedback-[PHONE].ips
401daef82b7405224203e842c8d76a2470236f3c448c9db0417bdddf4957b284,2,15G,analytics_log,RAW_DEVICE_LOG_ARCHIVE,SiriSearchFeedback-[PHONE].ips
48ee30972d458b98843661752c99007b48c301f7276d28a9886270e01afba44e,2,15G,analytics_log,RAW_DEVICE_LOG_ARCHIVE,SiriSearchFeedback-[PHONE].ips
d721497f79ebea72d8cee9860370af1484472d48340ce2ffd85066d6bfa8595b,2,15G,sysdiagnose,RAW_DEVICE_LOG_ARCHIVE,sysdiagnose_2026.04.21_08-48-35+0800_iPhone-OS_iPhone_22F76.tar.gz
e6ad60582173595e1c47f272e3de604f62e12640282b4d9c6168bb56c46aee3b,2,15G,analytics_log,RAW_DEVICE_LOG_ARCHIVE,SiriSearchFeedback-[PHONE].000.ips
2bf5c11c8a4aba8b346b774628fce2606b9a3fde9f537d61d9236e69dd5aa7fa,2,15G,analytics_log,RAW_DEVICE_LOG_ARCHIVE,SiriSearchFeedback-[PHONE].ips
4e0c0b84a2d59f295a48962092f5e1e1e6d0fc14c423d2906ca6a655257a57ce,2,15G,analytics_log,RAW_DEVICE_LOG_ARCHIVE,SiriSearchFeedback-[PHONE].ips
117c2f87e26ac5a1b3c7ba800b8bc40b2a24fc476bb882f075db9a8fb2352089,2,15G,analytics_log,RAW_DEVICE_LOG_ARCHIVE,stacks-[PHONE].ips
dc12d7440ebeed887adef4fd8849db4111259eb3450cb3fce0ddbbd1f40de5b5,2,15G,sysdiagnose,RAW_DEVICE_LOG_ARCHIVE,sysdiagnose_2026.04.21_17-31-32+0800_iPhone-OS_iPhone_22F76.tar.gz
055d6f450da3bfcc44027f375e5f9d76053d8db5c4b3509e922a491f6f8212a9,2,15G,analytics_log,RAW_DEVICE_LOG_ARCHIVE,SiriSearchFeedback-[PHONE].000.ips
ce026862be6e76cfdd63f0811f291f7e80344d00dd2c492233c3dc55100a361a,2,15G,analytics_log,RAW_DEVICE_LOG_ARCHIVE,SiriSearchFeedback-[PHONE].ips
470958e9517e22fd3524899a81aa0f4014cfeb023040764007a95374f2fe744a,2,15G,analytics_log,RAW_DEVICE_LOG_ARCHIVE,SiriSearchFeedback-[PHONE].ips
bfc47e18bd5846f7c3074f6ab7f06c5af1b8ffdc6e68e0ae95d1a496c19f01fa,2,15G,analytics_log,RAW_DEVICE_LOG_ARCHIVE,stacks-[PHONE].ips
f046a32ddbceb5176b704e21a55c08d5829562ac96078d926d6932dc3f6b5630,2,15G,analytics_log,RAW_DEVICE_LOG_ARCHIVE,SiriSearchFeedback-[PHONE].ips
f8b4aafd9ecbf0802adf31cb80d5baee7d9829f9a4c57d3aacf48e826bcde5c4,2,15G,analytics_log,RAW_DEVICE_LOG_ARCHIVE,SiriSearchFeedback-[PHONE].ips
2503a2bd1508e73bee181b3afb797c24a272c9edf4cc6beaf7eb92c0750a9059,2,15G,analytics_log,RAW_DEVICE_LOG_ARCHIVE,stacks-[PHONE].ips
f60000630a8634bae0841c121172f3f8dd27b8eb622f33059d9f95b98a4bb0e6,2,15G,sysdiagnose,RAW_DEVICE_LOG_ARCHIVE,sysdiagnose_2026.04.21_22-06-48+0800_iPhone-OS_iPhone_22F76.tar.gz
511adf4259e70ec54e906e093b6e99a293ffd80b2b83abb96cd787f000e67302,2,15G,analytics_log,RAW_DEVICE_LOG_ARCHIVE,SiriSearchFeedback-[PHONE].000.ips
a70cce3e3f366ed104814fe2ed3d5a6042cdacc09061ffc5b8bca6bbdf216744,2,15G,analytics_log,RAW_DEVICE_LOG_ARCHIVE,SiriSearchFeedback-[PHONE].ips
e95f80ce565995ac3f5a14b09d8b187977c7ea9c75e23af4dc66b2d734b230aa,2,15G,analytics_log,RAW_DEVICE_LOG_ARCHIVE,SiriSearchFeedback-[PHONE].ips
1be7bc5ddcff4719df7ee28272d8429d13d227d36d337ce5babdcea29f22a3d0,2,15G,analytics_log,RAW_DEVICE_LOG_ARCHIVE,stacks-[PHONE].ips
7b51eb22c1ca7d79d19414dac19b968a271cdd1daf49eabf5688573c5dca2c74,2,15G,sysdiagnose,RAW_DEVICE_LOG_ARCHIVE,sysdiagnose_2026.04.23_09-16-23+0800_iPhone-OS_iPhone_22F76.tar.gz
ca43348d74346bdb5f5f70a40ec2683c15f9f179c4aa33a602b1a9b3b9870adb,2,15G,analytics_log,RAW_DEVICE_LOG_ARCHIVE,SiriSearchFeedback-[PHONE].ips
89704f29442477a207ef7eddbfe86fa2080bc57e0115f5963eacae163d847d57,2,15G,analytics_log,RAW_DEVICE_LOG_ARCHIVE,stacks-[PHONE].ips
94b39aa80f028b934b2b754d7e98e45ae8b943a05b07f6474cc807973b79f900,2,15G,sysdiagnose,RAW_DEVICE_LOG_ARCHIVE,sysdiagnose_2026.04.24_13-58-38+0800_iPhone-OS_iPhone_22F76.tar.gz
a84586c1bd15b1b1cd212409e52af0a6c39b7835d172938b6f91017d02728ece,2,15G,analytics_log,RAW_DEVICE_LOG_ARCHIVE,xp_amp_app_usage_dnu-[PHONE].ips
95b3ba930e7ccc6e2a2ab253c6f19c69ef1d754f8bfbd3debe1827ac741e17b2,2,15G,analytics_log,RAW_DEVICE_LOG_ARCHIVE,searchd-[PHONE].ips
9a6fff2825a1b4a6ed7c192567176f462883ec23339128afe1f29b895189c032,2,15G,analytics_log,RAW_DEVICE_LOG_ARCHIVE,SiriSearchFeedback-[PHONE].000.ips
8c0c6e07eb296cc753e6f089c35f321e947f4c670030b12ea0450618404f5802,2,15G,analytics_log,RAW_DEVICE_LOG_ARCHIVE,SiriSearchFeedback-[PHONE].ips
50d2daf46986b4db17cff72f43b4612fd68ac5baa088ff1db6c448749f8a0ff2,2,15G,analytics_log,RAW_DEVICE_LOG_ARCHIVE,SiriSearchFeedback-[PHONE].ips
512a917f60443cc720bbbf3e643218825c6b6d01889ab76e429428f6ffcd1103,2,15G,analytics_log,RAW_DEVICE_LOG_ARCHIVE,SiriSearchFeedback-[PHONE].ips
c296d51d38915477d69b245a9730451a4a8664b907f40ff3c1254e9f46219241,2,15G,analytics_log,RAW_DEVICE_LOG_ARCHIVE,stacks-[PHONE].ips
5092370565bf31623238322df3c88c2dba82ae1d6cad3938d57a8def2bc892b5,2,15G,sysdiagnose,RAW_DEVICE_LOG_ARCHIVE,sysdiagnose_2026.04.27_12-07-43+0800_iPhone-OS_iPhone_22F76.tar.gz
8b7de514572476fd3c57ae7a44237ec4e8c376960f5eb6a470dfa1d90d797ec8,2,15G,rtcr,RAW_DEVICE_LOG_ARCHIVE,RTCReporting_messageLog_2026-[PHONE].txt
56baecbcb7597435fb5566070bc7ba720495cbe151d518fecee8dddd03f7767c,2,15G,analytics_log,RAW_DEVICE_LOG_ARCHIVE,JetsamEvent-[PHONE].ips
0fdb06160f27d32321665ab4aa5f526d5c5ab78d438392ed095ec33f17260b63,2,15G,analytics_log,RAW_DEVICE_LOG_ARCHIVE,SiriSearchFeedback-[PHONE].ips
50e0ade92fb1dbadb5b95626702eadf16ba219cb6e2fe1a0adb984dc636cc13a,2,15G,analytics_log,RAW_DEVICE_LOG_ARCHIVE,SiriSearchFeedback-[PHONE].ips
258d686c9b2552aafc1ecd9aaa5e47680f1f328b5a282949ef8d05590368218f,2,15G,analytics_log,RAW_DEVICE_LOG_ARCHIVE,stacks-[PHONE].ips
1a936ec49faef9325dfd3c5e40eeeda5cb127f3cae21ff7aa6dcf75fd653ceae,2,15G,analytics_log,RAW_DEVICE_LOG_ARCHIVE,stacks-[PHONE].ips
3c11171dedc0889cf6e6b027304845170aa936fd96b2133242d4f1da230184d7,2,15G,sysdiagnose,RAW_DEVICE_LOG_ARCHIVE,sysdiagnose_2026.04.02_09-56-07+0700_iPhone-OS_iPhone_22F76.tar.gz
8bc5b593439e5332fe1319605ec56ba25157baaa27e85f12e2120b6502f87c97,2,15G,analytics_log,RAW_DEVICE_LOG_ARCHIVE,JetsamEvent-[PHONE].ips
68570f3af325b3ba8144a399a8097a631a1042dcb813d9f41d828d8cde41f1a7,2,15G,rtcr,RAW_DEVICE_LOG_ARCHIVE,RTCReporting_messageLog_2026-[PHONE].txt
7256e2eb2dcfe38a80b4f7cb3aa0c7627724e361d77dbda5c38b2edba9ef2abe,2,15G,analytics_log,RAW_DEVICE_LOG_ARCHIVE,SiriSearchFeedback-[PHONE].ips
b7262fe71706e2b80ad7a04f3519f83eb3e0988d0d13e509b54bda476544b194,2,15G,analytics_log,RAW_DEVICE_LOG_ARCHIVE,stacks-[PHONE].ips
a13453bf1dd8bb82ba75cd9a5843c15e43f71b5d616995cbfaff2c81b727b082,2,15G,sysdiagnose,RAW_DEVICE_LOG_ARCHIVE,sysdiagnose_2026.04.02_11-19-33+0700_iPhone-OS_iPhone_22F76.tar.gz
384551d6dc72f3d991297ea10dfdfdc93cbf71d612eff6d6b71c3c6f571b8ac1,2,15G,analytics_log,RAW_DEVICE_LOG_ARCHIVE,SFA-ckks.json-[PHONE].ips
1125091405f2d4a15d1b61c49dc1813ed37cc424a49a8238e90c06ff746056ed,2,15G,analytics_log,RAW_DEVICE_LOG_ARCHIVE,SFA-CloudServices.json-[PHONE].ips
4facb84805088db743b3b2d641b3a87055ecad8f433809ca829b7a3adb909d21,2,15G,analytics_log,RAW_DEVICE_LOG_ARCHIVE,SFA-local.json-[PHONE].ips
9f37db267c781088ec7b97ad832e12264a9ecfd88baa61bdf44554e85b42b0f8,2,15G,analytics_log,RAW_DEVICE_LOG_ARCHIVE,SFA-networking.json-[PHONE].000.ips
0cdd99f1b5991d642d7492cc6c7c53479a8da35c03a7378318395d68a4e24794,2,15G,analytics_log,RAW_DEVICE_LOG_ARCHIVE,SFA-pcs.json-[PHONE].0002.ips
8db46060ea37e9812f902b432a98337c6a4057552fbcd352d40998929249efe2,2,15G,analytics_log,RAW_DEVICE_LOG_ARCHIVE,SFA-sos.json-[PHONE].000.ips
b67e5cf55372aae835ea5e9ba52c19e12a979112a43117d1ee4555c159325f6f,2,15G,analytics_log,RAW_DEVICE_LOG_ARCHIVE,SiriSearchFeedback-[PHONE].ips
eeb238ec2f7785d1574c205bc763e600b7d137b6f4a9444709701ad45bf7cf2f,2,15G,analytics_log,RAW_DEVICE_LOG_ARCHIVE,SiriSearchFeedback-[PHONE].ips
b8060c40cec9b92853b6f5887eb532595d17ed5054a86a1f72f8e157355f3488,2,15G,analytics_log,RAW_DEVICE_LOG_ARCHIVE,SiriSearchFeedback-[PHONE].ips
b7d1b103db7f627d8ed84f81500f82bb58b2df293ce852990c5b01d7e2539a07,2,15G,analytics_log,RAW_DEVICE_LOG_ARCHIVE,SiriSearchFeedback-[PHONE].ips
3a66557108525339021e6db539e530c03b002ae64274fd8fb5843148938026d3,2,15G,analytics_log,RAW_DEVICE_LOG_ARCHIVE,SiriSearchFeedback-[PHONE].ips
62e90c120f8de17fbaced89f64a92846420961b04c7f10daad5992adf31a14ae,2,15G,analytics_log,RAW_DEVICE_LOG_ARCHIVE,stacks-[PHONE].ips
3745e581fe67243974a69c6bb7e0bc9f15c30cd7724e3b4e2933daeb37207406,2,15G,sysdiagnose,RAW_DEVICE_LOG_ARCHIVE,sysdiagnose_2026.04.02_23-10-48+0700_iPhone-OS_iPhone_22F76.tar.gz
1893a84ec6bc56b2472bb4ad018ef61626aee24f7c95fc84e6a3630355570728,2,15G,analytics_log,RAW_DEVICE_LOG_ARCHIVE,SiriSearchFeedback-[PHONE].000.ips
efa50c8599fc96784c151b45985e826817547bbd408797f34878ec843431dc8b,2,15G,analytics_log,RAW_DEVICE_LOG_ARCHIVE,SiriSearchFeedback-[PHONE].ips
76b37761b2a8265db6810d29f7d8684132d1cb3366c25b1a8c0e97fe080adf69,2,15G,analytics_log,RAW_DEVICE_LOG_ARCHIVE,SiriSearchFeedback-[PHONE].ips
3f60120c68ab30b94e9636f8d5b5f7504958a30747ddd260cf69ce72d527b5b5,2,15G,analytics_log,RAW_DEVICE_LOG_ARCHIVE,stacks-[PHONE].ips
eacee76c5e9464ab1797c34949b0f2dbcc80ba3d5d7e10003de5c80f8d10d7b9,2,15G,sysdiagnose,RAW_DEVICE_LOG_ARCHIVE,sysdiagnose_2026.04.30_02-36-11+0800_iPhone-OS_iPhone_22F76.tar.gz
9d7bc7d9370d1f813a814767449f302d9d72542655bf62e70cb53d38d8e9090c,2,15G,analytics_synced,RAW_DEVICE_LOG_ARCHIVE,Analytics-[PHONE].ips.ca.synced
41855c745b03854573c8ed2acce146b6cd18115937d19180b708ac1687bc73bd,2,15G,analytics_log,RAW_DEVICE_LOG_ARCHIVE,SiriSearchFeedback-[PHONE].ips
cac7dcfec10fe0867e795fda934d268f512bec3f7ef97b418db8807b78713c64,2,15G,analytics_log,RAW_DEVICE_LOG_ARCHIVE,SiriSearchFeedback-[PHONE].ips
a65d829ea808d284fd3533f900cd401fdfcd7fc910b5f1c003f6a8d0ff0429ab,2,15G,analytics_log,RAW_DEVICE_LOG_ARCHIVE,SiriSearchFeedback-[PHONE].ips
96162277430a8231d42f648e3699feee2d0fc9208d2b190e31d57b6ffd277577,2,15G,sysdiagnose,RAW_DEVICE_LOG_ARCHIVE,sysdiagnose_2026.04.30_10-27-04+0800_iPhone-OS_iPhone_22F76.tar.gz
29e684d900bc2fd8b70f73c06b4c961078675f51234bc3d3eb9c45ca145f54c6,2,15G,analytics_log,RAW_DEVICE_LOG_ARCHIVE,SiriSearchFeedback-[PHONE].ips
1dc75defe79f2e11a343aec84a1c35050598beb8d02dac05ec6c8f1c1679480a,2,15G,analytics_log,RAW_DEVICE_LOG_ARCHIVE,SiriSearchFeedback-[PHONE].ips
6abde940559c4a8a02e4682d9ae24821c944c64cc28d202745ed3fed8b785787,2,15G,analytics_log,RAW_DEVICE_LOG_ARCHIVE,SiriSearchFeedback-[PHONE].ips
647adf591edd17349a5a58bec3123ec5481f3b37d133deffa58ff3e7d5491270,2,15G,analytics_log,RAW_DEVICE_LOG_ARCHIVE,stacks-[PHONE].ips
823b4598b8b1ce2511dd2b87cfcf5fc97a82aab81d4465891bccf8abe0bd9465,2,15G,sysdiagnose,RAW_DEVICE_LOG_ARCHIVE,sysdiagnose_2026.04.03_10-52-55+0700_iPhone-OS_iPhone_22F76.tar.gz
d392c07e7b6bd0a896cd870d29d90bb15cf913273a9643a6d31ad0dac80b682e,2,15G,analytics_log,RAW_DEVICE_LOG_ARCHIVE,JetsamEvent-[PHONE].ips
3df97e4f825f0c51727a91ee167486a55fe4cc0da68f4088da442b2101de5dc6,2,15G,analytics_log,RAW_DEVICE_LOG_ARCHIVE,SiriSearchFeedback-[PHONE].ips
fcaefe0158fd7791d0630a3c5a83196b61467d287fe20d309925c31e2cdd5af5,2,15G,analytics_log,RAW_DEVICE_LOG_ARCHIVE,stacks-[PHONE].ips
5145dfeb8d6f33a8a5b65312a598168c528751646540a79e7aba7792f5a9650b,2,15G,sysdiagnose,RAW_DEVICE_LOG_ARCHIVE,sysdiagnose_2026.04.03_11-59-48+0700_iPhone-OS_iPhone_22F76.tar.gz
b41ecfa74d31871bc534d9582983bfc872795c6099af1ef2f1bb391a71940af3,2,15G,analytics_log,RAW_DEVICE_LOG_ARCHIVE,ShareExtension-[PHONE].ips
2cbbfbf019668d8b191d0e4436f639d066c0a75cdd8d694504bb8e17f89535b2,2,15G,analytics_log,RAW_DEVICE_LOG_ARCHIVE,SiriSearchFeedback-[PHONE].ips
e6741da6877d16eff4fd1ad29edcde6440bf59fa13d23d4b5d71a57c252e4045,2,15G,analytics_log,RAW_DEVICE_LOG_ARCHIVE,stacks-[PHONE].ips
8ca051fb44e50d390a84dee199cfe87081f8e56e9f0cbb8ad964c02576eca860,2,15G,sysdiagnose,RAW_DEVICE_LOG_ARCHIVE,sysdiagnose_2026.04.03_12-29-51+0700_iPhone-OS_iPhone_22F76.tar.gz
0b5c320982a18c47a5ce6a7cb0f6d68dc643035f2d16890564013e550827333b,2,15G,rtcr,RAW_DEVICE_LOG_ARCHIVE,RTCReporting_messageLog_2026-[PHONE].txt
44fedc7cf11e5a84be7c2823de4c2217c461fcc3692d0533fc9c137f3f813258,2,15G,analytics_log,RAW_DEVICE_LOG_ARCHIVE,ANECompilerService.cpu_resource-[PHONE].ips
18aded44d032e0ec66bb26383a29b1fab42b447938da30c097450aa37bdf3850,2,15G,analytics_log,RAW_DEVICE_LOG_ARCHIVE,ANECompilerService.diskwrites_resource-[PHONE].ips
709911031109cb57a859d37fcee3a3a923104a3595f6382d26e3573630f6fe28,2,15G,analytics_log,RAW_DEVICE_LOG_ARCHIVE,JetsamEvent-[PHONE].000.ips
93d606d09146c3db8f27de08f4de19f2ac59f65bec2c09e4335d60faf8b4cfe5,2,15G,rtcr,RAW_DEVICE_LOG_ARCHIVE,RTCReporting_messageLog_2026-[PHONE].txt
9e8e984de25dc9a0dd116213baab70213fae17e9576384ca34c5fabe0b8961c2,2,15G,analytics_log,RAW_DEVICE_LOG_ARCHIVE,SiriSearchFeedback-[PHONE].ips
8638a2a5baf0a922517b14206423c18a96d6c1d5a76297590d7cb7c9bc725760,2,15G,analytics_log,RAW_DEVICE_LOG_ARCHIVE,stacks-[PHONE].ips
db409858f3ff12614bcb7432cb0a6b9c00d8ea9f6ca6a183c3a208eb780ce770,2,15G,sysdiagnose,RAW_DEVICE_LOG_ARCHIVE,sysdiagnose_2026.04.04_01-50-54+0700_iPhone-OS_iPhone_22F76.tar.gz
1275de4078a5f11d6fb5da7a452d91bde07f0bfc5a479c724f4d63f00bd99603,2,15G,rtcr,RAW_DEVICE_LOG_ARCHIVE,RTCReporting_messageLog_2026-[PHONE].txt
949a36c11c320cd56910483a9631786741f4c183ca243a853663f3f53677e616,2,15G,analytics_log,RAW_DEVICE_LOG_ARCHIVE,stacks-[PHONE].ips
94dc0f7fe66f786120945542bba7a9775c3ad3c8748a7344df41e92849cc3ff2,2,15G,sysdiagnose,RAW_DEVICE_LOG_ARCHIVE,sysdiagnose_2026.04.05_20-38-35+0700_iPhone-OS_iPhone_22F76.tar.gz
ec80a1c03e5da5413072dd67d2a8ebf7783ca5c21014d9b61887039638d2ea71,2,15G,analytics_log,RAW_DEVICE_LOG_ARCHIVE,SiriSearchFeedback-[PHONE].ips
2e2a2e77d9bb6ba91af24c7a80607a924504643108f47ee9a2093f02d9c02d6c,2,15G,analytics_log,RAW_DEVICE_LOG_ARCHIVE,stacks-[PHONE].ips
6f7d7d173ccb0cc3941c20de79622e3ac1a1ed9c6ba0610a28f4b07648fc85e1,2,15G,analytics_log,RAW_DEVICE_LOG_ARCHIVE,SFA-ckks.json-[PHONE].000.ips
8abde9d07fd6eea4259c3bd0dc07a0f549a6ad8db4ed5741c0ee5d2c6ed7b338,2,15G,analytics_log,RAW_DEVICE_LOG_ARCHIVE,SFA-CloudServices.json-[PHONE].ips
7c7efc37873554cf9120c2d89c9a734a2c725c66da2c77d384dbb7e3428d7a35,2,15G,analytics_log,RAW_DEVICE_LOG_ARCHIVE,SFA-local.json-[PHONE].0002.ips
954a14be720b49c7aff1851346b3681686f6134f91cd587f3f8a1106495c416b,2,15G,analytics_log,RAW_DEVICE_LOG_ARCHIVE,SFA-networking.json-[PHONE].ips
8d0750af8e749b1eb67c82787ba54fe1ddb2e21b1787b83b06035e02f93c15c4,2,15G,analytics_log,RAW_DEVICE_LOG_ARCHIVE,SFA-pcs.json-[PHONE].000.ips
d8881be6a51fa6187e2adff2f8173df8d078aa4370687a2a5ce76340b8e21c24,2,15G,analytics_log,RAW_DEVICE_LOG_ARCHIVE,SFA-sos.json-[PHONE].ips
55facb5f4e3059cafa0e6c7513b34755a3c125c2cbde75e643a3a6a271f9b9cf,2,15G,analytics_log,RAW_DEVICE_LOG_ARCHIVE,SiriSearchFeedback-[PHONE].ips
4731e47fd0d550056a45e95e05f0a6dc3d4c06eefd1440deb5bb75b21d1de3f5,2,15G,analytics_log,RAW_DEVICE_LOG_ARCHIVE,stacks-[PHONE].ips
5d0255bebb7c13202c9b97f65f4ccc673de53974a35022671a7fbe7770002f09,2,15G,sysdiagnose,RAW_DEVICE_LOG_ARCHIVE,sysdiagnose_2026.04.06_14-36-03+0700_iPhone-OS_iPhone_22F76.tar.gz
76b8895bbd5f0e2731515dfc1eab48b5dc09b11a2c61008e20f34183a8404be7,2,15G,analytics_log,RAW_DEVICE_LOG_ARCHIVE,JetsamEvent-[PHONE].ips
c3ab895af65253a221a1eb1ca51c772bed8131443ceba5aa978fcfa37999acf5,2,15G,analytics_log,RAW_DEVICE_LOG_ARCHIVE,SiriSearchFeedback-[PHONE].000.ips
4d802d245a0e0bfa97b385bc1282f53f2bcc5a70d2e64f5338bdada5c81c011d,2,15G,analytics_log,RAW_DEVICE_LOG_ARCHIVE,SiriSearchFeedback-[PHONE].ips
c23ea95b66b808c5b3c952e9c5fdf81f9d0cd1985568bc618a0528ee01cd5ac6,2,15G,analytics_log,RAW_DEVICE_LOG_ARCHIVE,SiriSearchFeedback-[PHONE].ips
b7a46bbf6a98648a4b51304d9357e5b8fbeb2ca76b58df97e72737d0994afd53,2,15G,analytics_log,RAW_DEVICE_LOG_ARCHIVE,SiriSearchFeedback-[PHONE].ips
38675dc5725ab74363118e18d6a362e2434cf98d8ad782a587409201fa18b195,2,15G,analytics_log,RAW_DEVICE_LOG_ARCHIVE,stacks-[PHONE].ips
f6c48497fc691f6839b4572cc3ad7eab24f4aff549f232767d38d29bbb6619ff,2,15G,analytics_log,RAW_DEVICE_LOG_ARCHIVE,stacks-[PHONE].ips
9a6a009e0402b0a6468492542bf2ce84e03ad81f7869d957dc6a0c134788bf4d,2,15G,sysdiagnose,RAW_DEVICE_LOG_ARCHIVE,sysdiagnose_2026.04.07_06-29-50+0700_iPhone-OS_iPhone_22F76.tar.gz
628687f6f7bb9973972bcbb66dbd09bbd27110e28ffac385dfd1497b3063f486,2,15G,analytics_log,RAW_DEVICE_LOG_ARCHIVE,SiriSearchFeedback-[PHONE].ips
6d1a8fa8a35b22d19a970546a682f565dabe8e7854a9adba9782c2cdb37e1424,2,15G,analytics_log,RAW_DEVICE_LOG_ARCHIVE,SiriSearchFeedback-[PHONE].000.ips
d4749490c0ef67c386823356734fcfce6805ccc9516c0424815862b729ea18b4,2,15G,analytics_log,RAW_DEVICE_LOG_ARCHIVE,SiriSearchFeedback-[PHONE].ips
7e64248ccc3c173ae625273fec9152687f7572b4f308336e6c33f70ca93e7769,2,15G,analytics_log,RAW_DEVICE_LOG_ARCHIVE,stacks-[PHONE].ips
85fbb66e67d228adc98da691f4e07cfe6e6a91cf0f1f83877e71acd4356da437,2,15G,analytics_log,RAW_DEVICE_LOG_ARCHIVE,SiriSearchFeedback-[PHONE].ips
47af8d1990c3622ee4f043d3cac5b163653205586beef3095e2ae45fb29806cc,2,15G,analytics_log,RAW_DEVICE_LOG_ARCHIVE,stacks-[PHONE].ips
2ed4007735500df62979fceaad10f04f021776653fdadb1274f89d93ce47eb97,2,15G,analytics_log,RAW_DEVICE_LOG_ARCHIVE,SiriSearchFeedback-[PHONE].ips
d3a619454ba9e063c1d27ce8b98fcb012378685095a087188bfdf62075a31875,2,15G,analytics_log,RAW_DEVICE_LOG_ARCHIVE,SiriSearchFeedback-[PHONE].ips
64b2e46ac8018e24d81f7bc5407ce012bbdcced0b15877eb7d3d33ec78718fd2,2,15G,analytics_log,RAW_DEVICE_LOG_ARCHIVE,stacks-[PHONE].ips
2b56f1bc2a4b4c2538868391a0627728150bc282a5dfaab8495373c5780f9fff,2,15G|iPhone11Pro,analytics_synced,RAW_DEVICE_LOG_ARCHIVE,Analytics-[PHONE].ips.ca.synced
19f2efbd67659448a02b5920aa1937be4b5938d38515940c03a4a37da2a2cd3e,2,15G,rtcr,RAW_DEVICE_LOG_ARCHIVE,RTCReporting_messageLog_2026-[PHONE].txt
cc18ba27927bd5d2faf31bc46dc73ed476eca62a3f5f9b0161ad7345aab24c8d,2,15G,analytics_log,RAW_DEVICE_LOG_ARCHIVE,SiriSearchFeedback-[PHONE](1).ips || SiriSearchFeedback-[PHONE].ips
1225324f79d6198bba9ced74a65317c1222b87384e7f2c67ade93dcef3823642,2,15G,analytics_log,RAW_DEVICE_LOG_ARCHIVE,SiriSearchFeedback-[PHONE](1).ips || SiriSearchFeedback-[PHONE].ips
63ac10c31b497b744b65eee71bad989b4b707b90766415474301f92b09f053ef,2,15G,analytics_log,RAW_DEVICE_LOG_ARCHIVE,SiriSearchFeedback-[PHONE](1).ips || SiriSearchFeedback-[PHONE].ips
77f229262e309ff842f211e65a1aa7300d40e96595780d5c77c722bb592190af,2,15G,analytics_log,RAW_DEVICE_LOG_ARCHIVE,SiriSearchFeedback-[PHONE](1).ips || SiriSearchFeedback-[PHONE].ips
fe966c8396d46ea25cf258d7e40b3dc28dfb7022dc9cf5fd2ad894ef0bfa0440,2,15G,analytics_log,RAW_DEVICE_LOG_ARCHIVE,SiriSearchFeedback-[PHONE](1).ips || SiriSearchFeedback-[PHONE].ips
aa30e72b1ac5ff18d94cef6a1fe06c0c115fef4da3c938e8364461a386df5647,2,15G,analytics_log,RAW_DEVICE_LOG_ARCHIVE,xp_amp_app_usage_dnu-[PHONE].ips
516345245337d4dbaa6924fce0e1249a55842b2359bac6baf94926e1cccc2817,2,15G,rtcr,RAW_DEVICE_LOG_ARCHIVE,RTCReporting_messageLog_2026-[PHONE].txt
ceb23d170b028a1374081eff3d721d2c81f1f4c19dc3de2d6de8d7a4528867aa,2,15G,rtcr,RAW_DEVICE_LOG_ARCHIVE,RTCReporting_messageLog_2026-[PHONE].txt
9a776597f1420c93aa7f3983bb28a582ac9fef9401a69dfb2dda71e6015d56bb,2,15G,analytics_log,RAW_DEVICE_LOG_ARCHIVE,assetsd-[PHONE].ips
d0ec3d98484ae6d2220e1e6012b50f636ec926569d02d86c1ba83eb6abcc4b56,2,15G,analytics_log,RAW_DEVICE_LOG_ARCHIVE,SearchIndexer-[PHONE].ips
507daecaebc907b0ac992d20b1651f8f8965fc2c4632d6f97c34bffec4bfcc94,2,15G,analytics_log,RAW_DEVICE_LOG_ARCHIVE,SiriSearchFeedback-[PHONE].000.ips
1b159cc7a71b0c3d979753e8eaf254a1a7fc2e3b70cec64523871c856b65cb54,2,15G,analytics_log,RAW_DEVICE_LOG_ARCHIVE,SiriSearchFeedback-[PHONE].ips
25ea0e59e621e4aec6d38f680ba03cd85e6c8a465617a54918f3738ecb6224c7,2,15G,analytics_log,RAW_DEVICE_LOG_ARCHIVE,SiriSearchFeedback-[PHONE].ips
7c92b9f67b0c1862c12f899e66f9ba0b3de71b1a46e7ef9f3a3712c797f1a1d2,2,15G,sysdiagnose,RAW_DEVICE_LOG_ARCHIVE,sysdiagnose_2026.05.01_10-02-12+0800_iPhone-OS_iPhone_22F76.tar.gz
57ca3dea17d954e40a4525e875871c5d333a92e6aa8db8cbc348cc6550f50df4,2,15G,sysdiagnose,RAW_DEVICE_LOG_ARCHIVE,sysdiagnose_2026.05.01_11-56-24+0800_iPhone-OS_iPhone_22F76.tar.gz
80c949f4995825be05a157f76e427173dc1d4a12000ac9d230e828e61a98e0bb,2,15G,rtcr,RAW_DEVICE_LOG_ARCHIVE,RTCReporting_messageLog_2026-[PHONE].txt
827e1d7406519cab5c86e35959782cc7de1220cb4d68eb4ba51d1b00f5ea5df4,2,15G,analytics_log,RAW_DEVICE_LOG_ARCHIVE,Preferences-[PHONE].ips
559e044dc0f3aed9fa6ef6fac61d54563052d2db2cb38f3fd88cba3a59c3f14d,2,15G,analytics_log,RAW_DEVICE_LOG_ARCHIVE,SaveToFiles-[PHONE].0002 2.ips || SaveToFiles-[PHONE].0002.ips
d7d31751e922d4aa47e94768f60460c42fa5399084c81f67335a219744c15d69,2,15G,rtcr,RAW_DEVICE_LOG_ARCHIVE,RTCReporting_messageLog_2026-[PHONE].txt
52f6dae7d0cc47c5c2024f2cf24a96b51029e272215a76472fbccd53c5e7895f,2,15G,rtcr,RAW_DEVICE_LOG_ARCHIVE,RTCReporting_messageLog_2026-[PHONE].txt
828ee60bd80b98186017157a2421a27a04f8f114944e3c6960052d18d877d256,2,15G,analytics_log,RAW_DEVICE_LOG_ARCHIVE,calaccessd-[PHONE].0002.ips
9948022b759aeaa27bfc5163905786f9fbc45b3e8e15f68b4b4c8aeaf9012db4,2,15G,analytics_log,RAW_DEVICE_LOG_ARCHIVE,Preferences-[PHONE].000.ips
e1ecbd5b475b1be7320260aee549290cf3fe7b8f20625823992ae6a4233eeae5,2,15G,analytics_log,RAW_DEVICE_LOG_ARCHIVE,SearchIndexer-[PHONE].ips
b72c595c0a288b2c34f6462e760827f232d85947e9b7a52896bc8d1a8b0faeb3,2,15G,analytics_log,RAW_DEVICE_LOG_ARCHIVE,SiriSearchFeedback-[PHONE].ips
54402e63d932d1489cea4d06afdc28b94bfff77b99e3cc11f9d3de6a7511a7af,2,15G,analytics_log,RAW_DEVICE_LOG_ARCHIVE,SiriSearchFeedback-[PHONE].ips
8efc51f36562770aa690216cef9ed1d96c382c1edef26bef92c757fc8b0a9530,2,15G,analytics_log,RAW_DEVICE_LOG_ARCHIVE,SiriSearchFeedback-[PHONE].ips
f3104dc6a807ab8d635435504cf50b7ef9d4559ca5664e52ce46c86bc147aa5b,2,15G,analytics_log,RAW_DEVICE_LOG_ARCHIVE,stacks-[PHONE].ips
0e4dcddfef02acf9a8f71735322d2e40a92217756e4e13568d2d7547552c25dd,2,15G,sysdiagnose,RAW_DEVICE_LOG_ARCHIVE,sysdiagnose_2026.05.26_00-59-16+0700_iPhone-OS_iPhone_22F76.tar.gz
1b38302656ae627f75b4dcf7e2b4382cafa5e6aa0804910a13d665c8acb8e4f0,2,15G,analytics_log,RAW_DEVICE_LOG_ARCHIVE,SiriSearchFeedback-[PHONE].ips
49d128afdd03a1e238131f3b992f1dd2cf52b2991383b74865a13e420c423771,2,15G,analytics_log,RAW_DEVICE_LOG_ARCHIVE,SiriSearchFeedback-[PHONE].ips
a46813a1561c4feec9cdd3412dfd10fb3a7a94823acf72d48145ff6533904615,2,15G,analytics_log,RAW_DEVICE_LOG_ARCHIVE,stacks-[PHONE].ips
2888f25b14011cbb274ce883ec90e6cd3b3c402a3d90df9fc5e152bec6689dca,2,15G,sysdiagnose,RAW_DEVICE_LOG_ARCHIVE,sysdiagnose_2026.05.26_12-46-14+0700_iPhone-OS_iPhone_22F76.tar.gz
50282a3b9bde3b1ea1609f47f3b76cd059a50b59c4018966100719d64026e26a,2,15G,analytics_log,RAW_DEVICE_LOG_ARCHIVE,WiFiLQMMetrics-[PHONE].ips
48454d9c7e56a28bede885d2b51302283608594a4bd0b1438567c4f13d6a18a0,2,15G,analytics_log,RAW_DEVICE_LOG_ARCHIVE,SiriSearchFeedback-[PHONE].ips
3ce41e62d022f913d93d0dc4fc0189513189b3ec68904f2efea3326f3cb358e8,2,15G,analytics_log,RAW_DEVICE_LOG_ARCHIVE,SiriSearchFeedback-[PHONE].ips
181fa99e5e592d7761cc9e6680bfffdc37d573d2ce5cd23f922927e1a3a46213,2,15G,analytics_log,RAW_DEVICE_LOG_ARCHIVE,stacks-[PHONE].ips
84e5ab9b555df455e65848dc3b5cb8a7ae872ea540cb04172b943ba74cbd6dd4,2,15G,sysdiagnose,RAW_DEVICE_LOG_ARCHIVE,sysdiagnose_2026.05.27_20-46-21+0700_iPhone-OS_iPhone_22F76.tar.gz
382a751d4d70388f78d3020b6cd4970d18fb806d85a092fddfe64f45ac503375,2,15G,rtcr,RAW_DEVICE_LOG_ARCHIVE,RTCReporting_messageLog_2026-[PHONE].txt
f236d6d0c3fbbba3b39364724ebbd6de889f86942911b732e299f58238ed10f0,2,15G,rtcr,RAW_DEVICE_LOG_ARCHIVE,RTCReporting_messageLog_2026-[PHONE].txt
d004ec3d92a9ede571a40088d7e8d7c3cc37c299dc59779d40d431c17cfb4c24,2,15G,rtcr,RAW_DEVICE_LOG_ARCHIVE,RTCReporting_messageLog_2026-[PHONE].txt
b0794a7aee31f92b56f182d1cc71387a8be90fcb8e6bb9f6fe286713adefe17a,2,15G,analytics_log,RAW_DEVICE_LOG_ARCHIVE,SaveToFiles-[PHONE].ips
720f3f9d7a66ec9b49418a098a4a309c7e3f2e0f2bfa2b4080228fc6fd9f581a,2,15G,analytics_log,RAW_DEVICE_LOG_ARCHIVE,stacks-[PHONE].ips
2ef90af57a032368d692f26b61ee3d37c59264d70a47e5a48238c4fdee20f95f,2,15G,sysdiagnose,RAW_DEVICE_LOG_ARCHIVE,sysdiagnose_2026.05.30_21-10-45+0700_iPhone-OS_iPhone_22F76.tar.gz
878874164f6093f110945fed35fa909fed5eb6522474410151872408332f7644,2,15G,rtcr,RAW_DEVICE_LOG_ARCHIVE,RTCReporting_messageLog_2026-[PHONE].txt
722f6205c150420cbcb023a2402afe32a19bae9d511b7ec53bfde37bebe7ebb4,2,15G,analytics_log,RAW_DEVICE_LOG_ARCHIVE,Preferences-[PHONE].ips
d77488283cf70a6c12807cc51612cf1a1391cbbb7732abb2d6b1aff9ae96fc61,2,15G,analytics_log,RAW_DEVICE_LOG_ARCHIVE,SiriSearchFeedback-[PHONE].ips
aa4e9eb42f139a93beff7d151940ddfec7ac820eeddaed74999dbe542d557fb5,2,15G,analytics_log,RAW_DEVICE_LOG_ARCHIVE,SiriSearchFeedback-[PHONE].ips
338aed30d31ccf43e2cfa1fa730072cd2417db20c8b7ef36e4d55d8d6ce5e72e,2,15G,analytics_log,RAW_DEVICE_LOG_ARCHIVE,SiriSearchFeedback-[PHONE].000 2.ips || SiriSearchFeedback-[PHONE].000.ips
8cdd0ccefadb4444dffe0ae16a64b0004fad787228f5e94e1c62d6399e560ecf,2,15G,analytics_log,RAW_DEVICE_LOG_ARCHIVE,JetsamEvent-[PHONE].ips
a2be8cfe4dac977f6843c804598c1da1d6bb55155f7396cb10254dbecd69a792,2,15G,analytics_log,RAW_DEVICE_LOG_ARCHIVE,SiriSearchFeedback-[PHONE].ips
9d9586428cfb6db0c40e477e18ccf4b3c627eaf3bd84dbf742778276628d71fc,2,15G,analytics_log,RAW_DEVICE_LOG_ARCHIVE,SiriSearchFeedback-[PHONE].ips
5b5d13252a7459aa25d6c2058591d2fe4fdeb16e410f5953d49dee30ae73c9d3,2,15G,rtcr,RAW_DEVICE_LOG_ARCHIVE,RTCReporting_messageLog_2026-[PHONE].txt
21a8c84583d7887214c652b569707764ba2d9f318d09b8c95c3c3a404c67724e,2,iPad,text_log,RAW_DEVICE_LOG_ARCHIVE,Note - [PHONE] - ([PHONE] +0000) [splunk -  f.txt
e4d04490a77e3e565e9e9dfd0cfa8b6d8a34c125181bb5f44dc6fe3e43da6a68,2,iPad,rtcr,RAW_DEVICE_LOG_ARCHIVE,RTCReporting_messageLog_2025-[PHONE] (2).txt
cac207b72375c63e2a68564ef5e8ba11c7c00f2c767bc4899de8d56d63896ed4,2,iPad,rtcr,RAW_DEVICE_LOG_ARCHIVE,RTCReporting_messageLog_2025-[PHONE].txt
cbd9d0e893bfe194810a1e032f8368ddfc9330b026639e02125b6332d482ccf1,2,iPad,rtcr,RAW_DEVICE_LOG_ARCHIVE,RTCReporting_messageLog_2026-[PHONE].txt
7f318654bf2c63c9c894c1f93fd613f6cca68e950cd6d6485370ab34d6b90c72,2,iPad,rtcr,RAW_DEVICE_LOG_ARCHIVE,RTCReporting_messageLog_2026-[PHONE].txt
40b316bea740eb804c8b341ab1d19635bd776cfa5c55b41d5b574230fd8778be,2,iPad,analytics_log,RAW_DEVICE_LOG_ARCHIVE,SFA-ckks.json-[PHONE].000.ips
2ec561a0f29ce8ccaa449c2247ee9e484a5b054ccb4e25eaa2d6b44fac5f6dd0,2,iPad,rtcr,RAW_DEVICE_LOG_ARCHIVE,RTCReporting_messageLog_2026-[PHONE].txt
fa162d2e8d4dbfc5eab84776ca61f39a3f30925a27d7faa2bf9950ee01b85cf0,2,iPad,analytics_log,RAW_DEVICE_LOG_ARCHIVE,SiriSearchFeedback-[PHONE].ips
1533d7abab997a4684055fc7ca55e62808c00d7633f1d81d8cf3fe351a9865af,2,iPad,analytics_log,RAW_DEVICE_LOG_ARCHIVE,stacks-[PHONE].ips
c2b5bf4603b2854bb9d6ce73a26a1ba1898a64b45f09df655af6fd04408a31b6,2,iPad,sysdiagnose,RAW_DEVICE_LOG_ARCHIVE,sysdiagnose_2026.04.11_16-02-27+0700_iPhone-OS_iPad_22E252.tar.gz
38c6a9fc5990655c6142d204c167f284a1b1a494e704cf59e3226a0d3df88692,2,iPad,analytics_log,RAW_DEVICE_LOG_ARCHIVE,SiriSearchFeedback-[PHONE].ips
961e378f913ccb60b3e51da25c0524983a3dc43ae51dc99893219ff2ab210f64,2,iPad,analytics_log,RAW_DEVICE_LOG_ARCHIVE,SiriSearchFeedback-[PHONE].ips
b313b8acc93b3a982047b6b01119ab2ee4e1a5b2e7c901905b16faf4a7f96beb,2,iPad,analytics_log,RAW_DEVICE_LOG_ARCHIVE,stacks-[PHONE].ips
a9bd2846c7d8e676f1eef454ff7ce17249dcc5190281c9122533ce72b3e69f4e,2,iPad,sysdiagnose,RAW_DEVICE_LOG_ARCHIVE,sysdiagnose_2026.04.13_07-04-39+0700_iPhone-OS_iPad_22E252.tar.gz
5ebe21caa73e777d3f61d09f11869ff7dc952c4ea70631d97a7bf467373a761e,2,iPad,analytics_log,RAW_DEVICE_LOG_ARCHIVE,SiriSearchFeedback-[PHONE].ips
c2c65fb62a6e686424fc4014e1e82149c37741f077f96e12dd53f488108f59b3,2,iPad,analytics_log,RAW_DEVICE_LOG_ARCHIVE,stacks-[PHONE].ips
802a05d44f86f8b282e4700445062826f9e3dfff63946d51c6db399c9f0a10aa,2,iPad,sysdiagnose,RAW_DEVICE_LOG_ARCHIVE,sysdiagnose_2026.04.13_17-31-41+0700_iPhone-OS_iPad_22E252.tar.gz
dd26261b4dd2004cbaef86e1ffb5155974a4a703072cc508d083318e78f85220,2,iPad,analytics_log,RAW_DEVICE_LOG_ARCHIVE,SiriSearchFeedback-[PHONE].ips
db76c104d71665d05a866ebbed54cd0869ad79dfdc8b15544600f20d627d840e,2,iPad,analytics_log,RAW_DEVICE_LOG_ARCHIVE,stacks-[PHONE].ips
98dce6cbe6d3487cd6b5a3dfaabf89179bd6a06573f029ba90f0086ff89ea0db,2,iPad,sysdiagnose,RAW_DEVICE_LOG_ARCHIVE,sysdiagnose_2026.04.13_17-46-58+0700_iPhone-OS_iPad_22E252.tar.gz
e3c3f853f297f0215e6a94ee2a88ce6632c5e2fe2cc51cb266bc4305805e6a9b,2,iPad,rtcr,RAW_DEVICE_LOG_ARCHIVE,RTCReporting_messageLog_2026-[PHONE].txt
0a04807332d679e408d0f45a903067e24e662aebbee738a8a9b8d29368be5c7a,2,iPad,rtcr,RAW_DEVICE_LOG_ARCHIVE,RTCReporting_messageLog_2026-[PHONE].txt
ef829d29f67b62e955e0e48f37a0e50f8413f01149b0a47975367b7f2b7d3831,2,iPad,text_log,RAW_DEVICE_LOG_ARCHIVE,log-power-[PHONE].session
ed5749d4bae4761db5da3b3620d96b0648d4cc29fb4bc9b06cf85387075c69d4,2,iPhone11Pro,analytics_log,RAW_DEVICE_LOG_ARCHIVE,proactive_event_tracker-com_apple_Trial-com_apple_triald-[PHONE].ips
e1db5b8489c3239760b91276dfc538edb8b319c0237ddd11fb93cfa76f7a8f12,2,iPhone11Pro,rtcr,RAW_DEVICE_LOG_ARCHIVE,RTCReporting_messageLog_2025-[PHONE].txt
a960e4e55081569c2ca9455426303f7d39388a9ea0c86334c9d960fd366f3bee,2,iPhone11Pro,analytics_log,RAW_DEVICE_LOG_ARCHIVE,xp_amp_skad_perf-[PHONE].ips
143f10dafa4ffffaa1b117a43c0e05a304dcf955c9f538b2171ba3cb031796fd,2,iPhone11Pro,analytics_log,RAW_DEVICE_LOG_ARCHIVE,JetsamEvent-[PHONE].ips
89b27798f706dcc165a5a42f492ff0ab6b67b8f36ff3865df172ea683be74688,2,iPhone11Pro,sysdiagnose,RAW_DEVICE_LOG_ARCHIVE,sysdiagnose_2025.08.18_12-10-50+0700_iPhone-OS_iPhone_22F76.tar.gz
bb18b9d7724037c58ce7c9ed57804d476ae66a12ac17d4c97788d44e3f8b5a32,2,iPhone11Pro,analytics_log,RAW_DEVICE_LOG_ARCHIVE,knowledgeconstructiond.cpu_resource-[PHONE].ips
f0c18fe121939fd4b0714d820786724f09604b936611b12ad3178705f6663b11,2,iPhone11Pro,rtcr,RAW_DEVICE_LOG_ARCHIVE,RTCReporting_messageLog_2025-[PHONE].txt
a41a12d816459e77591ff7682f49ad173e1906e50d67e95a2db97bc42c8b709d,2,iPhone11Pro,rtcr,RAW_DEVICE_LOG_ARCHIVE,RTCReporting_messageLog_2025-[PHONE].txt
9256fa40af0e6586f6e71aa81c51128c181a7a2fe4b6427ef11ae75e6d33f6ba,2,iPhone11Pro,rtcr,RAW_DEVICE_LOG_ARCHIVE,RTCReporting_messageLog_2025-[PHONE].txt
57c2661b253383ada59251bea99d8a6d346626ba16732a68aaf78d77ea3222d8,2,iPhone11Pro,analytics_log,RAW_DEVICE_LOG_ARCHIVE,SFA-CloudServices.json-[PHONE].000.ips
5bdd58e7096441e78a67b2839cd369f1b7236aaeb15c3ec9bf2bca54bf776b4d,2,iPhone11Pro,rtcr,RAW_DEVICE_LOG_ARCHIVE,RTCReporting_messageLog_2025-[PHONE].txt
82c75b22dda22c57bcfee6235c899c8a9af0be573c1a69a5102dc37596f45eda,2,iPhone11Pro,rtcr,RAW_DEVICE_LOG_ARCHIVE,RTCReporting_messageLog_2025-[PHONE].txt
993e4d5409cb3678ae276bb1f716a166a13ca80dfb69d2fb27eec7c1d797ec03,2,iPhone11Pro,analytics_log,RAW_DEVICE_LOG_ARCHIVE,SiriSearchFeedback-[PHONE].ips
fb2889fca901d58fcac9618e9559af087e28385b7b808094f5cec2f3ddfb3a93,2,iPhone11Pro,analytics_log,RAW_DEVICE_LOG_ARCHIVE,MEGAShare-[PHONE].ips
11234a358715ffe3ba55d30223ab19211a917953fa1270802098b846099ccffa,2,iPhone11Pro,rtcr,RAW_DEVICE_LOG_ARCHIVE,RTCReporting_messageLog_2025-[PHONE].txt
43f8e9295790895bb409aa387c2cfbe67dd8f5ec7bf5feca2586d0c24248e311,2,iPhone11Pro,analytics_log,RAW_DEVICE_LOG_ARCHIVE,knowledgeconstructiond.cpu_resource-[PHONE].ips
d7a3bbb818bc54b72995bcda799dcb9688598b996c70d6d849323d48791afe6f,2,iPhone11Pro,analytics_log,RAW_DEVICE_LOG_ARCHIVE,SFA-CloudServices.json-[PHONE].ips
65efcc0be08bb2a8751aef72e7aa2c0da1eff68b91c710b291efa71a947f0b7c,2,iPhone11Pro,text_log,RAW_DEVICE_LOG_ARCHIVE,log-power-[PHONE].session
2077d6510ab83798d5f9a503c7ae095bbe40b3e04351baf6192f03049685453a,2,iPhone11Pro,analytics_log,RAW_DEVICE_LOG_ARCHIVE,proactive_event_tracker-com_apple_Trial-com_apple_triald-[PHONE].ips
22579e81c4cef8308d42bc65df89840c4bbf79fb76952ef18af44ff194ffa135,2,iPhone11Pro,rtcr,RAW_DEVICE_LOG_ARCHIVE,RTCReporting_messageLog_2025-[PHONE].txt
d06d296eca157bdfae4df5a19cb4d46b4234155d729dc926a6de811ea2d8b0c4,2,iPhone11Pro,rtcr,RAW_DEVICE_LOG_ARCHIVE,RTCReporting_messageLog_2025-[PHONE]-09_2.txt || RTCReporting_messageLog_2025-[PHONE].txt
fd1f0b7c8de496fcf5dc8808109dc4863cc2a92e87a18ade704d42570ac2ceda,2,iPhone11Pro,analytics_log,RAW_DEVICE_LOG_ARCHIVE,JetsamEvent-[PHONE].ips
096f444034f4cf9dfb8332390ea63cb9a9c8231def5a12defe4d1faaa7311db7,2,iPhone11Pro,analytics_log,RAW_DEVICE_LOG_ARCHIVE,JetsamEvent-[PHONE].ips
ed18684e088ee4d2dda4a60e8f1f99b4ce76fd0e3b6ad02ff4a3bf07bcf7141d,2,iPhone11Pro,analytics_log,RAW_DEVICE_LOG_ARCHIVE,SFA-ckks.json-[PHONE].ips
69e833fd8ed4a0d5b8dca3c2a1689276c899417e6e1a9c6f2ab6c594cfc1a1d6,2,iPhone11Pro,analytics_log,RAW_DEVICE_LOG_ARCHIVE,SFA-CloudServices.json-[PHONE].ips
220efd2419d95fb4197764c99af587e2e96c55815f546f6c4de6a0dea384e243,2,iPhone11Pro,analytics_log,RAW_DEVICE_LOG_ARCHIVE,SFA-local.json-[PHONE].0003.ips
7c3bd7fbb4c596480d199b0d47648a81509fc5b13a822c45cb8bae77aeb8dc70,2,iPhone11Pro,analytics_log,RAW_DEVICE_LOG_ARCHIVE,SFA-networking.json-[PHONE].ips
68f5ba3f685bce489a0767879f4330cf3d1fabbdf9b89f57f0892644d8e3a764,2,iPhone11Pro,analytics_log,RAW_DEVICE_LOG_ARCHIVE,SFA-pcs.json-[PHONE].0002.ips
911b2545b9f42a9d56106977f5ee0b2bf06a12e4716c5de6eabdb7d46bba49d6,2,iPhone11Pro,analytics_log,RAW_DEVICE_LOG_ARCHIVE,SFA-sos.json-[PHONE].000.ips
9aedcc6aa26372bbe3323e4b2ca78a7f6c1a02c22b33ac2ac05f7649d166450d,2,iPhone11Pro,analytics_log,RAW_DEVICE_LOG_ARCHIVE,SFA-swtransparency.json-[PHONE].ips
60f4d8de7b083a194d1bd1e34120089ad99cf9776138367f3d6ebac02af7fb17,2,iPhone11Pro,analytics_log,RAW_DEVICE_LOG_ARCHIVE,SFA-transparency.json-[PHONE].ips
760b919cfa4e3cafc7b24d34dbaecefd0af0f0f9d2527146e11bc2338e9b11df,2,iPhone11Pro,analytics_log,RAW_DEVICE_LOG_ARCHIVE,SFA-transparency.json-[PHONE] (2).ips || SFA-transparency.json-[PHONE].ips
51e27f7d991ccdddb2ac7b5e251acfcaaeb4986f70feadf5395dc9a126dc69ef,2,iPhone11Pro,analytics_log,RAW_DEVICE_LOG_ARCHIVE,TilesService.diskwrites_resource-[PHONE].ips
fc0b4f96747615d56a5a9499a0ccb64b16164bd342c5e236caaf6868452a26f5,2,iPhone11Pro,analytics_log,RAW_DEVICE_LOG_ARCHIVE,SiriSearchFeedback-[PHONE].ips
5c9c8da4153664c7212696473d32877cd738e48a3c8c0894106a59e78655664a,2,iPhone11Pro,analytics_log,RAW_DEVICE_LOG_ARCHIVE,knowledgeconstructiond.cpu_resource-[PHONE].ips
f5f740e9237f4ae50c19bf3df0ff959d7239f76ad5c39d848e74d8a842a076c1,2,iPhone11Pro,analytics_log,RAW_DEVICE_LOG_ARCHIVE,ShareExtension.diskwrites_resource-[PHONE].ips
cbbab5c7a328cfc7a7731020738fe44f1fc8d48300904e2050e660ceb8ba2e5a,2,iPhone11Pro,analytics_log,RAW_DEVICE_LOG_ARCHIVE,SFA-CloudServices.json-[PHONE].ips
fc63ce1b2fa56626d28d58092aba2cb894338393349c96f5bbebc8c26b2768ac,2,iPhone11Pro,analytics_log,RAW_DEVICE_LOG_ARCHIVE,SFA-swtransparency.json-[PHONE].ips
ee89b0c8b64c98e8918a112e87acddc0a4bfed1c554894e556057240b97288ad,2,iPhone11Pro,analytics_log,RAW_DEVICE_LOG_ARCHIVE,SFA-transparency.json-[PHONE].ips
459693d1651a4f11c6d2f58b7d8e7fc045c3a05da67d7bb5b127f2058e664504,2,iPhone11Pro,analytics_log,RAW_DEVICE_LOG_ARCHIVE,SiriSearchFeedback-[PHONE].ips
aced4066cbe88d343c756755f85aeee369665e94e363e1a76289ef6f2a31439d,2,iPhone11Pro,other,RAW_DEVICE_LOG_ARCHIVE,PrivacyPreservingMeasurement_2025-[PHONE].json.anon
bef916ce414340924a25917d50c7af6622d258c1190bc645834eed8aba9e592b,2,iPhone11Pro,analytics_log,RAW_DEVICE_LOG_ARCHIVE,xp_amp_skad_perf-[PHONE].ips
7940ee893fce5e1ffeddba9b780a3be0fea0677f51d24a4b7cca41f160a06ba1,2,iPhone11Pro,rtcr,RAW_DEVICE_LOG_ARCHIVE,RTCReporting_messageLog_2026-[PHONE].txt
982cf52705c1b33bd2809303323355429006156f9a4ce25cf8ad31a2ffa9bb6a,2,iPhone11Pro,rtcr,RAW_DEVICE_LOG_ARCHIVE,RTCReporting_messageLog_2026-[PHONE].txt
2f8e9f013677dbd96263ba7139b3dad8a97ce0c7864f165e7ba3bee1371003ff,2,iPhone11Pro,analytics_log,RAW_DEVICE_LOG_ARCHIVE,proactive_event_tracker-com_apple_Trial-com_apple_triald-[PHONE].ips
640727e3e233db12d1748b25723c1ac524f6a69e328c4badc7a84d73d04e3270,2,iPhone11Pro,analytics_log,RAW_DEVICE_LOG_ARCHIVE,JetsamEvent-[PHONE].ips || JetsamEvent-[PHONE].ips.synced
071f3e9030bda8cfd741bbf70e6f65605abf5190ac731397842e7fcf930f9b0a,2,iPhone11Pro,rtcr,RAW_DEVICE_LOG_ARCHIVE,RTCReporting_messageLog_2026-[PHONE].txt
0044010170cf54331b7442c03962d75378374002880d0e41393821976207424e,2,iPhone11Pro,rtcr,RAW_DEVICE_LOG_ARCHIVE,RTCReporting_messageLog_2026-[PHONE].txt
1259ed82d27b2af06521d6efaff180034f06ae79a8f07a9b854cc7e01baea1a4,2,iPhone11Pro,analytics_log,RAW_DEVICE_LOG_ARCHIVE,stacks-[PHONE].ips
716d9be8005f771c2cde0ba2c6b5d71cc6fe1427d60ca3187a19ac86175b328f,2,iPhone11Pro,rtcr,RAW_DEVICE_LOG_ARCHIVE,RTCReporting_messageLog_2026-[PHONE].txt
e81bf50b7db82e6334403909bd3aaf836496541da0fa8eefed46f66524a6ce73,2,iPhone11Pro,rtcr,RAW_DEVICE_LOG_ARCHIVE,RTCReporting_messageLog_2026-[PHONE].txt
25a6e23b6fb60721759702d32d5ce1a3e8f4f887982d2840af9006bc573fed20,2,iPhone11Pro,analytics_log,RAW_DEVICE_LOG_ARCHIVE,SiriSearchFeedback-[PHONE].000.ips
a5cb06961dba12a723094b0908260a5781b22e249e6690aeccd99a5473262408,2,iPhone11Pro,analytics_log,RAW_DEVICE_LOG_ARCHIVE,SiriSearchFeedback-[PHONE].ips
f8a41b0d45b249558e48656c73be6234d9465f0984a802dafae3f167ee74cc2d,2,iPhone11Pro,analytics_log,RAW_DEVICE_LOG_ARCHIVE,stacks-[PHONE].ips
ca648637958ea93886097576f61f713a8b9e3cd1c97b95e0a5621792d3ede101,2,iPhone11Pro,sysdiagnose,RAW_DEVICE_LOG_ARCHIVE,sysdiagnose_2026.04.11_16-06-05+0700_iPhone-OS_iPhone_22F76.tar.gz
385cfe00441c360fc8675e521d8a6252870aced9caa875905324f7e50e969b70,2,iPhone11Pro,analytics_log,RAW_DEVICE_LOG_ARCHIVE,SiriSearchFeedback-[PHONE].ips
1aa26e4db313963ccfbb4c22d4be13c184c8ad3182fcf030ee668a567696a83b,2,iPhone11Pro,analytics_log,RAW_DEVICE_LOG_ARCHIVE,SiriSearchFeedback-[PHONE].ips
95f6a95bf65ff37cdc7e997f08427cd51098dee30f3b3c9518ce224d1772e500,2,iPhone11Pro,analytics_log,RAW_DEVICE_LOG_ARCHIVE,stacks-[PHONE].ips
055c619b5b06523be0e4f10574127b5742bc9ae72d4396807615b46132bf5063,2,iPhone11Pro,sysdiagnose,RAW_DEVICE_LOG_ARCHIVE,sysdiagnose_2026.04.12_15-57-03+0800_iPhone-OS_iPhone_22F76.tar.gz
7fc43fc3b481a6572742b9f7e8e42e609c471162f1aa81c60d32f856eb635ed6,2,iPhone11Pro,analytics_log,RAW_DEVICE_LOG_ARCHIVE,SiriSearchFeedback-[PHONE].ips
5d3b3af08dad30786b85d377d904be21986f477319bcba59656075f2f1fa1843,2,iPhone11Pro,analytics_log,RAW_DEVICE_LOG_ARCHIVE,SiriSearchFeedback-[PHONE].ips
318978f72a7dc91e095af70faff8e1bd3d30968ff89aa4e9dc20a805bab8cc19,2,iPhone11Pro,analytics_log,RAW_DEVICE_LOG_ARCHIVE,SiriSearchFeedback-[PHONE].ips
ae08c92f7f0a706f50dc805ff600f5f46cc745fd83fca1a4670cf23b03db2622,2,iPhone11Pro,analytics_log,RAW_DEVICE_LOG_ARCHIVE,stacks-[PHONE].ips
229a9ea98260b4ede7a6894225f7eb076f7761bdafc654183300cf61ab004686,2,iPhone11Pro,sysdiagnose,RAW_DEVICE_LOG_ARCHIVE,sysdiagnose_2026.04.12_16-15-52+0800_iPhone-OS_iPhone_22F76.tar.gz
999fa5a9e2d95b910eb54814b104f087535be453dcbe1f4f01f48eeaa62240ea,2,iPhone11Pro,analytics_log,RAW_DEVICE_LOG_ARCHIVE,JetsamEvent-[PHONE].ips
f9c17e8d82e1be39bb416763ffbf8a11a6a494ee8db1ec735f54855fae6c8657,2,iPhone11Pro,analytics_log,RAW_DEVICE_LOG_ARCHIVE,SiriSearchFeedback-[PHONE].ips
d0e3e3b432ae662ca776592cb8f1d3ab4c6b64d1961f136698f1c4b31305f4d1,2,iPhone11Pro,analytics_log,RAW_DEVICE_LOG_ARCHIVE,stacks-[PHONE].ips
d0e175ccab351f057758aa7c2dc015a7401d3e220b11c5d8f692994453a52514,2,iPhone11Pro,sysdiagnose,RAW_DEVICE_LOG_ARCHIVE,sysdiagnose_2026.04.17_17-49-11+0800_iPhone-OS_iPhone_22F76.tar.gz
d1c3259424cf0acac377a9e9692ccfa0cff96e2655803983b1782a793e12d3cf,2,iPhone11Pro,rtcr,RAW_DEVICE_LOG_ARCHIVE,RTCReporting_messageLog_2026-[PHONE].txt
aa8b1c80c74645e16cb45685b4eda5796bbe9360795574a67f6947f2fdab8118,2,iPhone11Pro,rtcr,RAW_DEVICE_LOG_ARCHIVE,RTCReporting_messageLog_2026-[PHONE].txt
3e537f3fe2d69546e0261271066778170e51cb4b362b12a27eec1316bf31ceeb,2,iPhone11Pro,analytics_log,RAW_DEVICE_LOG_ARCHIVE,stacks-[PHONE].ips
c402c80d8a2f4811ab09b7fc47ed5837a6b2f53b8b52b487955022a615936549,2,iPhone11Pro,analytics_log,RAW_DEVICE_LOG_ARCHIVE,stacks-[PHONE].ips
18befee2fc4a103ebc5de6fb280a6cd44bfa9796cb74535eab1ca284a45f0933,2,iPhone11Pro,sysdiagnose,RAW_DEVICE_LOG_ARCHIVE,sysdiagnose_2026.04.20_11-02-50+0800_iPhone-OS_iPhone_22F76.tar.gz
4ba82d5e51e5ab0041e2bfa32ff9e6b944e8e0257be265822b9614510c5e5821,2,iPhone11Pro,analytics_log,RAW_DEVICE_LOG_ARCHIVE,SiriSearchFeedback-[PHONE].000.ips
e0d6a2bd5c96c506048b8bfec724cd37028bc7ab96af144e289207d45fb010e1,2,iPhone11Pro,analytics_log,RAW_DEVICE_LOG_ARCHIVE,SiriSearchFeedback-[PHONE].ips
47ea1ce3b93ad56674d879b54fe9e948b58ebfc0e362210214189b65aedeff05,2,iPhone11Pro,analytics_log,RAW_DEVICE_LOG_ARCHIVE,stacks-[PHONE].ips
912fd622c42b02d0b683f6da19911a5869d163dec87e51c8000b31fa153e0f6c,2,iPhone11Pro,sysdiagnose,RAW_DEVICE_LOG_ARCHIVE,sysdiagnose_2026.04.20_12-25-06+0800_iPhone-OS_iPhone_22F76.tar.gz
9add2f9b90c4b30a501380bbf6fc3a460729d071167b175af5e8fd417f2ca72b,2,iPhone11Pro,analytics_log,RAW_DEVICE_LOG_ARCHIVE,SiriSearchFeedback-[PHONE].000.ips
b503e7069c7dd37d4b79d8305aa4a0a086399edf4c8e7397bdeb0a8dee116bf3,2,iPhone11Pro,analytics_log,RAW_DEVICE_LOG_ARCHIVE,SiriSearchFeedback-[PHONE].ips
6d437b638a1710ce94b5c524dfa52f61c1b3eee73a5dede891e4f2cd0a4f4e41,2,iPhone11Pro,analytics_log,RAW_DEVICE_LOG_ARCHIVE,SiriSearchFeedback-[PHONE].ips
85c80dd5596c92e47eb7294ebf7af9957827a6892b8cc8b5ed803d8ccb674e9c,2,iPhone11Pro,analytics_log,RAW_DEVICE_LOG_ARCHIVE,stacks-[PHONE].ips
7b9f7b0082ae568d8f3c6d667ac3eb1c79bbd686148f010b631808aa75f03e81,2,iPhone11Pro,sysdiagnose,RAW_DEVICE_LOG_ARCHIVE,sysdiagnose_2026.04.22_18-46-26+0800_iPhone-OS_iPhone_22F76.tar.gz
9cac8dcc9ffdffcdadd3277dc6b07db087e7a080bde064979ef0df4e31b139d7,2,iPhone11Pro,analytics_log,RAW_DEVICE_LOG_ARCHIVE,proactive_event_tracker-com_apple_Trial-com_apple_triald-[PHONE].ips
054047af92c9d0a37acd1828268728af4d05cfb938fff60d94f9ae8f341d5a33,2,iPhone11Pro,rtcr,RAW_DEVICE_LOG_ARCHIVE,RTCReporting_messageLog_2026-[PHONE].txt
c2d89ab9a8f23c42a5082ee2137c8db053fd546afc2d8a9051f5ce273598a7bd,2,iPhone11Pro,analytics_log,RAW_DEVICE_LOG_ARCHIVE,SiriSearchFeedback-[PHONE].ips
359e767484641bcdc48d94f912341a345ca9ef3f7b6db25d620a589558a6e568,2,iPhone11Pro,analytics_log,RAW_DEVICE_LOG_ARCHIVE,SiriSearchFeedback-[PHONE].000.ips
c81e6050a301946b19c3810bae8169c644c34e526adc3299d7ee8bcfc6d8ebfa,2,iPhone11Pro,analytics_log,RAW_DEVICE_LOG_ARCHIVE,SiriSearchFeedback-[PHONE].ips
7de300235b21e11d4d6bc3488e83a2c98927e91424f4e797c546211ab15caf27,2,iPhone11Pro,analytics_log,RAW_DEVICE_LOG_ARCHIVE,SiriSearchFeedback-[PHONE].ips
f67a64a3e3291bd2c6578d4baf098f394a35583555a646613f44ea3db35eef29,2,iPhone11Pro,analytics_log,RAW_DEVICE_LOG_ARCHIVE,SiriSearchFeedback-[PHONE].ips
b964fdae3c6fb19946f24189891305fcb1b70c2916cd95bf1ab31a9fd4ae4c5c,2,iPhone11Pro,rtcr,RAW_DEVICE_LOG_ARCHIVE,RTCReporting_messageLog_2026-[PHONE].txt
da9ac73fde20417aed578b8d9901246ba7540a68c652682cbb63b973ffaf4c9b,2,iPhone11Pro,analytics_log,RAW_DEVICE_LOG_ARCHIVE,JetsamEvent-[PHONE].ips
9a3c5c13ca1938b5e689d19687c6a99e4f1a1073103ee692c3075ef1bf2d95ea,2,iPhone11Pro,analytics_log,RAW_DEVICE_LOG_ARCHIVE,SiriSearchFeedback-[PHONE].000.ips
ae91bedf1d12798166f5e00ea710d103b259a5c864879f01c53a1b4f561a37fa,2,iPhone11Pro,analytics_log,RAW_DEVICE_LOG_ARCHIVE,SiriSearchFeedback-[PHONE].ips
ccb65910396398bf88485ad10ede718a3eb6019c86601f31428fada63fbaf768,2,iPhone11Pro,analytics_log,RAW_DEVICE_LOG_ARCHIVE,SiriSearchFeedback-[PHONE].ips
93b631e3f19e6ee76b09daaae7d15a2124e457f70a8fe3bf9e474364eb89837b,2,iPhone11Pro,analytics_log,RAW_DEVICE_LOG_ARCHIVE,stacks-[PHONE].000.ips
f5e590e707402666cc3ec9709f92e078eb4089575980bc67049b5c16e8d26b21,2,iPhone11Pro,analytics_log,RAW_DEVICE_LOG_ARCHIVE,stacks-[PHONE].ips
5dfab6264700875afec886c6c58bf967b6576eea27a702d69a5544e9f8c9c9e2,2,iPhone11Pro,sysdiagnose,RAW_DEVICE_LOG_ARCHIVE,sysdiagnose_2026.04.30_20-13-09+0800_iPhone-OS_iPhone_22F76.tar.gz
0dc635945fd2077a3f4fd48ba8c41075a813caf1ec77e80a40e0393b7b43f6ab,2,iPhone11Pro,rtcr,RAW_DEVICE_LOG_ARCHIVE,RTCReporting_messageLog_2026-[PHONE].txt
90e3dfac57e02b3e580aebd89550bfafbdcf7ff6cd739086edd987858942c052,2,iPhone11Pro,rtcr,RAW_DEVICE_LOG_ARCHIVE,RTCReporting_messageLog_2026-[PHONE].txt
2bf391cbe91b11711a7fb24ec314e1971c77846f6bc375d56f61b80d98f619ac,2,iPhone11Pro,rtcr,RAW_DEVICE_LOG_ARCHIVE,RTCReporting_messageLog_2026-[PHONE].txt
cb97571552f68d31105a24b27fd10acb754a4efcf4dc56324734b6816b690900,2,iPhone11Pro,analytics_log,RAW_DEVICE_LOG_ARCHIVE,xp_amp_app_usage_dnu-[PHONE].ips
e128eb6b13dc759fb5b857675905db4e79f8ecefae1e3af15a9c19bec79e1ab1,2,iPhone11Pro,rtcr,RAW_DEVICE_LOG_ARCHIVE,RTCReporting_messageLog_2026-[PHONE].txt
73bdb3c4aaf9b97bf85d473b4e7509b076e3216413c3b5d59c6f8a8c8795784a,2,iPhone11Pro,analytics_log,RAW_DEVICE_LOG_ARCHIVE,SiriSearchFeedback-[PHONE].000.ips
2ec7f729a752b2017b180c5f03db362dbadd7ce648382318a9e71d87af826be5,2,iPhone11Pro,analytics_log,RAW_DEVICE_LOG_ARCHIVE,SiriSearchFeedback-[PHONE].ips
61a464410771db68bd726142fff03c43fb93a49ef3038b87c17982b65ae45e68,2,iPhone11Pro,analytics_log,RAW_DEVICE_LOG_ARCHIVE,stacks-[PHONE].ips
6777887110d4f8dc0175946202db6a5e2db5024926a6286f95b546b3b8de0694,2,iPhone11Pro,sysdiagnose,RAW_DEVICE_LOG_ARCHIVE,sysdiagnose_2026.05.01_09-53-35+0800_iPhone-OS_iPhone_22F76.tar.gz
e26bec3f0536a61112b4fa4cd6053afa23bbf3262db7a5386e0c8d0bb7fca6a4,2,iPhone11Pro,rtcr,RAW_DEVICE_LOG_ARCHIVE,RTCReporting_messageLog_2026-[PHONE].txt
17791661d3db17740231d3c36a36f89015f813f7dc31b1a19ff62b951c52b149,2,iPhone11Pro,analytics_log,RAW_DEVICE_LOG_ARCHIVE,TikTok.cpu_resource-[PHONE].ips
b28ef1aa323362812fd8cb1fdcdca1a67ecf2b36454638820d48dd4ee789d444,2,iPhone11Pro,rtcr,RAW_DEVICE_LOG_ARCHIVE,RTCReporting_messageLog_2026-[PHONE].txt
9c39c9150401c49e40fb4933d0cd2457abf1516a4382182f6a67cd7d736e0069,2,iPhone11Pro,rtcr,RAW_DEVICE_LOG_ARCHIVE,RTCReporting_messageLog_2026-[PHONE].txt
9a9e28d59624536f1902a6b7cfe6904722561593400e79b16bd02b3431b71ed8,2,iPhone11Pro,analytics_log,RAW_DEVICE_LOG_ARCHIVE,SiriSearchFeedback-[PHONE].ips
508c19a0060b1cc5a4ef6f177ab6725a862f65f554667aacb91ae6d2da005a20,2,iPhone11Pro,analytics_log,RAW_DEVICE_LOG_ARCHIVE,stacks-[PHONE].ips
b7acebcc39968008690f15ef61a81ed36b6385e2bc889878cffe9b2f644f55dc,2,iPhone11Pro,sysdiagnose,RAW_DEVICE_LOG_ARCHIVE,sysdiagnose_2026.05.07_10-28-08+0800_iPhone-OS_iPhone_22F76.tar.gz
71392fb03261d0029fd7467fab6de6403f5c09fe52f1aebfcf77d0f88456703f,2,iPhone11Pro,rtcr,RAW_DEVICE_LOG_ARCHIVE,RTCReporting_messageLog_2026-[PHONE].txt
ea6586a66b936efca31eb9554eca8edff40fa061ccdc9bf00471567850b75cb9,2,iPhone11Pro,analytics_log,RAW_DEVICE_LOG_ARCHIVE,stacks-[PHONE].ips
893336e4ec557660121311d5f65bea8ab828415a2c0d3b8becc8f2e72707e6ad,2,mini1,commcenter_baseband|plist,RAW_DEVICE_LOG_ARCHIVE,log-bb-[PHONE]-stats.plist
666ce62bb04937305c4d29c88b8de6b500ef62b4277c566ef474030f32e39148,2,mini1,commcenter_baseband|plist,RAW_DEVICE_LOG_ARCHIVE,log-bb-[PHONE]-stats.plist
4ccab7e6f2e8c792a11dcfcab28c7dafe38677b689f78b615fd02c05c4d0b184,2,mini1,commcenter_baseband|plist,RAW_DEVICE_LOG_ARCHIVE,log-bb-[PHONE]-stats.plist
ffe1c24c49aac244cd3d6dd1c463076bb7719b02c5329cc55015202147fbbf31,2,mini1,text_log,RAW_DEVICE_LOG_ARCHIVE,log-power-[PHONE].session
e92c6fd0e99358207e8031b3a822718f2bb270aa6b9cda44d68c43a8df0cd8fa,2,mini1,analytics_log,RAW_DEVICE_LOG_ARCHIVE,xp_amp_app_usage_dnu-[PHONE].ips
7c9de42febac2acc5c5212271e057e3c8b1c15e18bf5c53909b2c5633c5566c3,2,mini1,commcenter_baseband|plist,RAW_DEVICE_LOG_ARCHIVE,log-bb-[PHONE]-stats.plist
8d4038992c8e05ae29ce3c3052c886a9ce9275f9b659e431265bfe34106e355b,2,mini1,text_log,RAW_DEVICE_LOG_ARCHIVE,log-power-[PHONE].session
a91d137e438de8f2cfab2326627598c895117d270e50650856ff08c067d67817,2,mini1,analytics_log,RAW_DEVICE_LOG_ARCHIVE,xp_amp_app_usage_dnu-[PHONE].ips
52603df9634c1f7724f8e0dc1415b2f9b84f2ec074a07364bac0b4991af3ba28,2,mini1,analytics_log,RAW_DEVICE_LOG_ARCHIVE,xp_amp_app_usage_dnu-[PHONE].ips
f92e96e5eb248c0d0974bfcdcd4397c6dadd01f3cc6667a9ea746ccec03f723a,2,mini1,analytics_log,RAW_DEVICE_LOG_ARCHIVE,SiriSearchFeedback-[PHONE].ips
dafd55964db7ab4083a489218ec86284ca7f62c5e2953053ed791e5fb4104162,2,mini1,analytics_log,RAW_DEVICE_LOG_ARCHIVE,SiriSearchFeedback-[PHONE].ips
0209717388b24645e1411d3efde5a90d0e2b70aa189220c1b89a066a8b0d8623,2,mini1,analytics_log,RAW_DEVICE_LOG_ARCHIVE,JetsamEvent-[PHONE].ips
485e841fcc28a46b7f0b56819eccff96f42d5fa413809e5f65729b2b0681e360,2,mini1,commcenter_baseband|plist,RAW_DEVICE_LOG_ARCHIVE,log-bb-[PHONE]-stats.plist
f27bb748a8334a81f0bd7c233315288b2ad09594015bc71faf1356d095e8d0ed,2,mini1,text_log,RAW_DEVICE_LOG_ARCHIVE,log-power-[PHONE].session
39464c4073542ceb0981f47bdad5187fad178d97e42a7347ee2571889cfe3e85,2,mini1,analytics_log,RAW_DEVICE_LOG_ARCHIVE,MobileNotes-[PHONE].ips
594bc6b1f9b0fa532eae7e46048d101d6a59eca5c44c19454edce0315630b91c,2,mini1,analytics_log,RAW_DEVICE_LOG_ARCHIVE,JetsamEvent-[PHONE].ips
03d136552e105014a97270d62e71c8bfc46719145a98e73166fd824085c24194,2,mini1,analytics_log,RAW_DEVICE_LOG_ARCHIVE,JetsamEvent-[PHONE].ips
6d1bff2349e644cddabe5833c9abaa059e5196751ffead1fd21fbc12878c2291,2,mini1,analytics_log,RAW_DEVICE_LOG_ARCHIVE,proactive_event_tracker-com_apple_Trial-com_apple_triald-[PHONE].ips
8124b98fca4eb1bdc7a1e60676c704d61c8f4ff0b566969ff827482469461d1f,2,mini1,rtcr,RAW_DEVICE_LOG_ARCHIVE,RTCReporting_messageLog_2025-[PHONE].txt
22ed208212494cc191562bca5e315e0d8c427c7a5c835f06ec063ee580fec040,2,mini1,analytics_log,RAW_DEVICE_LOG_ARCHIVE,SFA-ckks.json-[PHONE].ips
8423cbbbe31b51079621b104c9097e84cc80992a783dcafeeb049e80254e2181,2,mini1,analytics_log,RAW_DEVICE_LOG_ARCHIVE,SFA-CloudServices.json-[PHONE].ips
cec8fca8821975b597bf7655ac2499b414a208649a902be11ed6ca5015d620dc,2,mini1,analytics_log,RAW_DEVICE_LOG_ARCHIVE,SFA-local.json-[PHONE].0003.ips
d16668101d5062a2fd573e8df7aeb6786ea6c665b9e5955365f7e5481f6e7f1a,2,mini1,analytics_log,RAW_DEVICE_LOG_ARCHIVE,SFA-networking.json-[PHONE].000.ips
51dff279110724a57fb1285c7e095c2ccd5d5c25abea668a8e1cf0bb6c21a216,2,mini1,analytics_log,RAW_DEVICE_LOG_ARCHIVE,SFA-pcs.json-[PHONE].0002.ips
1046ad088c2ca6b50d20ac128af1b1f694ce6f7e4c83b0d5975b407d72c57f9c,2,mini1,analytics_log,RAW_DEVICE_LOG_ARCHIVE,SFA-sos.json-[PHONE].000.ips
d5cb9f01b0cdfbb235bc6e6a3547b413fe7515177fb88c7ad87a0a2dbcdf3cf7,2,mini1,analytics_log,RAW_DEVICE_LOG_ARCHIVE,SFA-swtransparency.json-[PHONE].ips
abafee667661bfa4258e1e71330c2a43295bf8e3690a4a9bb0d5e9ba825aaef1,2,mini1,analytics_log,RAW_DEVICE_LOG_ARCHIVE,SFA-transparency.json-[PHONE].ips
e5b81c734ee2556824758756ae67dcdc7d2916cb9335e213a5e22cb2aa485b34,2,mini1,analytics_log,RAW_DEVICE_LOG_ARCHIVE,SiriSearchFeedback-[PHONE].ips
988fee3365362e49762058056c7e481d9e4cc5e94455e2a5ec0d2c244b7d0849,2,mini1,analytics_log,RAW_DEVICE_LOG_ARCHIVE,SiriSearchFeedback-[PHONE].ips
5833970cfe2a4b5e34532b9f618cba8081c8db0ef94fe1476f7834844f95f2fb,2,mini1,analytics_log,RAW_DEVICE_LOG_ARCHIVE,SiriSearchFeedback-[PHONE].ips
76f499f44d77702dc6eae070e99243b35a52dc7319a0eacb940c8963419d5798,2,mini1,analytics_log,RAW_DEVICE_LOG_ARCHIVE,SiriSearchFeedback-[PHONE].ips
7e467f88886acf642f8e916518f2baae4e121c1b149607cd2bb70fd40e27cf2b,2,mini1,analytics_log,RAW_DEVICE_LOG_ARCHIVE,SiriSearchFeedback-[PHONE].ips
84b406bff4143fc4ca2735b5dbdb6cf496abe63c59a483c83be39f52e707c4b8,2,mini1,analytics_log,RAW_DEVICE_LOG_ARCHIVE,SiriSearchFeedback-[PHONE].ips
e95ea9473fc88e8d3e751be7832c3dfaa54c38ce398496bf58439235e63a9920,2,mini1,analytics_log,RAW_DEVICE_LOG_ARCHIVE,SiriSearchFeedback-[PHONE].ips
5f315b78d0db5b1c2a14299f18451cb830211cc91f9b96e0679e3b3aeb94b9fb,2,mini1,analytics_log,RAW_DEVICE_LOG_ARCHIVE,SiriSearchFeedback-[PHONE].ips
aa706f8987c59118a7db2aeab66e7b8036a67051a7055ed002df19053b232b0e,2,mini1,analytics_log,RAW_DEVICE_LOG_ARCHIVE,WhatsApp-[PHONE].ips
192a446ac279c57e1780b232f26edf1902410c008099172eb606073f0df22cda,2,mini1,analytics_log,RAW_DEVICE_LOG_ARCHIVE,WiFiLQMMetrics-[PHONE].ips
35b1d890686ff83f4ebe032c5608204fb7b07f66cc9e581f38f3e322c969d077,2,mini1,analytics_log,RAW_DEVICE_LOG_ARCHIVE,WiFiLQMMetrics-[PHONE].ips
6221175d5d8d53736994c0f9040d580bdb57b2ea2f19a53ee4e5b826569027b6,2,mini1,analytics_log,RAW_DEVICE_LOG_ARCHIVE,WiFiLQMMetrics-[PHONE].ips
b7da985e9d09af755da6cceb7ab916b87c25f3652ab7824bc83f2f1f192b0d6d,2,mini1,analytics_log,RAW_DEVICE_LOG_ARCHIVE,WiFiLQMMetrics-[PHONE].ips
657883b7c842e565af0214c8b0bfcf7999b6e85e6af34cf1e67ce176cd9a5ecf,2,mini1,rtcr,RAW_DEVICE_LOG_ARCHIVE,RTCReporting_messageLog_2025-[PHONE].txt
9a48b16b1ba528a4d8585c66a128aab4c52d72fa984e946056076d2e6709728e,2,mini1,analytics_log,RAW_DEVICE_LOG_ARCHIVE,SiriSearchFeedback-[PHONE].ips
9636019c07f20eca2bdc9c5bd8081413eb74c069544e8b51f6c7cc17af706fa9,2,mini1,rtcr|text_log,RAW_DEVICE_LOG_ARCHIVE,([PHONE] +0000) [gonzo -  flushMessages] { 2.txt
7f5edb3cd79c267102c57799a4c62a34ceb4b38083f533aa01a9778d943a9dc6,2,mini1,rtcr|text_log,RAW_DEVICE_LOG_ARCHIVE,([PHONE] +0000) [gonzo -  flushMessages] {.txt
4354653cede75bbf87d6571e09c12afb3631ec7feeae0c554d79e97101c4cb99,2,mini1,rtcr|text_log,RAW_DEVICE_LOG_ARCHIVE,([PHONE] +0000) [splunk -  flushMessages] {.txt || [PHONE] +0000) [splunk -  flushMessages] { (2).txt
6afff0f6336eb385012a0844da25919c5141af19d4aa40ba26cb890c19814c5f,2,mini1,analytics_log,RAW_DEVICE_LOG_ARCHIVE,ANECompilerService.cpu_resource-[PHONE].ips
6ff8a074813f73cfb7769a8a35297155158a0a37a1da6933057f1275d92fae17,2,mini1,analytics_log,RAW_DEVICE_LOG_ARCHIVE,backupd.cpu_resource-[PHONE].ips
f8accd2f8cfab8421b200723bbedb829df3e7f2ad727ed5fbfa44d1507d8050a,2,mini1,analytics_log,RAW_DEVICE_LOG_ARCHIVE,calaccessd-[PHONE].ips
b6ccae1562fd38761c447ad5b6ad68908eabc8b3b7f2900b3e3d07d23ec906cb,2,mini1,analytics_log,RAW_DEVICE_LOG_ARCHIVE,duetexpertd.cpu_resource-[PHONE].ips
ca800529bc438078375195b9f718a9c38d1408c1c08d336fc51b88c89214b505,2,mini1,analytics_log,RAW_DEVICE_LOG_ARCHIVE,JetsamEvent-[PHONE].ips
b9ef210e5d12b4f4b81db28e4a766872bd04afb370cd06a8163f6487e38c82f2,2,mini1,analytics_log,RAW_DEVICE_LOG_ARCHIVE,MEGAShare-[PHONE].ips
a6733a53f6514d85b5b40c2034ffc1f105cb78951d3d5cf1add73cab337114a6,2,mini1,analytics_log,RAW_DEVICE_LOG_ARCHIVE,MEGAShare-[PHONE].ips
971a69a39dbb18b03c4f21450a41c69ec48d732591d3da65c596068290398e86,2,mini1,analytics_log,RAW_DEVICE_LOG_ARCHIVE,SiriSearchFeedback-[PHONE].ips
63095571a795a0a8aa3ab01a807a0cc15c7cf745a6a883ab918d303ce2651254,2,mini1,analytics_log,RAW_DEVICE_LOG_ARCHIVE,SiriSearchFeedback-[PHONE].ips
9db1a64101176256e38c04508aa657121fa1dbc9b731c2a79e3b8d14582c0913,2,mini1,analytics_log,RAW_DEVICE_LOG_ARCHIVE,SiriSearchFeedback-[PHONE].ips
7d7faaffaab8af4dae558eed060c0d4ede9153dcc463f69e44aa2cd743f3eacf,2,mini1,analytics_log,RAW_DEVICE_LOG_ARCHIVE,SiriSearchFeedback-[PHONE].ips
7d4bda478345d071074c53630a472868e9d60ee33b5b2d34f49fa1cf52a1b0ea,2,mini1,analytics_log,RAW_DEVICE_LOG_ARCHIVE,SiriSearchFeedback-[PHONE].ips
534694c04f66fca309d0a2607e6fdbc7b66b3e34d89a9f896d935f0dd248e1e8,2,mini1,analytics_log,RAW_DEVICE_LOG_ARCHIVE,SiriSearchFeedback-[PHONE].ips
0539c2917e8642481861cb8717d36c2d16ec22cf2690aa4adae718f47dfd416c,2,mini1,analytics_log,RAW_DEVICE_LOG_ARCHIVE,SiriSearchFeedback-[PHONE].ips
3cca7200d1105808f5a7dc4958e04c421cdcd85df8401683b1a3a745d3c8fc92,2,mini1,analytics_log,RAW_DEVICE_LOG_ARCHIVE,SiriSearchFeedback-[PHONE].ips
0ead553f7b0c816dac8578a9114bdc3369babbbb41b1f93a6c2be5f13427b719,2,mini1,analytics_log,RAW_DEVICE_LOG_ARCHIVE,SiriSearchFeedback-[PHONE].ips
57519967e4261d8885d1146a89eaf658b14e754523991a415e3a0b6a3ea850f1,2,mini1,analytics_log,RAW_DEVICE_LOG_ARCHIVE,SiriSearchFeedback-[PHONE].ips
9a21cd48e57cf77de5d3f06f492f208d970ed327a3ae4d4a7aaa992a9bcee485,2,mini1,analytics_log,RAW_DEVICE_LOG_ARCHIVE,SiriSearchFeedback-[PHONE].ips
e2dde09283c61efddc6f0c4b89b0ceb8420294d27e22fdad23ea6258111258cb,2,mini1,analytics_log,RAW_DEVICE_LOG_ARCHIVE,SiriSearchFeedback-[PHONE].ips
cc074c6c988bb44ec3718e98bd3eb9be67b74468c2d49384c5817ce4cc4f0e4a,2,mini1,analytics_log,RAW_DEVICE_LOG_ARCHIVE,stacks-[PHONE].ips
6e6c1ecedf2754bf1696ed9a8ed429f3d8349741f6f69a811d16852656f0624e,2,mini1,analytics_log,RAW_DEVICE_LOG_ARCHIVE,stacks-[PHONE].ips
ab289cc996f998e44d7f9074e3c9a1b786dd215961f85a69f918e1eb83b770e1,2,mini1,analytics_log,RAW_DEVICE_LOG_ARCHIVE,stacks-[PHONE].ips
a2a57847a1792f7a839f862481ae3744404fab4fdc3daffa8f833c7f125f2eb7,2,mini1,sysdiagnose,RAW_DEVICE_LOG_ARCHIVE,sysdiagnose_2025.09.20_19-22-15+0700_iPhone-OS_iPhone_22F76.tar.gz
04d0278a82c7c699e7d24b86a7c34edf0e719491163190f4266501bf4a19c515,2,mini1,analytics_synced,RAW_DEVICE_LOG_ARCHIVE,Analytics-[PHONE].ips.ca.synced
2a72cf6e37d573a6cd606f5b2fe658a9023653f9f8fd5ee7a7c1fcbe112bcf64,2,mini1,analytics_log,RAW_DEVICE_LOG_ARCHIVE,JetsamEvent-[PHONE].ips
a3ae70d3a62d5af9353fdfd79b48022c17d068ec6f359e02c2b3cf4af0fc18b8,2,mini1,analytics_log,RAW_DEVICE_LOG_ARCHIVE,MEGAShare-[PHONE].ips
ad6c0201bfa159d7954a1bccbcf1513181cca2861d907597ecdb21f62d801ce3,2,mini1,analytics_log,RAW_DEVICE_LOG_ARCHIVE,MEGAShare-[PHONE].ips
78fa3d7feb57767f154e5b607010f92b48564a42bf7f0a546e1b1c4264703612,2,mini1,analytics_log,RAW_DEVICE_LOG_ARCHIVE,pkd.cpu_resource-[PHONE].ips
dd25234233013dddd2b1c9997fa58d3f649c2d0f50dc6dc300cd8d6f545eee1c,2,mini1,analytics_log,RAW_DEVICE_LOG_ARCHIVE,Preferences-[PHONE].000.ips
68cd31ad356c054da0d7b00c3161ce0be52d53bb20e0c72ce8ed4cb0677b13e9,2,mini1,analytics_log,RAW_DEVICE_LOG_ARCHIVE,SFA-ckks.json-[PHONE].ips
effb9aaff97cf44ab08a2695e977ca6d177211df55fc96a6d650f9c3eed14c71,2,mini1,analytics_log,RAW_DEVICE_LOG_ARCHIVE,SFA-CloudServices.json-[PHONE].ips
e01c415c9005e520e651e198a7a7ef069db90fb43952f6080418b673b2af063e,2,mini1,analytics_log,RAW_DEVICE_LOG_ARCHIVE,SFA-local.json-[PHONE].0002.ips
a1c73b285172d72c9fe6c94b7048f8da72e29d4a67f1cb388dd739b1d999da7b,2,mini1,analytics_log,RAW_DEVICE_LOG_ARCHIVE,SFA-networking.json-[PHONE].ips
a87f9f0da1bb7e24b6e7ff80d14e4175d7162f024e04e60771d858801fe2efbc,2,mini1,analytics_log,RAW_DEVICE_LOG_ARCHIVE,SFA-pcs.json-[PHONE].000.ips
8cc18fb756e14da3a901e6c98334924d2c1d53d67194d2a948cad04df9e52b7d,2,mini1,analytics_log,RAW_DEVICE_LOG_ARCHIVE,SFA-sos.json-[PHONE].ips
1cd80831049ed5c963e0ad2ff58d7c2a1d199db19bc8cde4b770f3388a97e2cb,2,mini1,analytics_log,RAW_DEVICE_LOG_ARCHIVE,SFA-swtransparency.json-[PHONE].ips
35e82ee8c6257fa3c5eb343a6e0654842b02b9029afda2356497f78e86d7bd55,2,mini1,analytics_log,RAW_DEVICE_LOG_ARCHIVE,SFA-transparency.json-[PHONE].ips
a7f000ebc599e2d3f7f821ba614a800149235b15521309eb62f1695ead87887a,2,mini1,analytics_log,RAW_DEVICE_LOG_ARCHIVE,SiriSearchFeedback-[PHONE].ips
2217888e2ed1b7a6de95f4b5d111560abd0bf6cd518b04c7680fd869d51ccdd1,2,mini1,analytics_log,RAW_DEVICE_LOG_ARCHIVE,SiriSearchFeedback-[PHONE].ips
072e80f66e9bf8d7203a9e7ff01bc02b010c58aee07eb6ac888d0dc938ff59e0,2,mini1,analytics_log,RAW_DEVICE_LOG_ARCHIVE,SiriSearchFeedback-[PHONE].ips
1bc5d45aae8e911c6eb9008ae8e1957bad30645bc0086d46cc4ac71df51bc53a,2,mini1,analytics_log,RAW_DEVICE_LOG_ARCHIVE,SiriSearchFeedback-[PHONE].ips
ba5e896fc0883d22c7067e83dcf799bd497e760af930478375876ea32b89f645,2,mini1,analytics_log,RAW_DEVICE_LOG_ARCHIVE,SiriSearchFeedback-[PHONE].ips
721fe03b33c109c72cccc173b8a19a50ba71db2f55790f5d6ce001cc908689c9,2,mini1,analytics_log,RAW_DEVICE_LOG_ARCHIVE,SiriSearchFeedback-[PHONE].ips
be93ff6c06293b812c0938e15b0a71345aa1d0d1fba74500f49ea136cb85d306,2,mini1,analytics_log,RAW_DEVICE_LOG_ARCHIVE,SiriSearchFeedback-[PHONE].ips
a0030de03c7fcda22e53364bd38ed2b0261cead8d120396dd4e07a4fab8bbd9e,2,mini1,analytics_log,RAW_DEVICE_LOG_ARCHIVE,SiriSearchFeedback-[PHONE].ips
9c65b5f412e9d6c1a1295514d755a13ac926666d4072c15e198b868b65aca350,2,mini1,analytics_log,RAW_DEVICE_LOG_ARCHIVE,SiriSearchFeedback-[PHONE].ips
ccc2c63f7096e5610ce9741876b44e428417935084b7ee56414f044cd7e10a78,2,mini1,analytics_log,RAW_DEVICE_LOG_ARCHIVE,SiriSearchFeedback-[PHONE].ips
9d0e1d80bace425e8419f8a052e4a4eca8edc7c49c2cbfdd45e4aa349479615a,2,mini1,analytics_log,RAW_DEVICE_LOG_ARCHIVE,SiriSearchFeedback-[PHONE].ips
b7f807998ee0d5780fa34bd6e8e29924869a2929f4343952991df3a08960ec5b,2,mini1,analytics_log,RAW_DEVICE_LOG_ARCHIVE,SiriSearchFeedback-[PHONE].ips
6a6e558607b2916d0c253b7728aed8529c5f2a32762e04613deb3e74215f116d,2,mini1,analytics_log,RAW_DEVICE_LOG_ARCHIVE,SiriSearchFeedback-[PHONE].ips
f13f6d73df0f0ea51bb8a70c3d7a3455dda6965c21a69f2239479c95ebc153c2,2,mini1,analytics_log,RAW_DEVICE_LOG_ARCHIVE,SiriSearchFeedback-[PHONE].ips
f5c90d0945c80e28dc924cb3f5e218905398f5d8d7aa5a733de76b0453e2736c,2,mini1,analytics_log,RAW_DEVICE_LOG_ARCHIVE,SiriSearchFeedback-[PHONE].ips
388dce61c2a2c4d0bdd2a19ca2d2c25b1d57f908d310b49f7218404449636841,2,mini1,analytics_log,RAW_DEVICE_LOG_ARCHIVE,WhatsApp-[PHONE].ips
0b6d9cf3a9fd27180070da91c1c3b99bc48faee09841748ce380d0125f539c00,2,mini1,analytics_log,RAW_DEVICE_LOG_ARCHIVE,xp_amp_app_usage_dnu-[PHONE].ips
bd77cf12259bbe2d5c4739f94e1bf35092042bbedc6071166978a365e0278d5b,2,mini1,text_log,RAW_DEVICE_LOG_ARCHIVE,([PHONE] +0000) [gonzo -  flushMessages] { 2.txt
566f4cda97b8792cb16ee7f36bc013debe7c18c7bdebc086ad3b3556bdf993c2,2,mini1,text_log,RAW_DEVICE_LOG_ARCHIVE,([PHONE] +0000) [gonzo -  flushMessages] {.txt
c7ee04016414d35e589bd9ac38b18f1789965ebea4692122f1d13b122d45ccac,2,mini1,text_log,RAW_DEVICE_LOG_ARCHIVE,([PHONE] +0000) [splunk -  flushMessages] {.txt
01e285d4308d11a225a6a6e7a7101bf8f37e021b42693a2d7e291d2d9cfca71a,2,mini1,analytics_log,RAW_DEVICE_LOG_ARCHIVE,JetsamEvent-[PHONE].ips
de12f09e8f9d94ff25f4488158ae17c7416a4bf04bfb6699f19db4fa2ae26ecf,2,mini1,analytics_log,RAW_DEVICE_LOG_ARCHIVE,SFA-ckks.json-[PHONE].ips
2a67d06225524797003e61d697ba305a6438a3f9a3b00556ec73d01c754be220,2,mini1,analytics_log,RAW_DEVICE_LOG_ARCHIVE,SFA-CloudServices.json-[PHONE].000.ips
db6d30765357024c608910be81f13f7497680aa4f1cfb4ecce885e251bb32d28,2,mini1,analytics_log,RAW_DEVICE_LOG_ARCHIVE,SFA-local.json-[PHONE].ips
ff13d28edb945b6bde0026d06c62fc772f7ef749b90213397b55a6e30faf3eb8,2,mini1,analytics_log,RAW_DEVICE_LOG_ARCHIVE,SFA-networking.json-[PHONE].ips
3a127640b3be45ade592c92f6b93d5e99a7b54a8143abfbead077e673016f25f,2,mini1,analytics_log,RAW_DEVICE_LOG_ARCHIVE,SFA-pcs.json-[PHONE].0002.ips
7a53d069057c1732f3186e14900294ffef2d856bc26d45cd5827ef0a180e454a,2,mini1,analytics_log,RAW_DEVICE_LOG_ARCHIVE,SFA-sos.json-[PHONE].000.ips
4d8a3d4207ab28666cb53c2fc465065b4c676ed12f49eb808fe9bdc2e256af0e,2,mini1,analytics_log,RAW_DEVICE_LOG_ARCHIVE,SFA-swtransparency.json-[PHONE].ips
69b741e9585bfec6b8a1c19b685d312c9833bcc2dd71c791bfa1d2c3aeb6ecc6,2,mini1,analytics_log,RAW_DEVICE_LOG_ARCHIVE,SFA-transparency.json-[PHONE].000.ips
24f978ae8d38150961a8989eca322549d56c290f6f478b9f502a08955c3c7c02,2,mini1,analytics_log,RAW_DEVICE_LOG_ARCHIVE,SiriSearchFeedback-[PHONE].ips
0af46f2df5a41751e3437dd5be07aefe96ceed16cdaa720cc4c84ffeee4275a5,2,mini1,analytics_log,RAW_DEVICE_LOG_ARCHIVE,SiriSearchFeedback-[PHONE].ips
c3a74563940d1ecda8abb40abe6e0ddbaded75d43a1ac0c9ac3f1169056e63b0,2,mini1,analytics_log,RAW_DEVICE_LOG_ARCHIVE,SiriSearchFeedback-[PHONE].ips
ed02d72c7a57114880af60f14600e93f6af244388742b5247c38fa4043f4e226,2,mini1,analytics_log,RAW_DEVICE_LOG_ARCHIVE,SiriSearchFeedback-[PHONE].ips
db25408173fcb9e61a3e8bc346c6dcb49d4002e11c2e9453d7004234e92dda09,2,mini1,analytics_log,RAW_DEVICE_LOG_ARCHIVE,SiriSearchFeedback-[PHONE].ips
ad471ceee380438d8cbc96d5a5924036b481c94775eb5bd3306ccbf75edc66cf,2,mini1,analytics_log,RAW_DEVICE_LOG_ARCHIVE,SiriSearchFeedback-[PHONE].ips
33daad6c0fd6d35d81b5b71c24d742e412e4360035cac756453a04e16440656b,2,mini1,analytics_log,RAW_DEVICE_LOG_ARCHIVE,stacks-[PHONE].ips
324b4aeae7391f291668b3208d8ea41141fc3b24347a982787c6a44eba273cec,2,mini1,analytics_log,RAW_DEVICE_LOG_ARCHIVE,stacks-[PHONE].ips
7bc4c0d32bcbdc6eb9b3a41a387bd960fbab465f44984dd9dec8328d4fa41f5b,2,mini1,sysdiagnose,RAW_DEVICE_LOG_ARCHIVE,sysdiagnose_2025.09.21_22-46-34+0700_iPhone-OS_iPhone_22F76.tar.gz
abe8b9ba581055c9b0306f52e6d2908be5fa6a429d01d98e95dd0eb67b33c434,2,mini1,analytics_synced,RAW_DEVICE_LOG_ARCHIVE,Analytics-[PHONE].ips.ca.synced
de93c3083477615de727d102c74cd9f1105a6d930e7891431d6de409ac3b9148,2,mini1,analytics_log,RAW_DEVICE_LOG_ARCHIVE,duetexpertd.cpu_resource-[PHONE].ips
ed461d1dee374292f5b39ead91732647b15375dca41ab9a261efa383739cbcaf,2,mini1,analytics_log,RAW_DEVICE_LOG_ARCHIVE,JetsamEvent-[PHONE].ips
d170e0c3504c3034d1071424a87a4e6652fe72b560fa3cd48b17e0d2b201e76c,2,mini1,analytics_log,RAW_DEVICE_LOG_ARCHIVE,localspeechrecognition-[PHONE].ips
7c910fa1c8442d64ae09d79422fbfac01a4e3ed4a4b197bb53990ffe479c296f,2,mini1,analytics_log,RAW_DEVICE_LOG_ARCHIVE,localspeechrecognition-[PHONE].ips
ff04baf441b10f646aad68efa57a178513bc845c6c3d256fdeba1e4775a3eb07,2,mini1,analytics_log,RAW_DEVICE_LOG_ARCHIVE,localspeechrecognition-[PHONE].ips
ece651561337cfe1ba22b2fe8d2e91e72b258d795406f22154c223ede95cb1e6,2,mini1,analytics_log,RAW_DEVICE_LOG_ARCHIVE,SFA-ckks.json-[PHONE].000.ips
10f2002bcfc6df09e9f58d3f87210392b64ff9204f1084daa3bf9ae45ce72cb1,2,mini1,analytics_log,RAW_DEVICE_LOG_ARCHIVE,SFA-CloudServices.json-[PHONE].ips
98c5045a7892fa370e9d1970a7ad3c5558f00362d952f67881882ff105edccd3,2,mini1,analytics_log,RAW_DEVICE_LOG_ARCHIVE,SFA-local.json-[PHONE].0002.ips
36f7590899f7ebe20fb16352e2c0307b2b421f32d60e8ad9f7f3c71e8ac75d96,2,mini1,analytics_log,RAW_DEVICE_LOG_ARCHIVE,SFA-networking.json-[PHONE].000.ips
a2437a0b3bcb1d69432f43e8b8a17b59f0b8eb2eff687f097db58ffc0ac4d76a,2,mini1,analytics_log,RAW_DEVICE_LOG_ARCHIVE,SFA-pcs.json-[PHONE].000.ips
87d4480b9dbaf735333e03b00f4da47a3e306e00dc16e16763b11d28fb20c897,2,mini1,analytics_log,RAW_DEVICE_LOG_ARCHIVE,SFA-sos.json-[PHONE].ips
923b3c3d9ef72684d0f51c492a87fd5b557277312133c42866cd2810c17e5617,2,mini1,analytics_log,RAW_DEVICE_LOG_ARCHIVE,SFA-swtransparency.json-[PHONE].ips
3f87105377a8d568f4a2061d143640aca64d2fd3cb6bdb730379b64d7881c61b,2,mini1,analytics_log,RAW_DEVICE_LOG_ARCHIVE,SFA-transparency.json-[PHONE].ips
57e8d549fceef31ea1bcd5df06344397dccf78415bf293af09061c3ffaaee488,2,mini1,analytics_log,RAW_DEVICE_LOG_ARCHIVE,SiriSearchFeedback-[PHONE].000.ips
0b83c2b8518723d78c146e4d74ae74fca4ae334dfe6abd707c594cf636895737,2,mini1,analytics_log,RAW_DEVICE_LOG_ARCHIVE,SiriSearchFeedback-[PHONE].ips
6ec647c9cd15e2deb5b17d7b3110090469fca774d29cdd1ed2ce9d456a7c713b,2,mini1,analytics_log,RAW_DEVICE_LOG_ARCHIVE,SiriSearchFeedback-[PHONE].ips
c0f971255ad4047df4f1a9ba21c9d6e960a8631975689e822fe3de0d9bce4147,2,mini1,analytics_log,RAW_DEVICE_LOG_ARCHIVE,SiriSearchFeedback-[PHONE].ips
34c48569fecead69a9972402d7192cc644ec56775576a506edb3433ac99c8dcd,2,mini1,analytics_log,RAW_DEVICE_LOG_ARCHIVE,SiriSearchFeedback-[PHONE].ips
3f5657cbe42b0dd8cb950cf9eb725e4a18ec08a8c142aff1b0b7daa0776dffd4,2,mini1,analytics_log,RAW_DEVICE_LOG_ARCHIVE,stacks-[PHONE].ips
b45d524e11a14f7a90b87e4b2bebed3ebc5e053e6a5e16ecf1ba153174db682e,2,mini1,analytics_log,RAW_DEVICE_LOG_ARCHIVE,stacks-[PHONE].ips
2384d02513f05a0ad17796aa07f3fd682e4232278fc3f9b493d78f190551466a,2,mini1,sysdiagnose,RAW_DEVICE_LOG_ARCHIVE,sysdiagnose_2025.09.21_06-53-45+0700_iPhone-OS_iPhone_22F76.tar.gz
0e73bf627ff4cfaf0ad8c3cade1aa7ad0c7174b1a36f28cf0e99e9c31fe515bf,2,mini1,sysdiagnose,RAW_DEVICE_LOG_ARCHIVE,sysdiagnose_2025.09.21_10-25-54+0700_iPhone-OS_iPhone_22F76.tar.gz
81c5580d77c68323d6d4f0f477b55093e17e04048535c6e0f91eb0f44fd7a46b,2,mini1,analytics_log,RAW_DEVICE_LOG_ARCHIVE,xp_amp_app_usage_dnu-[PHONE].ips
fd7fd2fbdcc8870d56c6624e3a6bba2f8cd2217d9ff7981d9868833cd0334d39,2,mini1,analytics_log,RAW_DEVICE_LOG_ARCHIVE,xp_amp_app_usage_dnu-[PHONE].ips
959ea71f873f66ea44b07e7bde292ab0c0014804811f9f819cf47e3c3be28e8a,2,mini1,analytics_log,RAW_DEVICE_LOG_ARCHIVE,MEGAShare-[PHONE].ips
7fc8bd3a7707060d9dd57d970a3c04f6fe5d87da6d14774b3fe53d189823d1aa,2,mini1,analytics_log,RAW_DEVICE_LOG_ARCHIVE,SiriSearchFeedback-[PHONE].ips
b6bfa5f498e6449aaf33a885656cde77615c798806927858cbdc6c2e6ca2c832,2,mini1,analytics_log,RAW_DEVICE_LOG_ARCHIVE,SiriSearchFeedback-[PHONE].ips
a4f3d59d285e36c2377b19eedab96da2db360b84f2d323572d625905498071f5,2,mini1,analytics_log,RAW_DEVICE_LOG_ARCHIVE,SiriSearchFeedback-[PHONE].ips
f9dd6e483e5d285276f23779c7e136caa855a084d3862e9af74206b241e81623,2,mini1,analytics_log,RAW_DEVICE_LOG_ARCHIVE,SiriSearchFeedback-[PHONE].ips
fd3ea4d271d521394a98d8c5c0a97d036cd0cdd66f2da8ca9d2d8d1d89967221,2,mini1,analytics_log,RAW_DEVICE_LOG_ARCHIVE,SiriSearchFeedback-[PHONE].ips
7af35ea01db972e6692e1d589554c6a763539f1917f0b50a863a42438c1574a8,2,mini1,analytics_log,RAW_DEVICE_LOG_ARCHIVE,SiriSearchFeedback-[PHONE].ips
93ba37d1610a8a6f0c9be8241992d6eda874f915876bfb0ed51505b8a606c592,2,mini1,analytics_log,RAW_DEVICE_LOG_ARCHIVE,SiriSearchFeedback-[PHONE].ips
7217c1ad468cf53145405a1020c32f398974fc1e314839d6b21322373431f51f,2,mini1,analytics_log,RAW_DEVICE_LOG_ARCHIVE,SiriSearchFeedback-[PHONE].ips
f10035cf9e0a20bfde71ada64cc93c506339b493cf2d0424a9bc654021774dd7,2,mini1,analytics_log,RAW_DEVICE_LOG_ARCHIVE,stacks-[PHONE].ips
36daa93384062afe424802857c2ee9464ab1180ebc7179832cdc11cf4c8a3ebe,2,mini1,analytics_log,RAW_DEVICE_LOG_ARCHIVE,stacks-[PHONE].ips
60eb1ae0a27e06dfe704de085219fa63a625c113d7713b7e6431c2638682160e,2,mini1,analytics_log,RAW_DEVICE_LOG_ARCHIVE,stacks-[PHONE].ips
c3448322eba9327758f17877062800e4de2fa7a667864ef579febc4513ee5fad,2,mini1,sysdiagnose,RAW_DEVICE_LOG_ARCHIVE,sysdiagnose_2025.09.21_16-48-27+0700_iPhone-OS_iPhone_22F76.tar.gz
63cb7c76333096d1f08baf53fba3a728f266675fa27e5ca1b5b5885f965c32f8,2,mini1,sysdiagnose,RAW_DEVICE_LOG_ARCHIVE,sysdiagnose_2025.09.21_16-59-08+0700_iPhone-OS_iPhone_22F76.tar.gz
07c752a4ee7735fdb4b1a01c60c9aa3320850b539ef77530b4f687889e1c2a91,2,mini1,analytics_log,RAW_DEVICE_LOG_ARCHIVE,WhatsApp-[PHONE].ips
bc54eea678a094d145e0326c37aaec5eb3f52820ece3145ca0f68c72172fae86,2,mini1,analytics_synced,RAW_DEVICE_LOG_ARCHIVE,Analytics-[PHONE].ips.ca.synced
d6bbc6e9ae2ab693b095be2bb08e500df077938555d511e904673141a669f568,2,mini1,analytics_log,RAW_DEVICE_LOG_ARCHIVE,calaccessd-[PHONE].ips
e9e6c3bb8ea1f60b7bb86840b181308eacb0f7c745d26b7c5e11562cd6acb8d3,2,mini1,analytics_log,RAW_DEVICE_LOG_ARCHIVE,duetexpertd.cpu_resource-[PHONE].ips
01f80f656220647ec03ffa5e97a21cbdf51f32e829f5844cf2ad1e9ca86f0345,2,mini1,analytics_log,RAW_DEVICE_LOG_ARCHIVE,duetexpertd.cpu_resource-[PHONE].ips
8abc1d971c24c1917ebd8c1b7952e84b769f47efa06b862e85082d6a5ebf0197,2,mini1,analytics_log,RAW_DEVICE_LOG_ARCHIVE,JetsamEvent-[PHONE].ips
a3dcf150b1d2bdc6e93ef2e1507ee8f786c6e730459a7182ed734d9c303d7763,2,mini1,analytics_log,RAW_DEVICE_LOG_ARCHIVE,JetsamEvent-[PHONE].ips
425a0d811b9d48d4832e32e4eec186b8c4a0335035421555f8499b2df4104b8b,2,mini1,rtcr,RAW_DEVICE_LOG_ARCHIVE,RTCReporting_messageLog_2025-[PHONE].txt
5a0f88c5ace90374e976dbf8711afba7979b514b2bacbafee42478b8c6d6d7d5,2,mini1,analytics_log,RAW_DEVICE_LOG_ARCHIVE,SFA-ckks.json-[PHONE].ips
dabaa98db876da6085fcc55e2f656f876b3654a345f93bc09058942cbd6dc662,2,mini1,analytics_log,RAW_DEVICE_LOG_ARCHIVE,SFA-CloudServices.json-[PHONE].ips
294cd9144754bbacba376d73a9ae8655bed9fcb4b480552f95bb6cf9a8714993,2,mini1,analytics_log,RAW_DEVICE_LOG_ARCHIVE,SFA-local.json-[PHONE].ips
4280c212f39f40e221e32968d27be8927782ad5ca554c1b3d6568059b1eeae14,2,mini1,analytics_log,RAW_DEVICE_LOG_ARCHIVE,SFA-networking.json-[PHONE].ips
8b96f2e1acfba085e3883663bc2440bef8bbbb3c58f316e7b9f6882f27d13402,2,mini1,analytics_log,RAW_DEVICE_LOG_ARCHIVE,SFA-pcs.json-[PHONE].0002.ips
1454b48af07076ed3f31e393ce8cb394f69bd091e901494b20faf225b5160083,2,mini1,analytics_log,RAW_DEVICE_LOG_ARCHIVE,SFA-sos.json-[PHONE].000.ips
3c57663715c3dabc68d19737078f42403e69be6a0fcf3c05a54f32740e09bfb4,2,mini1,analytics_log,RAW_DEVICE_LOG_ARCHIVE,SFA-swtransparency.json-[PHONE].ips
f3daabeb52f9a4b85ad54c0c055e05fddeb3d6c80213871f21b2b583a03be951,2,mini1,analytics_log,RAW_DEVICE_LOG_ARCHIVE,SFA-transparency.json-[PHONE].000.ips
38f4caf536bad3c99a33848d13c2133d559a5aa0df8ba49e9ec5104f0a298f93,2,mini1,analytics_log,RAW_DEVICE_LOG_ARCHIVE,SiriSearchFeedback-[PHONE].ips
786b25ec47c212997e1f8e6ceb0d94a6a8b84af2cd7a6dc19831001af163dfb8,2,mini1,analytics_log,RAW_DEVICE_LOG_ARCHIVE,SiriSearchFeedback-[PHONE].ips
522a42ea0b6890009890a135c1449fd66250c4bc312c06dd3827308b2e801af9,2,mini1,analytics_log,RAW_DEVICE_LOG_ARCHIVE,SiriSearchFeedback-[PHONE].ips
f841766817b092325ec824895eb0c6a4cf0400749bbb6a71f395402c6790814e,2,mini1,analytics_log,RAW_DEVICE_LOG_ARCHIVE,stacks-[PHONE].ips
d44b0f705a2f39d13c1be2c8188883c359569f5fd62b965dff3ccc9a0679d2d3,2,mini1,analytics_log,RAW_DEVICE_LOG_ARCHIVE,xp_amp_app_usage_dnu-[PHONE].ips
ac4a2e8d6b313d8a3c57e68ce88441558d9fd87917778f0a57ba7e4ffbdb519e,2,mini1,analytics_log,RAW_DEVICE_LOG_ARCHIVE,MEGAShare-[PHONE].ips
b70706615e84fd82dadb8b9d13a5bd3fe381f92e5ed65b52d208b0d72426808c,2,mini1,analytics_log,RAW_DEVICE_LOG_ARCHIVE,SaveToFiles-[PHONE].ips
c874477be77ef9dece1e9e667ec1cb279bebe6de6b6d136b48b0cbe4ae1cabb6,2,mini1,analytics_log,RAW_DEVICE_LOG_ARCHIVE,searchd-[PHONE].000.ips
9de3598927437832f0d1e676676b3d4cbbdd4f7b6e4a9ba0e814174ddb744395,2,mini1,analytics_log,RAW_DEVICE_LOG_ARCHIVE,SFA-ckks.json-[PHONE].ips
4691c4c216b2dc4290fd5050f295340ee3be25573647de2d9888890b03540967,2,mini1,analytics_log,RAW_DEVICE_LOG_ARCHIVE,SFA-CloudServices.json-[PHONE].ips
cbbff732cb98eb4bff56ad618c0bc5ad5eae17d57da453dd55f25fdee7d72d45,2,mini1,analytics_log,RAW_DEVICE_LOG_ARCHIVE,SFA-local.json-[PHONE].000.ips
c03430ee7f5b9a67d8e473b9f791f598b01b2884aee030acd6cc3ac88567de7f,2,mini1,analytics_log,RAW_DEVICE_LOG_ARCHIVE,SFA-networking.json-[PHONE].ips
f00b0d885a0198a86b37fdd3b0186f81cc01b1debf9d099184a7a4b8c62503b9,2,mini1,analytics_log,RAW_DEVICE_LOG_ARCHIVE,SFA-pcs.json-[PHONE].ips
8187ae59c4595c38a28bfd0f65f877fc9ae8e7ff18874ecb87971b964c37c82a,2,mini1,analytics_log,RAW_DEVICE_LOG_ARCHIVE,SFA-sos.json-[PHONE].000.ips
8b94083badf2007b5f6fe7332c18cd2923dd6d8df7c896a34995ff4f69fe0028,2,mini1,analytics_log,RAW_DEVICE_LOG_ARCHIVE,SFA-swtransparency.json-[PHONE].ips
4bc00ed37bde3af2fa4173346607f920069fb2c779a2524f421f4c9720c185fb,2,mini1,analytics_log,RAW_DEVICE_LOG_ARCHIVE,SFA-transparency.json-[PHONE].ips
ef40eb920c288c7fd9a71911b67d875b2d9c0534a5993d96d9365d87f6560ce3,2,mini1,analytics_log,RAW_DEVICE_LOG_ARCHIVE,Signal-[PHONE].ips
3eb99e6a4f664738efe9a202c2d9336affcac1c617d6ee1036e8ead9d1d288be,2,mini1,analytics_log,RAW_DEVICE_LOG_ARCHIVE,SiriSearchFeedback-[PHONE].ips
4445535258dcb44cee381b41309436e2c9abb9de4954d7324353d7a0b05f2060,2,mini1,analytics_log,RAW_DEVICE_LOG_ARCHIVE,SiriSearchFeedback-[PHONE].ips
7dc2d7fabd2ac7c6e3119addfe0c5b614bff98ae3413c14813b17a99de5a1412,2,mini1,analytics_log,RAW_DEVICE_LOG_ARCHIVE,SiriSearchFeedback-[PHONE].ips
6cad6aec4d85f2f404b4f8de02dd2d5b742c9efc9c665c13b8a3c599333793fb,2,mini1,analytics_log,RAW_DEVICE_LOG_ARCHIVE,SiriSearchFeedback-[PHONE].ips
49daea48a22289a3646e19b17bf0456cb50a8f92b869487c14ed17937e9f07fa,2,mini1,analytics_log,RAW_DEVICE_LOG_ARCHIVE,SiriSearchFeedback-[PHONE].ips
0f61fb67f4f4eb7f083614dc12e8b3bb83a0009a69782151849adc6df46f7462,2,mini1,analytics_log,RAW_DEVICE_LOG_ARCHIVE,SiriSearchFeedback-[PHONE].ips
e2561e54840ef96f553b5546af58d10709716e3404705c577b1228b9a3ff4606,2,mini1,analytics_log,RAW_DEVICE_LOG_ARCHIVE,SiriSearchFeedback-[PHONE].ips
e8a3ac413bbc3ef625ef92ccf14c1b289cd9dc06acdade548be79a16a3d5581f,2,mini1,analytics_log,RAW_DEVICE_LOG_ARCHIVE,SiriSearchFeedback-[PHONE].ips
5b40362cf9642585304d1882c3a17bfac85daca16828fa11fd45c7e70b7e294b,2,mini1,analytics_log,RAW_DEVICE_LOG_ARCHIVE,SiriSearchFeedback-[PHONE].ips
02d3cffd91c29ccf995b841e58709b04fb861ba26cd2d2a5269594f02d05c251,2,mini1,analytics_log,RAW_DEVICE_LOG_ARCHIVE,SiriSearchFeedback-[PHONE].ips
f8b07671067b37a73bfff9f5405c864fb8e84a8b767f9a8a6d895ebd0ee9b0d9,2,mini1,analytics_log,RAW_DEVICE_LOG_ARCHIVE,SiriSearchFeedback-[PHONE].ips
8a5bd03fe694348e59ecf126bdfd61c1b27e08a68f7e8a9e53dfc6b8077e82c5,2,mini1,analytics_log,RAW_DEVICE_LOG_ARCHIVE,SiriSearchFeedback-[PHONE].ips
4b89374058cc651ef143b0a28d6c35bae9c0d920a2e51713e05fe9321d726929,2,mini1,analytics_log,RAW_DEVICE_LOG_ARCHIVE,SiriSearchFeedback-[PHONE].ips
482890d0902e731f1adb14b766f544f3b6673b8d17ecb75e1c9f80200449279d,2,mini1,analytics_log,RAW_DEVICE_LOG_ARCHIVE,SiriSearchFeedback-[PHONE].ips
7946a277eb9b8774cc2112b327a861124a050260b763d9e5b117010d7fdcadaa,2,mini1,analytics_log,RAW_DEVICE_LOG_ARCHIVE,stacks-[PHONE].ips
e4fab8faa98b2954fdff28c8dc9abaa75088a9f9c06a95ad2ed8fe7b9cf9f2e3,2,mini1,sysdiagnose,RAW_DEVICE_LOG_ARCHIVE,sysdiagnose_2025.09.22_07-42-18+0700_iPhone-OS_iPhone_22F76.tar.gz
419f4a8cbe85cdebc889ef724014a45c952356e9d7cfed2e6214e7699e4797f8,2,mini1,analytics_log,RAW_DEVICE_LOG_ARCHIVE,WhatsApp-[PHONE].ips
b5813796b038b775ed3ebb63e1245f969a7b487a39bbba884665ee7b221162f9,2,mini1,analytics_log,RAW_DEVICE_LOG_ARCHIVE,WhatsApp-[PHONE].ips
c7a783656153e8df759034949bdbc6324624def1e7111f71e1f9e35991a1b597,2,mini1,analytics_log,RAW_DEVICE_LOG_ARCHIVE,xp_amp_app_usage_dnu-[PHONE].ips
91c86367abaf4d4e35d85c5bec3f89eda575b909543bc21f0a3556cf6c36255c,2,mini1,analytics_synced,RAW_DEVICE_LOG_ARCHIVE,Analytics-[PHONE].ips.ca.synced
0989a569431ae31c37c274c31bff337f6d6467a6a3367ea17b44a2a778ca0d3b,2,mini1,analytics_synced,RAW_DEVICE_LOG_ARCHIVE,Analytics-[PHONE].ips.ca.synced
296b966d8ee79038d63d829b9b01d26dd32fc53ee8afd91ebe735d799964477e,2,mini1,analytics_log,RAW_DEVICE_LOG_ARCHIVE,ANECompilerService.cpu_resource-[PHONE].ips
32b549b7deeaf86d58b0eb9213d784d7521520d7c0ed3875466ba37c7081e96d,2,mini1,analytics_log,RAW_DEVICE_LOG_ARCHIVE,backupd.cpu_resource-[PHONE].ips
d4d757d99f12a795e229f1c00908c256f992cf39e4c0af13dbe72cef816eaedc,2,mini1,analytics_log,RAW_DEVICE_LOG_ARCHIVE,backupd.cpu_resource-[PHONE].ips
291d6328f0363aa4471e9f19b4e015798a1b67e7136416e849bc3d08f09858e1,2,mini1,analytics_log,RAW_DEVICE_LOG_ARCHIVE,backupd.cpu_resource-[PHONE].ips
101ec1766ce688bbac2490579237ca428fb07f9490af7df47fbf212c7ee1bcf9,2,mini1,analytics_log,RAW_DEVICE_LOG_ARCHIVE,com.apple.siri.embeddedspeech.diskwrites_resource-[PHONE].ips
bca388d196aa01fc6e60d9b021c205d8bff65b6a656ac5811f2e618120157b96,2,mini1,analytics_log,RAW_DEVICE_LOG_ARCHIVE,duetexpertd.cpu_resource-[PHONE].ips
d357e1acd09e35a9af096f96ff4f19a9d4429ea4973e531bd5177cf0d69c82b5,2,mini1,analytics_log,RAW_DEVICE_LOG_ARCHIVE,JetsamEvent-[PHONE].ips
82a82609930ce909d0d5166200c1fcb0d6860d8669ed0a339710cc6add98319c,2,mini1,analytics_log,RAW_DEVICE_LOG_ARCHIVE,JetsamEvent-[PHONE].ips
808283a82be788a916a3994fa2c2e7756aad4819bdbfc4689feb2689cecbfacd,2,mini1,analytics_log,RAW_DEVICE_LOG_ARCHIVE,JetsamEvent-[PHONE].ips
8c958c7823e7635f63e256bcece4b978469d0400d495c9ceb672537b6c02453d,2,mini1,analytics_log,RAW_DEVICE_LOG_ARCHIVE,JetsamEvent-[PHONE].ips
575b69a3d879b097efc8dfdc6484c465f5e0bf0674dce622823730f284314797,2,mini1,analytics_log,RAW_DEVICE_LOG_ARCHIVE,JetsamEvent-[PHONE].ips
712bd64bfd27a6a99f77fa6ca47b428807e93aee23245a7d4eac1802910bf3f3,2,mini1,analytics_log,RAW_DEVICE_LOG_ARCHIVE,proactive_event_tracker-com_apple_Trial-com_apple_triald-[PHONE].ips
c70f640301e83d10dd56c649c5a8d6ab56f708a611d5a27080b5c8c899907b49,2,mini1,rtcr,RAW_DEVICE_LOG_ARCHIVE,RTCReporting_messageLog_2025-[PHONE].txt
4a24751ec4c3fdd900c94768ba44d884b3364d375917a605576e0cb5918b268c,2,mini1,analytics_log,RAW_DEVICE_LOG_ARCHIVE,SFA-ckks.json-[PHONE].ips
17f1ba7ee773cb9d9837c6363188c26bfce46b4d4d78d32fad270388c654fc94,2,mini1,analytics_log,RAW_DEVICE_LOG_ARCHIVE,SFA-ckks.json-[PHONE].000.ips
ac5880cb535398ca972c3e03a940de6727fcf8bdb11b3332304940b4c25bf55f,2,mini1,analytics_log,RAW_DEVICE_LOG_ARCHIVE,SFA-CloudServices.json-[PHONE].ips
11fde6a50aaef69d6da4c206afc230d788ad3a6deb8c7fef1da6dbc78c704328,2,mini1,analytics_log,RAW_DEVICE_LOG_ARCHIVE,SFA-CloudServices.json-[PHONE].ips
d7778a9b164f4e77ab0f001fb4377bc9b36536d2d628c393bc3900bf2c807a59,2,mini1,analytics_log,RAW_DEVICE_LOG_ARCHIVE,SFA-local.json-[PHONE].000.ips
a43e338692a339050ca9638ed1f80707fb24664703a208ac654d1f565af46f8f,2,mini1,analytics_log,RAW_DEVICE_LOG_ARCHIVE,SFA-local.json-[PHONE].0002.ips
799afc97d6b2696519bd62d37b09abe792ddee0c38c007b103bc1f9e192eb829,2,mini1,analytics_log,RAW_DEVICE_LOG_ARCHIVE,SFA-networking.json-[PHONE].000.ips
494547f68a02056d1e5d947110c16d020978d7601ffbe6eadce9d7b7c4321cb6,2,mini1,analytics_log,RAW_DEVICE_LOG_ARCHIVE,SFA-networking.json-[PHONE].ips
f32a76045144703eaaba6818b023c3f01e3cbd0bf7493cf5bf12899f290f1ed3,2,mini1,analytics_log,RAW_DEVICE_LOG_ARCHIVE,SFA-pcs.json-[PHONE].ips
36bd5f7bee6bd03ecde96b1fcfa430819b54d93fb51e93922928248c2a06f87c,2,mini1,analytics_log,RAW_DEVICE_LOG_ARCHIVE,SFA-pcs.json-[PHONE].000.ips
f5e85e3780ceecfaa91984cf93fb8291bd31e784953526f62f95255ebd5e175d,2,mini1,analytics_log,RAW_DEVICE_LOG_ARCHIVE,SFA-sos.json-[PHONE].000.ips
424e6ef3df2b0738bc1e3d9938c495949cc767ae98888b585a35ff2a397ae831,2,mini1,analytics_log,RAW_DEVICE_LOG_ARCHIVE,SFA-sos.json-[PHONE].ips
c61274dd0abdd7a19e1a1ce344f5dd37ec4c23d761a9adfae3a009bbad969ca0,2,mini1,analytics_log,RAW_DEVICE_LOG_ARCHIVE,SFA-swtransparency.json-[PHONE].ips
c3b62396c7e747f53568ac9575d0adb17cddd5a1927310da4e33062c89bff1ce,2,mini1,analytics_log,RAW_DEVICE_LOG_ARCHIVE,SFA-swtransparency.json-[PHONE].ips
1eac2f338c774046df6d84cd2ef0ca77ecfd31b9b0e04509b05fd6cce566b770,2,mini1,analytics_log,RAW_DEVICE_LOG_ARCHIVE,SFA-transparency.json-[PHONE].ips
3d18ce6d4e95bd6d6307ce391e5454340a610945dce7559d94b50f5cd77baead,2,mini1,analytics_log,RAW_DEVICE_LOG_ARCHIVE,SFA-transparency.json-[PHONE].ips
043c5850ef525d6bd0e61652f9719ce370e1077456538a0fbfdeb53d6eb2b5d3,2,mini1,analytics_log,RAW_DEVICE_LOG_ARCHIVE,SiriSearchFeedback-[PHONE].ips
f63e98cfa14e5eac1276c786b3d3397ff69b663435a4f8a04aa74c276289b791,2,mini1,analytics_log,RAW_DEVICE_LOG_ARCHIVE,SiriSearchFeedback-[PHONE].ips
e6cff08e3f0ce05801e8152489e061bb85967bf9e8bd8dac8c34aea8b25ee735,2,mini1,analytics_log,RAW_DEVICE_LOG_ARCHIVE,SiriSearchFeedback-[PHONE].ips
dbb6b2f4f7a8a44b7c0c03f40b0fff1d0a0474b7ae48cae44c1b448bfdbc9e85,2,mini1,analytics_log,RAW_DEVICE_LOG_ARCHIVE,SystemMemoryReset-[PHONE].ips
0367f45311e8cb1726ff91cd231ee7b7bd8d7991dcb545970d515e5c83891043,2,mini1,analytics_log,RAW_DEVICE_LOG_ARCHIVE,xp_amp_app_usage_dnu-[PHONE].ips
bc8813f08436ebb263615841005051427d951baa327156fc590412b5d64bb821,2,mini1,analytics_log,RAW_DEVICE_LOG_ARCHIVE,MEGAShare-[PHONE].ips
458d7043736c4fad07c29138ca92c90ac7b251d2d1198881179eb2b1a596ed7a,2,mini1,analytics_log,RAW_DEVICE_LOG_ARCHIVE,proactive_event_tracker-com_apple_Trial-com_apple_triald-[PHONE].ips
46a35f03fc78ca0bbc48c3b50f637c3a52eeb19f7ed39ff1fb16f07e196c6969,2,mini1,analytics_log,RAW_DEVICE_LOG_ARCHIVE,SFA-ckks.json-[PHONE].ips
5086e82ca5734dd79e0cca1d8685cbc3d5b92bed176c9f79b9c7b0f1e9dcda48,2,mini1,analytics_log,RAW_DEVICE_LOG_ARCHIVE,SFA-ckks.json-[PHONE].000.ips
1c64996a247a193baf5cb018ac2e991dc0bb40e53849885c9edc0f649223396f,2,mini1,analytics_log,RAW_DEVICE_LOG_ARCHIVE,SFA-CloudServices.json-[PHONE].ips
30a563fdaa8c48705e1f8a41045a976c36ada1c175caec44a1b620d3ff56f9d2,2,mini1,analytics_log,RAW_DEVICE_LOG_ARCHIVE,SFA-CloudServices.json-[PHONE].ips
33fc6e906f735eaf1d22fbe231306134242b2e67ac30e9ab5502f5d7828fbc8b,2,mini1,analytics_log,RAW_DEVICE_LOG_ARCHIVE,SFA-local.json-[PHONE].0003.ips
7bc7785b98d32644a24e9200ebd8a44e30db493dde251d51322cc0e29efb05ad,2,mini1,analytics_log,RAW_DEVICE_LOG_ARCHIVE,SFA-local.json-[PHONE].0002.ips
ec1cb63872b5787eac8b25f88aced712a2aa9d9e303eb6f9f712802ef5f7adbb,2,mini1,analytics_log,RAW_DEVICE_LOG_ARCHIVE,SFA-networking.json-[PHONE].ips
2074798a2eb5650cbe39387c38976f26dd754ebad4e08086472043f6ee6f9991,2,mini1,analytics_log,RAW_DEVICE_LOG_ARCHIVE,SFA-networking.json-[PHONE].000.ips
c4b7302e2d450112b6066af67e66b6f0971181a06aaa0c32881c35e0e462e73e,2,mini1,analytics_log,RAW_DEVICE_LOG_ARCHIVE,SFA-pcs.json-[PHONE].0002.ips
79ae34ea99a8c5e35d8c5d9fe83078a7a3f2c4a00561016b88545cdd1236fd67,2,mini1,analytics_log,RAW_DEVICE_LOG_ARCHIVE,SFA-pcs.json-[PHONE].000.ips
30f8df730f5e641783451b64635095806abb9c3c1d853199fb9116385d68dca6,2,mini1,analytics_log,RAW_DEVICE_LOG_ARCHIVE,SFA-sos.json-[PHONE].000.ips
323a54c60b9018f6762dee9746639e6e1cb311f06f7cd1e255ccf833da2488fa,2,mini1,analytics_log,RAW_DEVICE_LOG_ARCHIVE,SFA-sos.json-[PHONE].ips
52e1a3a0a07fb1f6e8102be5b45886c8912cdeef1a42374bb1507df013f16146,2,mini1,analytics_log,RAW_DEVICE_LOG_ARCHIVE,SFA-swtransparency.json-[PHONE].ips
f9dfa6564d37626dfb72cae64785bc42f36150e0e304192a6f78f2092fc29d8a,2,mini1,analytics_log,RAW_DEVICE_LOG_ARCHIVE,SFA-swtransparency.json-[PHONE].ips
d2f1053ecd51198ce980971dd56e9dd930ac6033f17aace226bfd47185db45e3,2,mini1,analytics_log,RAW_DEVICE_LOG_ARCHIVE,SFA-transparency.json-[PHONE].000.ips
7f2b4357fb1b40b8f2dfb93daca07b020ae100e86b3275071aad42da4967e6aa,2,mini1,analytics_log,RAW_DEVICE_LOG_ARCHIVE,SFA-transparency.json-[PHONE].ips
99b9e394797084a719e75ba6c3e43d3611ca78d3642b0ce0ea9c5445613ae97b,2,mini1,analytics_log,RAW_DEVICE_LOG_ARCHIVE,SiriSearchFeedback-[PHONE].ips
bc13edb5d12e980863a19cd32b8c74c96ea01c6a2af668d5fb48d3e0a679b68a,2,mini1,analytics_log,RAW_DEVICE_LOG_ARCHIVE,SiriSearchFeedback-[PHONE].ips
fd61c882955ec03484ce6ca284e1a2ac5e8ccb1293efe8a7e3378556b15c4516,2,mini1,analytics_log,RAW_DEVICE_LOG_ARCHIVE,SiriSearchFeedback-[PHONE].ips
f376fd6b66cc779a8f46745646dc2f3696a328703bcb091235dccd50f1c47260,2,mini1,analytics_log,RAW_DEVICE_LOG_ARCHIVE,SiriSearchFeedback-[PHONE].ips
e56d6f490dddd6bb2755a56b5a5653377ea6b5a5ab90037f4f77e218cf21a145,2,mini1,analytics_log,RAW_DEVICE_LOG_ARCHIVE,SiriSearchFeedback-[PHONE].ips
c33bde957b94b6badffd26e5fd3d772f103e2cf956400ee9540984239b312ad7,2,mini1,analytics_log,RAW_DEVICE_LOG_ARCHIVE,SiriSearchFeedback-[PHONE].ips
e14f51dee37f75b5f42cd020166780a52ce59e358ae3d3d28460f2fccd644e1e,2,mini1,analytics_log,RAW_DEVICE_LOG_ARCHIVE,SiriSearchFeedback-[PHONE].ips
c1f5a61ae7769b539d4ffbf7c50f1607a3a532205b3fce38a5dbe176be5dac59,2,mini1,analytics_log,RAW_DEVICE_LOG_ARCHIVE,SiriSearchFeedback-[PHONE].ips
dbd4a252ceb37a4c43f8c90b3b57df1361cfa49d25430c7710897c39f23adba9,2,mini1,analytics_log,RAW_DEVICE_LOG_ARCHIVE,SiriSearchFeedback-[PHONE].ips
93c5128a9945dc7b987af19d85673a228fec621bc904537b9ba063cd8df9a97b,2,mini1,analytics_log,RAW_DEVICE_LOG_ARCHIVE,SiriSearchFeedback-[PHONE].ips
b57513cd0ca70641c98c8bbcb6d9f152f36fd466754b97a996426b98278dfbcd,2,mini1,analytics_log,RAW_DEVICE_LOG_ARCHIVE,SiriSearchFeedback-[PHONE].000.ips
6e06973bfa03502d07fa0d95a76b8b2d1b353074a421a33901111f68fa420f03,2,mini1,analytics_log,RAW_DEVICE_LOG_ARCHIVE,SiriSearchFeedback-[PHONE].ips
c90a5c2c3187ab8d5bb6d66dd21571fc96f9ad6e7af63e6698e7cfc2a31e04ce,2,mini1,analytics_log,RAW_DEVICE_LOG_ARCHIVE,stacks-[PHONE].ips
616d9f757521ea1e3853890e9052a3e1165700030f99cf82caff5760faf30f4f,2,mini1,analytics_log,RAW_DEVICE_LOG_ARCHIVE,stacks-[PHONE].ips
a2861be862f5f374a03d528f1f5bc1cb4be0a3aa0d18c7c28249f6a8e8a85b4f,2,mini1,analytics_log,RAW_DEVICE_LOG_ARCHIVE,stacks-[PHONE].ips
d74da0a55b6e62b081d563f7c0822f3adc9c649f94bca4086a4a531ab6f3d72d,2,mini1,sysdiagnose,RAW_DEVICE_LOG_ARCHIVE,sysdiagnose_2025.09.23_17-05-27+0700_iPhone-OS_iPhone_22F76.tar.gz
b99912e30d15231ee2dba4fe823497cb06e8cb63048f56c681d0fd9f217b1754,2,mini1,sysdiagnose,RAW_DEVICE_LOG_ARCHIVE,sysdiagnose_2025.09.23_19-37-14+0700_iPhone-OS_iPhone_22F76.tar.gz
1d3998e768903091241778c4bd3f69b6f7aec89daba374d2f84f44462e4d8ce3,2,mini1,sysdiagnose,RAW_DEVICE_LOG_ARCHIVE,sysdiagnose_2025.09.23_23-52-12+0700_iPhone-OS_iPhone_22F76.tar.gz
1b0bcca475afd1a47a9611768a34ccce7a7f40628e8ca001837247c5dc9e14a0,2,mini1,analytics_log,RAW_DEVICE_LOG_ARCHIVE,xp_amp_app_usage_dnu-[PHONE].ips
fff8925b38b60cb87f60b6a1a495f4e5838538183135b6aabc56d3826c676ebc,2,mini1,analytics_synced,RAW_DEVICE_LOG_ARCHIVE,Analytics-[PHONE].ips.ca.synced
be535ac5e7205324840143085cbd5c3b17d6fbab4a9f5df2c2f763d44c899b4f,2,mini1,analytics_log,RAW_DEVICE_LOG_ARCHIVE,backupd.cpu_resource-[PHONE].ips
cc3bdfc08bcb8b7e5a400c45f07a13714c5826da976b715453034c20391ce618,2,mini1,analytics_log,RAW_DEVICE_LOG_ARCHIVE,cfprefsd.diskwrites_resource-[PHONE].ips
b4075a5b1db917f277be29f27db5196107c6ec26dd35e5cd33b7d4def6a41374,2,mini1,analytics_log,RAW_DEVICE_LOG_ARCHIVE,Files-[PHONE].ips
55418d785f178831210ceac1236145bde12c2a06a5bf1bc4e229bd7ac540a821,2,mini1,analytics_log,RAW_DEVICE_LOG_ARCHIVE,JetsamEvent-[PHONE].ips
35af90667e64773e7a91c17b78850c03d038606b403aea18746317fbd284dae4,2,mini1,analytics_log,RAW_DEVICE_LOG_ARCHIVE,logd.diskwrites_resource-[PHONE].ips
788da53347c0cfa03e809df0b2754ed41294d6b24a3ad6614b08f53f4a0bdebb,2,mini1,analytics_log,RAW_DEVICE_LOG_ARCHIVE,MEGAShare-[PHONE].ips
cc05fa159eed7a68f45671299893eead29734804b8e25f13da8d112f0256092a,2,mini1,analytics_log,RAW_DEVICE_LOG_ARCHIVE,SiriSearchFeedback-[PHONE].ips
cffd6a4867b9730a91e19969dd361841c160a642916e5b90e8878cec96aa1eca,2,mini1,analytics_log,RAW_DEVICE_LOG_ARCHIVE,SiriSearchFeedback-[PHONE].ips
846d70ab8d324614f10e720807005c97daafb5799cc96e826f150718816fe20b,2,mini1,analytics_log,RAW_DEVICE_LOG_ARCHIVE,xp_amp_app_usage_dnu-[PHONE].ips
866f7138b79ce170a4c7bc5307f1dc06dcda913d830c0b6f4b52c839df9afd2c,2,mini1,analytics_log,RAW_DEVICE_LOG_ARCHIVE,PerfPowerServices.diskwrites_resource-[PHONE].ips
c93f93ea543ae1c6c5572d62fd399f3ada2191a961dbee9cf32b2d5611fc1edc,2,mini1,analytics_log,RAW_DEVICE_LOG_ARCHIVE,Preferences-[PHONE].ips
195e04f08a2eb522b31c3943137161042888f58ccfa387a0e93c83179ccacf28,2,mini1,analytics_log,RAW_DEVICE_LOG_ARCHIVE,proactive_event_tracker-com_apple_Trial-com_apple_triald-[PHONE].ips
a6b00b61d664c72884687cb2ec6dcddf969ad9fb7f0229058c7d217cfd591787,2,mini1,rtcr,RAW_DEVICE_LOG_ARCHIVE,RTCReporting_messageLog_2025-[PHONE].txt
41fe3be4d313fac60f86c01842a10a3e23672802cc86b50b2680292dd7a56c79,2,mini1,rtcr,RAW_DEVICE_LOG_ARCHIVE,RTCReporting_messageLog_2025-[PHONE].txt
1f834696e8e58fbccb807f2479fc463b56a33c7ba9854e769f49e3009c24643e,2,mini1,rtcr,RAW_DEVICE_LOG_ARCHIVE,RTCReporting_messageLog_2025-[PHONE].txt
77d2900aef9dab25925217c1df91adfec39a9159f3e255c71d58a178f9fb9843,2,mini1,rtcr,RAW_DEVICE_LOG_ARCHIVE,RTCReporting_messageLog_2025-[PHONE].txt
f28f2cd638596b9fb46e580ca106e31c9c37bce4eac33259c11438085a1e935f,2,mini1,analytics_log,RAW_DEVICE_LOG_ARCHIVE,SaveToFiles-[PHONE].000.ips
ec264f901dd30cf81f108a605e94da15e87793bc628b20e5d366fac004ac4885,2,mini1,analytics_log,RAW_DEVICE_LOG_ARCHIVE,SaveToFiles-[PHONE].0002.ips
0d75a97d7725d19e63581dfe9258505134953c80771a9eae9ada534abfe7abdb,2,mini1,analytics_log,RAW_DEVICE_LOG_ARCHIVE,SaveToFiles-[PHONE].ips
59d206abb5166a991c8d77c47837c5e567e2b58167691a22cf525c09e0c6b545,2,mini1,analytics_log,RAW_DEVICE_LOG_ARCHIVE,SFA-ckks.json-[PHONE].ips
244678e3cd4b75e18e1dbb4d7e58782a85cd29897039e28d5bf54c827128b490,2,mini1,analytics_log,RAW_DEVICE_LOG_ARCHIVE,SFA-CloudServices.json-[PHONE].ips
fb1feb7690fe444e6262a586d92f0ca80b0f93d35c0bbe57b7236ebfd74d90ea,2,mini1,analytics_log,RAW_DEVICE_LOG_ARCHIVE,SFA-local.json-[PHONE].000.ips
996c5e32caa86ebf86312d631c836dfd080a821c7a6917646d895e57368fd5e6,2,mini1,analytics_log,RAW_DEVICE_LOG_ARCHIVE,SFA-networking.json-[PHONE].ips
a912f5196b3c40b290f1c47a0180f71676b7b9ae3242301a06a6bd653dc85f19,2,mini1,analytics_log,RAW_DEVICE_LOG_ARCHIVE,SFA-pcs.json-[PHONE].ips
8644e1ff9824bfd8e8c05e2aa02d27ef9c9bd039c74f9065d8b734eaf8b6b7fb,2,mini1,analytics_log,RAW_DEVICE_LOG_ARCHIVE,SFA-sos.json-[PHONE].000.ips
4e3357bc2c85ae6d2448af1fc64467a43455743723c670d96f8fbce62b6036a6,2,mini1,analytics_log,RAW_DEVICE_LOG_ARCHIVE,SFA-swtransparency.json-[PHONE].ips
8e318795ec6ae3e2706ebf91dd468f2c48ebb840a8484cb67822e5bfebb0b234,2,mini1,analytics_log,RAW_DEVICE_LOG_ARCHIVE,SFA-transparency.json-[PHONE].000.ips
50616498e31e8f25065d62d6e82b494b2c602f43cca487316167f22e312d3c52,2,mini1,analytics_log,RAW_DEVICE_LOG_ARCHIVE,signpost_reporter.cpu_resource-[PHONE].ips
38c82ebe8d694ba5f45ec04079363d2dbfbd478e2027b73ac4ece1100bb21b03,2,mini1,analytics_log,RAW_DEVICE_LOG_ARCHIVE,SiriSearchFeedback-[PHONE].ips
ad883e0ba00aeb59b0ada91c7f347dc050a432a92c4ca6ba8d07fb6ab88ae9ab,2,mini1,analytics_log,RAW_DEVICE_LOG_ARCHIVE,SiriSearchFeedback-[PHONE].ips
3030d00f370600138f1300517364c643e8cda7e0de0a8530414a03f800e76335,2,mini1,analytics_log,RAW_DEVICE_LOG_ARCHIVE,SiriSearchFeedback-[PHONE].ips
84e9c1c06ee1b5c8782da09bdd5b41e2e912d229065954abf2e945d327db8e9f,2,mini1,analytics_log,RAW_DEVICE_LOG_ARCHIVE,SiriSearchFeedback-[PHONE].ips
e8293029df68726af4e5890ce2b0676913fe1e91dae5c9ad279d5dcfd78c8796,2,mini1,analytics_log,RAW_DEVICE_LOG_ARCHIVE,SiriSearchFeedback-[PHONE].ips
ba75cd0393dae325f4e4d1a831e26a1067fc66e2bc1e95298715c81d896ceda9,2,mini1,analytics_log,RAW_DEVICE_LOG_ARCHIVE,SiriSearchFeedback-[PHONE].ips
f1162269ba64aa3c41a7e5cc67809e1067a5f07a59d62381028347c3b6053ad7,2,mini1,analytics_log,RAW_DEVICE_LOG_ARCHIVE,SiriSearchFeedback-[PHONE].ips
977b32715c6069f17b87c6beaf88233898b4a78df9b6cbf0ade694ea8a34caa5,2,mini1,analytics_log,RAW_DEVICE_LOG_ARCHIVE,SiriSearchFeedback-[PHONE].ips
95ea43df441fc408c3176d5c52cf418245b4acee5e84fc58098110a68fa81548,2,mini1,analytics_log,RAW_DEVICE_LOG_ARCHIVE,SiriSearchFeedback-[PHONE].ips
d9b53ab244118f887bb510db87bd79705ec99a0df0468c911fe2ad9302603f2d,2,mini1,analytics_log,RAW_DEVICE_LOG_ARCHIVE,SiriSearchFeedback-[PHONE].000.ips
008f651fa797ca7f2e73fb2a4c7e553922476bf2e6983f53c1a32c6074209d62,2,mini1,analytics_log,RAW_DEVICE_LOG_ARCHIVE,SiriSearchFeedback-[PHONE].ips
cac3f9eab2f249dae5066d28061e1c5234497a0aed7a80fc7fb36ac9413e5ff4,2,mini1,analytics_log,RAW_DEVICE_LOG_ARCHIVE,SiriSearchFeedback-[PHONE].ips
e2758eb0abd13c685ec11c88dc3e614c7ef820757e81626bf7a708747c85b705,2,mini1,analytics_log,RAW_DEVICE_LOG_ARCHIVE,SiriSearchFeedback-[PHONE].ips
d744a2e9401d5eb91a21465facb8c2eb27b03359379ee42a5c4fb54ff23334ce,2,mini1,analytics_log,RAW_DEVICE_LOG_ARCHIVE,SiriSearchFeedback-[PHONE].ips
92108392d99f14124c34ba9e385de34c88c06fb25c52999215aaa3c41724ea6e,2,mini1,analytics_log,RAW_DEVICE_LOG_ARCHIVE,SiriSearchFeedback-[PHONE].000.ips
6fa18bd95cca55a080db4f3e1abbc133d9f94a1f6b1467dbf43308dc4baf76e1,2,mini1,analytics_log,RAW_DEVICE_LOG_ARCHIVE,SiriSearchFeedback-[PHONE].ips
e222466f4b0addaf92557e34e48a479c689f4822a902ee96ed17e05d26dd4b66,2,mini1,analytics_log,RAW_DEVICE_LOG_ARCHIVE,SiriSearchFeedback-[PHONE].ips
680ee8e82911a7808c780913dadb13a45dc22746d674f502cf9678a6b5cd9bce,2,mini1,analytics_log,RAW_DEVICE_LOG_ARCHIVE,SiriSearchFeedback-[PHONE].ips
22cfdf03716ec431ff5417a8f4d4451be341726bf4e2f0b51f55bd19fb0ad6b8,2,mini1,analytics_log,RAW_DEVICE_LOG_ARCHIVE,SiriSearchFeedback-[PHONE].ips
7316711a1321c267eecd059d4320c29a288c5a5d48a41e77b77dd9b97abfc860,2,mini1,analytics_log,RAW_DEVICE_LOG_ARCHIVE,SiriSearchFeedback-[PHONE].ips
34d26a439aab5744f06278371e8814375f27150a6a2984351046aec3748a1de5,2,mini1,analytics_log,RAW_DEVICE_LOG_ARCHIVE,SiriSearchFeedback-[PHONE].000.ips
c259d73ae9601ec558e0c23f51076d20bcca5812a23aa08da974628ee310c68b,2,mini1,analytics_log,RAW_DEVICE_LOG_ARCHIVE,SiriSearchFeedback-[PHONE].ips
4e1a8e50d600e177a57272c7e6d4bc8b4fcde7465905ebed850581d9e98c1229,2,mini1,analytics_log,RAW_DEVICE_LOG_ARCHIVE,SiriSearchFeedback-[PHONE].ips
4e6b613bc249b7bf94f425c729c95c31edd155af547bf7844825f3c50e1de781,2,mini1,analytics_log,RAW_DEVICE_LOG_ARCHIVE,SiriSearchFeedback-[PHONE].ips
5ce550839f7751d18f3815185cbdae379c7fcf31c351dc2e7ddc9f041cdcb27c,2,mini1,analytics_log,RAW_DEVICE_LOG_ARCHIVE,SiriSearchFeedback-[PHONE].ips
a11b42dbb2297b7089ff8fedccfc5f9e60ab8f77df6fa224cd4533bacdac7aa3,2,mini1,analytics_log,RAW_DEVICE_LOG_ARCHIVE,stacks-[PHONE].ips
c2527fc13c97f769c482bea292178b3690acf61e2446b468910db8d25ad90bd8,2,mini1,analytics_log,RAW_DEVICE_LOG_ARCHIVE,stacks-[PHONE].ips
6cf972490fd4f416110ba079e2a3dbb854dda219603487d88a5b75578ad4d4f7,2,mini1,analytics_log,RAW_DEVICE_LOG_ARCHIVE,stacks-[PHONE].ips
29e5f7f95c0ab06ef990a69a44a0174a5e41924bbf6a05779ad758984495f3e3,2,mini1,analytics_log,RAW_DEVICE_LOG_ARCHIVE,stacks-[PHONE].ips
00182810ee06583c930acca0d2bc049b7c3a3c409a521bd0622afe6d05f90d38,2,mini1,sysdiagnose,RAW_DEVICE_LOG_ARCHIVE,sysdiagnose_2025.09.24_06-43-33+0700_iPhone-OS_iPhone_22F76.tar.gz
82a8d5b4a4402f9ccc070a4521de5389119758369cbf2ebec1de2ed7529c7b04,2,mini1,sysdiagnose,RAW_DEVICE_LOG_ARCHIVE,sysdiagnose_2025.09.24_06-53-13+0700_iPhone-OS_iPhone_22F76.tar.gz
00fc2231ab7d3981c8cd67dc72937550e2ada0c166e46304752207bbd29ea543,2,mini1,sysdiagnose,RAW_DEVICE_LOG_ARCHIVE,sysdiagnose_2025.09.24_12-40-57+0700_iPhone-OS_iPhone_22F76.tar.gz
9456a7b254a0888f3457b46b011fd928766d34b440eaac501242fee0322d51ad,2,mini1,sysdiagnose,RAW_DEVICE_LOG_ARCHIVE,sysdiagnose_2025.09.24_13-15-57+0700_iPhone-OS_iPhone_22F76.tar.gz
6d574ccea8e66365a49a4c10c41815101965ff99a8077f1c27314ce849fe5b41,2,mini1,analytics_log,RAW_DEVICE_LOG_ARCHIVE,WhatsApp-[PHONE].ips
8f4287686232bd3004d83934ff831405fe0559ffdf2a4cebc69dbf20eca3cd6b,2,mini1,analytics_log,RAW_DEVICE_LOG_ARCHIVE,WiFiLQMMetrics-[PHONE].ips
eaf7dea64018808fb4c6c54639ede020a02dec3c133e227b128e25c7ec450289,2,mini1,text_log,RAW_DEVICE_LOG_ARCHIVE,([PHONE] +0000) [splunk -  flushMessages] {.txt
bf5765512b98b4c759a578d3a2a2f6cbc348d546e3432c2231b9e46c83a87aa7,2,mini1,text_log,RAW_DEVICE_LOG_ARCHIVE,[PHONE] +0000) [splunk -  flushMessages] {.txt
1996bfdc6350de4f733678d9705b2bdd43d4618b8a2d334cc53d60935dc7d55e,2,mini1,analytics_synced,RAW_DEVICE_LOG_ARCHIVE,Analytics-[PHONE].ips.ca.synced
ea6b240918124b79d54626d19ad6b6d42a8c401840c913b5ac7b686cc29fee41,2,mini1,analytics_log,RAW_DEVICE_LOG_ARCHIVE,duetexpertd.cpu_resource-[PHONE].ips
ee6d44ca7a758e9cd8480839d2cd962b439853b30fce5342795d48a690805381,2,mini1,analytics_log,RAW_DEVICE_LOG_ARCHIVE,JetsamEvent-[PHONE].ips
4984d81abb179aaa4a4bae7089df7a657bd928248b43bb5fea7debf8cf538a13,2,mini1,analytics_log,RAW_DEVICE_LOG_ARCHIVE,MEGAShare-[PHONE].ips
a11777b8c02849a1ecbdb30f2cddc66162dc8af95969e0b94aa1f55305712285,2,mini1,analytics_log,RAW_DEVICE_LOG_ARCHIVE,SiriSearchFeedback-[PHONE].ips
b5561e5b26d744431170300addb6ccca04cd8e7103297a9d35572fcde3c1e2dc,2,mini1,analytics_log,RAW_DEVICE_LOG_ARCHIVE,SiriSearchFeedback-[PHONE].ips
da160f189c9878c96e77c1a2566a11f8b9879c10c97f40f5702aba5825e6cab0,2,mini1,analytics_log,RAW_DEVICE_LOG_ARCHIVE,SiriSearchFeedback-[PHONE].ips
c9efe5ab61c8459dc107a4e0ad8235d47b8c448a1ff9ded61fad3cb8407fbbfb,2,mini1,analytics_log,RAW_DEVICE_LOG_ARCHIVE,SiriSearchFeedback-[PHONE].ips
2b16c7230c982115cdf1222bed2dd05a0b70343af731b97226d89540ff84ab87,2,mini1,analytics_log,RAW_DEVICE_LOG_ARCHIVE,stacks-[PHONE].ips
3d9f5f021a3cf89948a94d96e65a7d6b0847c8e3ba07ed244d529bf745120913,2,mini1,sysdiagnose,RAW_DEVICE_LOG_ARCHIVE,sysdiagnose_2025.09.25_02-01-50+0700_iPhone-OS_iPhone_22F76.tar.gz
075c816e2ae2009e252f35415edea947626ed3e3d492ffe003705588e6b4cea8,2,mini1,rtcr,RAW_DEVICE_LOG_ARCHIVE,RTCReporting_messageLog_2025-[PHONE] (2).txt
67f705464603adfc8d63717acc2d12fe69256bbb421c383506c048b78387dc4b,2,mini1,rtcr,RAW_DEVICE_LOG_ARCHIVE,RTCReporting_messageLog_2025-[PHONE].txt
d0fe0f5cbb001b456b711f485fd7a035de79ccb4d985fce19e2e65389a952e85,2,mini1,analytics_log,RAW_DEVICE_LOG_ARCHIVE,SiriSearchFeedback-[PHONE].ips
ef8f3727916f04fbd52d57508da67fce413210e4f877977d44c5071e71857532,2,mini1,analytics_log,RAW_DEVICE_LOG_ARCHIVE,SiriSearchFeedback-[PHONE].ips
bf0f83166ead7bbfeb0e0c8f19ba5d9c3e6068c15420715140111a7f5c75ab63,2,mini1,analytics_log,RAW_DEVICE_LOG_ARCHIVE,stacks-[PHONE].ips
be0258e542e5bf2ad123abb2f5adb85f7e993055030b5b132a2505e9e9f8d102,2,mini1,sysdiagnose,RAW_DEVICE_LOG_ARCHIVE,sysdiagnose_2025.09.25_02-54-41+0700_iPhone-OS_iPhone_22F76.tar.gz
ff4bb039b5b1cfd89288ef89e5226b3ed20372d1ecf9f45f5dbae40026fb4061,2,mini1,rtcr,RAW_DEVICE_LOG_ARCHIVE,RTCReporting_messageLog_2025-[PHONE].txt
43ea920b392fdb4d4fbefbb78cae1b83d0282de4573c4fabe4128c53cc77fe4d,2,mini1,analytics_log,RAW_DEVICE_LOG_ARCHIVE,signpost_reporter.cpu_resource-[PHONE].ips
8a3da64814fcc76fe3beb297609a2c096a68fb8768866998c3959f95cb431e2d,2,mini1,analytics_log,RAW_DEVICE_LOG_ARCHIVE,SiriSearchFeedback-[PHONE].ips
f6d7a9957b0b4b4fa42be677a815caa008de39f1f22df4c53734a8ae24584313,2,mini1,analytics_log,RAW_DEVICE_LOG_ARCHIVE,SiriSearchFeedback-[PHONE].ips
c1fcd36ecdfea778e96d108c5656c83279b45abb36173f3b56221220c2602ba2,2,mini1,analytics_log,RAW_DEVICE_LOG_ARCHIVE,SiriSearchFeedback-[PHONE].ips
c02ea139525dd49cde5d0d6a1fcfa14622735f894af28b59c9c2f34dcdc279c9,2,mini1,analytics_log,RAW_DEVICE_LOG_ARCHIVE,SiriSearchFeedback-[PHONE].ips
351c217c09d4d66965fb45e3d0583998353aecb29ef3a4d1b2e1e59089df458c,2,mini1,analytics_log,RAW_DEVICE_LOG_ARCHIVE,SiriSearchFeedback-[PHONE].000.ips
135d0d20134db0268e9e547d651ac0b7342f1f0194fb4dba7a2220b9cd0af039,2,mini1,analytics_log,RAW_DEVICE_LOG_ARCHIVE,SiriSearchFeedback-[PHONE].ips
a2d2f48df6e3e9314d87456032b3f4bdc8b81d779abd4053d8b7c3662507cc7b,2,mini1,analytics_log,RAW_DEVICE_LOG_ARCHIVE,SiriSearchFeedback-[PHONE].ips
b9c45d93a997f80438b4b442476bb9ab677a824eddfcebe6aba6e4c1de9917c6,2,mini1,analytics_log,RAW_DEVICE_LOG_ARCHIVE,SiriSearchFeedback-[PHONE].ips
1061a9144835ceeb8ecb7f4d611e524ea3a0d5d52a3a3bee585203746c3abec8,2,mini1,analytics_log,RAW_DEVICE_LOG_ARCHIVE,SiriSearchFeedback-[PHONE].ips
8769040dbf262e249122e865625b7dbdd838640f4e217266decf53aa14bc9451,2,mini1,analytics_log,RAW_DEVICE_LOG_ARCHIVE,SiriSearchFeedback-[PHONE].ips
8a2bb0ebb9258ec287fb497fe0d8be87d86da09ccd3cf398a9f81854a18b2597,2,mini1,analytics_log,RAW_DEVICE_LOG_ARCHIVE,stacks-[PHONE].ips
7c08a0702c7ff3bd0e4facadbbb602eaef9710d9bd0b97d246137a3f17062dc9,2,mini1,sysdiagnose,RAW_DEVICE_LOG_ARCHIVE,sysdiagnose_2025.09.25_07-31-40+0700_iPhone-OS_iPhone_22F76.tar.gz
3bcce9bd6bf5474c1030795e1f8d7478fe727687fe504568df8f88c9c5c88184,2,mini1,analytics_log,RAW_DEVICE_LOG_ARCHIVE,xp_amp_app_usage_dnu-[PHONE].ips
fc1c3d7ad75cd62883066f40dcb3c57a0bac40afe1b7ce2d1357f8f1d6b1d6e3,2,mini1,analytics_log,RAW_DEVICE_LOG_ARCHIVE,SFA-ckks.json-[PHONE].ips
c45e152f4831a2347270589eb21bdc4cde578255bc521a4df43f335d2724743f,2,mini1,analytics_log,RAW_DEVICE_LOG_ARCHIVE,SFA-CloudServices.json-[PHONE].ips
afa246a3bdd8bf1c587c5a14aae166bcb1331c8c0ec0b849042cae8e708a9bd3,2,mini1,analytics_log,RAW_DEVICE_LOG_ARCHIVE,SFA-local.json-[PHONE].000.ips
98b19a34bbb7f059300b389eb81d4c94c965dc82ffdfbe324aceaa226b36b751,2,mini1,analytics_log,RAW_DEVICE_LOG_ARCHIVE,SFA-networking.json-[PHONE].ips
a4b7155cc5adb9b932f1d786cca427822d326475e3078f2195528fe7703c2fdc,2,mini1,analytics_log,RAW_DEVICE_LOG_ARCHIVE,SFA-pcs.json-[PHONE].ips
c00eb6247d9c08eca24d70dacffdce80d30f7bbc7c84176140ead08124c2c0fa,2,mini1,analytics_log,RAW_DEVICE_LOG_ARCHIVE,SFA-sos.json-[PHONE].000.ips
35e723f5f82306a88f90714bc38316c43916fdb64e8c174c128751a5f5bff903,2,mini1,analytics_log,RAW_DEVICE_LOG_ARCHIVE,SFA-swtransparency.json-[PHONE].ips
3dcb06a964a37a8fcb53c4875c3ecbbb2dc78b811fa65e2d42e9d13ee6f6344c,2,mini1,analytics_log,RAW_DEVICE_LOG_ARCHIVE,SFA-transparency.json-[PHONE].ips
643d3df9bf3b3959f4a6a2f8c33e1595284669eee45f5681e54e094c5df52161,2,mini1,analytics_log,RAW_DEVICE_LOG_ARCHIVE,SiriSearchFeedback-[PHONE].ips
e484603ed0338970b9e39d528b0731bb5ee6103e30c1a639b6c0b9f2a141a89d,2,mini1,analytics_log,RAW_DEVICE_LOG_ARCHIVE,xp_amp_app_usage_dnu-[PHONE].ips
0453dd61e102e391501dc7fb2495959b4b8e2c9f4be518c3251247c102ae7044,2,mini1,rtcr,RAW_DEVICE_LOG_ARCHIVE,RTCReporting_messageLog_2025-[PHONE].txt
0d59a5bc9764b3725998189772e1f52ab07c28c3ee0e66bb4a60907ca3bc7f98,2,mini1,analytics_log,RAW_DEVICE_LOG_ARCHIVE,SiriSearchFeedback-[PHONE].ips
e03f9cc49b3aabf2f7f69af027ed4f942c12bda30bea7b80915e792cee89e1e9,2,mini1,rtcr,RAW_DEVICE_LOG_ARCHIVE,RTCReporting_messageLog_2025-[PHONE].txt
8239033d08a5c6e78ca3d08d8d909319a5015cfe7534636ce4dae68edcda2e02,2,mini1,analytics_log,RAW_DEVICE_LOG_ARCHIVE,WiFiLQMMetrics-[PHONE].ips
294a3ec392ace99ac82a0c72ab5651526bf33410b7d56b1971e8ba12e913528e,2,mini1,rtcr,RAW_DEVICE_LOG_ARCHIVE,RTCReporting_messageLog_2025-[PHONE].txt
a5e1b4c001b11d1389262f9be96e1832cc8fb0e091dbc296ed0a223a793f63ee,2,mini1,rtcr,RAW_DEVICE_LOG_ARCHIVE,RTCReporting_messageLog_2025-[PHONE].txt
26c00b4e1d96a9aea23a8311d9873ea161abae716bbf51e64576612a6e3b56bb,2,mini1,analytics_log,RAW_DEVICE_LOG_ARCHIVE,WiFiLQMMetrics-[PHONE].ips
6988ed6c091bb023a2cd865c5196f34a48f9c19b2c1ab62ef375079fdb740337,2,mini1,analytics_log,RAW_DEVICE_LOG_ARCHIVE,WiFiLQMMetrics-[PHONE].ips
e5f7c19a89c6872c6c6329cda6df988904aadcf5d4d4b324eef1c6344ed8d304,2,mini1,rtcr,RAW_DEVICE_LOG_ARCHIVE,RTCReporting_messageLog_2025-[PHONE].txt
3b8fd0b954899d402ef6c178f7012f5b58715ccddb3a883ff49fa810e6ad8b9b,2,mini1,rtcr,RAW_DEVICE_LOG_ARCHIVE,RTCReporting_messageLog_2025-[PHONE].txt
53434a41aef9c8472038ee316293bca690308b361a15ad8b27df87125b8d687a,2,mini1,rtcr,RAW_DEVICE_LOG_ARCHIVE,RTCReporting_messageLog_2025-[PHONE].txt
6f013ef8bf6315be163da493cec4adffedb5e7a0e00d24dac7d26f253ce7636d,2,mini1,rtcr,RAW_DEVICE_LOG_ARCHIVE,RTCReporting_messageLog_2025-[PHONE].txt
d20db518bcda5d2c57f22b53fa4c81f9e62a4520b136c22842eb704395c644c2,2,mini1,rtcr,RAW_DEVICE_LOG_ARCHIVE,RTCReporting_messageLog_2025-[PHONE].txt
5a46dfcb26d34287d1951c0d7a54b6a3c38f32057e13a2235892568f15a22292,2,mini1,rtcr,RAW_DEVICE_LOG_ARCHIVE,RTCReporting_messageLog_2025-[PHONE].txt
72e0074b7e195fd2754ef06e7d5aead47e0cd968d1b5192c17e16409ed9a451b,2,mini1,sysdiagnose,RAW_DEVICE_LOG_ARCHIVE,sysdiagnose_2025.12.14_13-05-34+0700_iPhone-OS_iPhone_22F76 2.tar.gz || sysdiagnose_2025.12.14_13-05-34+0700_iPhone-OS_iPhone_22F76.tar.gz
3d3f508efd5b119e4dfdd99b6b7ef4e4b5107b3fe04109a9a14614cf4c9dd338,2,mini1,rtcr,RAW_DEVICE_LOG_ARCHIVE,RTCReporting_messageLog_2025-[PHONE].txt
995749860f0a1d89834830340cc0fdd04c72d70ba267daef3d7b377f8da93139,2,mini1,rtcr,RAW_DEVICE_LOG_ARCHIVE,RTCReporting_messageLog_2025-[PHONE].txt
952a4c0ccacc2b2d76d3b21a78a57f4880047b05dfd7e58fac1000d4e902158d,2,mini1,rtcr,RAW_DEVICE_LOG_ARCHIVE,RTCReporting_messageLog_2025-[PHONE].txt
bddb807b2679e8fe5f7c174b32d6d0e911459d36579c9f611a87db477169a0de,2,mini1,analytics_log,RAW_DEVICE_LOG_ARCHIVE,SiriSearchFeedback-[PHONE].ips
fc271003a4e711943fce9397dcd3db4fcacbfb4eac223c4b9f8681327bbb6050,2,mini1,rtcr,RAW_DEVICE_LOG_ARCHIVE,RTCReporting_messageLog_2025-[PHONE].txt
7b947ca5ede94655c26a62f417b3b947a1c8401e1691aaef736e60a1c9f2e1ce,2,mini1,sysdiagnose,RAW_DEVICE_LOG_ARCHIVE,sysdiagnose_2025.12.09_17-06-45+0700_iPhone-OS_iPhone_22F76 2.tar.gz || sysdiagnose_2025.12.09_17-06-45+0700_iPhone-OS_iPhone_22F76.tar.gz
4f6508c4af3dd4c701436cc75758575896bfb7966bf96c37cc063468d534ec69,2,mini1,analytics_synced,RAW_DEVICE_LOG_ARCHIVE,Analytics-[PHONE].ips.ca.synced
9c726ae8d194884b7d62c93694f895783eace6c846b43db260d956f2b6acb41c,2,mini1,analytics_log,RAW_DEVICE_LOG_ARCHIVE,JetsamEvent-[PHONE].ips
c6623d4afcafdff51603697154f392d63118160b0bbfa830195b5e887be5d402,2,mini1,analytics_log,RAW_DEVICE_LOG_ARCHIVE,JetsamEvent-[PHONE].ips
6d89868b10035f77fec57d149e3a1a57c3df7ebc88b160598e58d57f0183fed4,2,mini1,analytics_log,RAW_DEVICE_LOG_ARCHIVE,proactive_event_tracker-com_apple_Trial-com_apple_triald-[PHONE].ips
17e3aec31ef3addbefe8a920cf88d9ed197eba605abd59adefd5c56af75e142f,2,mini1,analytics_log,RAW_DEVICE_LOG_ARCHIVE,SFA-ckks.json-[PHONE].ips
45fc02742b3e70ba2d87d81166497d9e4995a88eaf7e24996356cf20cfd23735,2,mini1,analytics_log,RAW_DEVICE_LOG_ARCHIVE,SFA-ckks.json-[PHONE].ips
075889bc67fb06e7cf087d55ca4843aacd4c116e2a031f0b4f3c5f580ed2fff4,2,mini1,analytics_log,RAW_DEVICE_LOG_ARCHIVE,SFA-ckks.json-[PHONE].ips
645be771735fd0a78506c2520748fe3cc6d9d58c4fa1755173c7ddc691331a5b,2,mini1,analytics_log,RAW_DEVICE_LOG_ARCHIVE,SFA-CloudServices.json-[PHONE].000.ips
14a79cdd587bd610ba086af77f8d59e7b01d7cf3c4f7b93dadcb0cb916889cbf,2,mini1,analytics_log,RAW_DEVICE_LOG_ARCHIVE,SFA-CloudServices.json-[PHONE].ips
4c5ad0dd4fdd2741639b0aa53f0a605845ac4edb4d08af9f21a5f20d6a9f2fdb,2,mini1,analytics_log,RAW_DEVICE_LOG_ARCHIVE,SFA-CloudServices.json-[PHONE].ips
64c533fe767941f563a97b6ae28c3d2d83066e3d0933ce711c444ea640d08a7e,2,mini1,analytics_log,RAW_DEVICE_LOG_ARCHIVE,SFA-local.json-[PHONE].ips
b1a9a9855e06469bc1fc396eff2b81d91e1413e6d0efd226c04f317c8d7415ac,2,mini1,analytics_log,RAW_DEVICE_LOG_ARCHIVE,SFA-local.json-[PHONE].ips
0a6385bc4bb801ba0780c2fe1ca78a1b138b6141051098b009ff262c738a900c,2,mini1,analytics_log,RAW_DEVICE_LOG_ARCHIVE,SFA-local.json-[PHONE].000.ips
62a36e6dc94671cf829b1c9ef27d55391a227fb2d776e210b3b3f3c8e67aa8f2,2,mini1,analytics_log,RAW_DEVICE_LOG_ARCHIVE,SFA-networking.json-[PHONE].ips
a49de51ab170ae4d6b29820ae111c5e775855599779b1202c975daf18ff4f302,2,mini1,analytics_log,RAW_DEVICE_LOG_ARCHIVE,SFA-networking.json-[PHONE].ips
9039fbdc5fb05e0e0eb0688ec31090282bc9b5062aba03bd0a081544ab9e51d4,2,mini1,analytics_log,RAW_DEVICE_LOG_ARCHIVE,SFA-networking.json-[PHONE].ips
4bd4323fd938f733a6bab14fad74058c072a103847a23d8a9aabb03442ed0add,2,mini1,analytics_log,RAW_DEVICE_LOG_ARCHIVE,SFA-pcs.json-[PHONE].0002.ips
4581195e66dcf2ee0e66331c6443bc3b48b14a234e3167e1be79606932c749e6,2,mini1,analytics_log,RAW_DEVICE_LOG_ARCHIVE,SFA-pcs.json-[PHONE].000.ips
bb82f8d558958d319e698a1e919cb6b5378cd64a47b6cd8da1e615215de60a0c,2,mini1,analytics_log,RAW_DEVICE_LOG_ARCHIVE,SFA-pcs.json-[PHONE].ips
af8671195ec4c1664eb0ae9f69c044d5e47f983ae1d5815639e23d521e121cc0,2,mini1,analytics_log,RAW_DEVICE_LOG_ARCHIVE,SFA-sos.json-[PHONE].000.ips
0e62e4cc47b17d64f2fb472d93614ecaba9663b72d6c7bdf2071ed3459b92b33,2,mini1,analytics_log,RAW_DEVICE_LOG_ARCHIVE,SFA-sos.json-[PHONE].ips
a6f0d4e97539b336e1a21a3df15cc039a02be06fa2e0d1c78084085fe6581461,2,mini1,analytics_log,RAW_DEVICE_LOG_ARCHIVE,SFA-sos.json-[PHONE].000.ips
6e2fd7800cb3a2240783afeddf15f228c05b1ce538ebcf4e34c2d342a2797968,2,mini1,analytics_log,RAW_DEVICE_LOG_ARCHIVE,SFA-swtransparency.json-[PHONE].ips
dda40e7888559869ed0811a65a2dff0cea325bdbabe0c7b1b5b782d36fdc353a,2,mini1,analytics_log,RAW_DEVICE_LOG_ARCHIVE,SFA-swtransparency.json-[PHONE].ips
c2bb6d5061c53b0290aee83b8a9e440cf53c441cfe8b713b0e5e7534a0b5a68b,2,mini1,analytics_log,RAW_DEVICE_LOG_ARCHIVE,SFA-swtransparency.json-[PHONE].ips
490d628aa02ace3abdd9bace598289dfac3733b49fe9065817b9702ddc00158a,2,mini1,analytics_log,RAW_DEVICE_LOG_ARCHIVE,SFA-transparency.json-[PHONE].ips
9ed7c5d70133ddfeeaa9a7b05c510483d14b0439f1dab66be5f625a2561d74b1,2,mini1,analytics_log,RAW_DEVICE_LOG_ARCHIVE,SFA-transparency.json-[PHONE].000.ips
8d7e6b285d0a51b1abd3f913e4d759f68506daf8024d7c7d2ad7140787e86447,2,mini1,analytics_log,RAW_DEVICE_LOG_ARCHIVE,SFA-transparency.json-[PHONE].000.ips
ec99d7cb88936f8c0a23244f3f77bcbb89f06d8effd361700a0e31c24181e9be,2,mini1,analytics_log,RAW_DEVICE_LOG_ARCHIVE,SiriSearchFeedback-[PHONE].ips
70c920927906c215bf035a0ac802bb9f7e63c7591046bb6ed851dfc82e27806b,2,mini1,analytics_log,RAW_DEVICE_LOG_ARCHIVE,SiriSearchFeedback-[PHONE].ips
f88f5c49077434a294809d727d26b1e37435b2c1246847a15fb7322e0d5de2e2,2,mini1,analytics_log,RAW_DEVICE_LOG_ARCHIVE,SiriSearchFeedback-[PHONE].000.ips
922796fb9b38bb91cfc88ab79b8211fc5fe2919aa031932f254f267120e46563,2,mini1,analytics_log,RAW_DEVICE_LOG_ARCHIVE,SiriSearchFeedback-[PHONE].ips
8101e70914bfc9886b8deccbf62be3ee7be517359c81e8ea9e2a738f7ff20c62,2,mini1,analytics_log,RAW_DEVICE_LOG_ARCHIVE,SiriSearchFeedback-[PHONE].ips
e23cc5aca4b65c4a5b571a7035b098269d7f96489aabc124d9773cc1ee93e69b,2,mini1,analytics_log,RAW_DEVICE_LOG_ARCHIVE,SiriSearchFeedback-[PHONE].ips
b422cbfc308e402be6b5ab99501d3ebb0917808d33fbf33864360920b5216097,2,mini1,analytics_log,RAW_DEVICE_LOG_ARCHIVE,stacks-[PHONE].ips
62efa611495f251a44cd30e8700baad0c98e121e2ed7a4fa345f4cf7df9f3b29,2,mini1,analytics_log,RAW_DEVICE_LOG_ARCHIVE,stacks-[PHONE].ips
315695f55972f5e38ec6101b3231344eb6a7d7c785dce6eb3dc2b5c42885745f,2,mini1,sysdiagnose,RAW_DEVICE_LOG_ARCHIVE,sysdiagnose_2026.01.01_15-00-25+0700_iPhone-OS_iPhone_22F76.tar.gz
723641861179207c450dc444bd60da8f3b5ced0b084c26b28abc5f75ebb6a085,2,mini1,analytics_log,RAW_DEVICE_LOG_ARCHIVE,WeChat-[PHONE].ips
368aadfb46a49acd958d316e857977ccce971d7837461fb90b7ca9eb7005fa9a,2,mini1,analytics_log,RAW_DEVICE_LOG_ARCHIVE,xp_amp_app_usage_dnu-[PHONE].ips
246e8033fec9cc65e0e2e4c7fecf2eaedf099dba4c151442062d0e8de823f68e,2,mini1,analytics_synced,RAW_DEVICE_LOG_ARCHIVE,Analytics-[PHONE].ips.ca.synced
d9ec1e2dcc217186e9430b974962a2c7d01de7ce9cd63f41c137071e723bb1ac,2,mini1,analytics_log,RAW_DEVICE_LOG_ARCHIVE,ospredictiond.cpu_resource-[PHONE].ips
ab324f295063cabe7729d1af7fd144b7b5251c292ff376d6cc59d1e81bc5f6a6,2,mini1,analytics_log,RAW_DEVICE_LOG_ARCHIVE,SiriSearchFeedback-[PHONE].ips
ec98eccf160cc3d64b31866c6f6c1b400f0b14ea6336d931533d1a81e459734c,2,mini1,analytics_log,RAW_DEVICE_LOG_ARCHIVE,SiriSearchFeedback-[PHONE].ips
d840121edc124e1cada74a50bc1be2e3e1ad1213ee6aab6d8de7c85d5eee4d08,2,mini1,analytics_log,RAW_DEVICE_LOG_ARCHIVE,stacks-[PHONE].ips
e32c327ffff240ed508b6dbb5db4b8aaf902f1c3d6a473882c42afec6ede1f7a,2,mini1,analytics_log,RAW_DEVICE_LOG_ARCHIVE,xp_amp_app_usage_dnu-[PHONE].ips
d43d91d3f21b135cf5d52032acce419591b7f806be63d4c3af84fa10981ce0f0,2,mini1,rtcr,RAW_DEVICE_LOG_ARCHIVE,RTCReporting_messageLog_2026-[PHONE].txt
da82728de7e412dba9674bc13d6b8ace268c48e8bd2442c87293b3a0b87ae3c0,2,mini1,analytics_log,RAW_DEVICE_LOG_ARCHIVE,calaccessd-[PHONE].ips
fcbec4741db4e45e58d934aeaa1673da30ad51379e0baee91457ea81a3231d00,2,mini1,analytics_log,RAW_DEVICE_LOG_ARCHIVE,calaccessd-[PHONE].ips
c63a8e3096515c02e6270004b7a355b9343545d06ffe6c4c821a3af2fee42d60,2,mini1,analytics_log,RAW_DEVICE_LOG_ARCHIVE,SiriSearchFeedback-[PHONE].ips
b759d9e234e6bc4d6e13a1f68fe181edc7ad3fa35d3dc3bb1565c5642c16149b,2,UNKNOWN|mini1G,archive,MINI1G_BASELINE_OR_RAW|ROOM85_RECONSTRUCTION_OUTPUT,05-20260607T151815Z-3-001.zip
a9b14d088123f05f1524c920c1e7311d6bc5512cd2284a0e242ae86aa6c7e6a5,2,mini1G,analytics_synced,MINI1G_BASELINE_OR_RAW,Analytics-[PHONE].ips.ca.synced
d9adf7d5ddb348da6e699e41ff68fc939f0f4c74e82085cfe65fa141829fc880,2,mini1G,analytics_log,MINI1G_BASELINE_OR_RAW,SiriSearchFeedback-[PHONE].ips
2f33858538cf1fa1c13fd1ce46939cbcbf05b3db1a6128f56636192c67c595cd,2,mini1G,analytics_log,MINI1G_BASELINE_OR_RAW,xp_amp_app_usage_dnu-[PHONE].ips
81a9a81f97037df8ad12e7a90652bcf702cd09025f16266beb47e59eb9c49d13,2,mini1G,analytics_synced,MINI1G_BASELINE_OR_RAW,Analytics-[PHONE].ips.ca.synced
3b46eda7c74c223b8b52a172aa16cc97c342c927a0fe80ccc4791311a0e0423b,2,mini1G,analytics_log,MINI1G_BASELINE_OR_RAW,SiriSearchFeedback-[PHONE].ips
d857d1f3284e66ab6bf2a2147c89a0f7a5d38f94fbf17033bdf0c06e872bf707,2,mini1G,analytics_log,MINI1G_BASELINE_OR_RAW,SiriSearchFeedback-[PHONE].ips
79010bd15a9e827fafcceca06a8ffa455974a443e3c9786f4a708b9a7dfee7c9,2,mini1G,analytics_log,MINI1G_BASELINE_OR_RAW,stacks-[PHONE].ips
da0153483eb1cf0a4bb4ec51c976e82f9d8b5ab35767dfaa840b58719a371500,2,mini1G,analytics_log,MINI1G_BASELINE_OR_RAW,stacks-[PHONE].ips
438a8a57ebc3ceb52e666f01529407215bf8c3543c4ff1b9c7c42fd24e00d067,2,mini1G,analytics_synced,MINI1G_BASELINE_OR_RAW,Analytics-[PHONE].ips.ca.synced
8339e460fe8b174864a0a40063697e3edf87ec024c72e5700dfcf99e5d4e1b60,2,mini1G,analytics_log,MINI1G_BASELINE_OR_RAW,SiriSearchFeedback-[PHONE].ips
d7566c4bc5812d81bf2929949d1b320ad95620ee84d00fcf6b541d46e38214d1,2,UNKNOWN|mini1G,archive,MINI1G_BASELINE_OR_RAW|ROOM85_RECONSTRUCTION_OUTPUT,06-20260607T151815Z-3-001.zip
72bb490472945a8f4fe376dce0ec45c007bae2609bfb46cd443273c726faeb91,2,mini1G,analytics_synced,MINI1G_BASELINE_OR_RAW,Analytics-[PHONE].ips.ca.synced
68e989c7d9b3b96ce6ba5bff0406554aaaca3d3838211fb782273f4e007b7860,2,mini1G,rtcr,MINI1G_BASELINE_OR_RAW,RTCReporting_messageLog_2026-[PHONE].txt
b25db2ba9625535d489ecab58b6575a305ecb7319ce793024e294e7ef738fc31,2,mini1G,analytics_log,MINI1G_BASELINE_OR_RAW,SiriSearchFeedback-[PHONE].ips
eb35c9a189020fc2dd72bd8bd939c227569487cffa7137adb7832335a2daaf13,2,mini1G,analytics_log,MINI1G_BASELINE_OR_RAW,SiriSearchFeedback-[PHONE].ips
0a07b3ec7679322659e7e173b0cdeee27f8de6157c9dfade40f305130c57a7aa,2,mini1G,analytics_log,MINI1G_BASELINE_OR_RAW,SiriSearchFeedback-[PHONE].ips
16e3ca086609ecadeb730e9b3b96da748f87f0219505eec62bdc688f1c1e95ad,2,mini1G,analytics_log,MINI1G_BASELINE_OR_RAW,SiriSearchFeedback-[PHONE].ips
97e2850f31741cee9811ce71756f617430c3cb8b6f488526a4d6b894fcdd363b,2,mini1G,analytics_log,MINI1G_BASELINE_OR_RAW,SiriSearchFeedback-[PHONE].ips
60dffab0836ad2eb25748e0211f7887b961b59ef409eb2cd58c79ec1bc641286,2,mini1G,analytics_log,MINI1G_BASELINE_OR_RAW,SiriSearchFeedback-[PHONE].ips
1147633fca646cb0b1f04b59f04c84d911384f1ea56bd033033524998776cf22,2,mini1G,analytics_log,MINI1G_BASELINE_OR_RAW,SiriSearchFeedback-[PHONE].ips
676c5a34431ee302a9106713b78b06547ba92c5c6b35a3609dd91ad8afb245b6,2,mini1G,analytics_log,MINI1G_BASELINE_OR_RAW,SiriSearchFeedback-[PHONE].ips
a031595516db56d5fc709e73c1bf264f265e7033d51cf757c51524c4fd30006d,2,mini1G,analytics_log,MINI1G_BASELINE_OR_RAW,SiriSearchFeedback-[PHONE].ips
d4af98e84d95e14da86f3f09b39b750a68fabee5785d533908e31894b23a1639,2,mini1G,analytics_log,MINI1G_BASELINE_OR_RAW,SiriSearchFeedback-[PHONE].ips
2317e7bda052dd8e6e9b2e8a0727c0b5c713d362622e928d06c82efe9b617df5,2,mini1G,analytics_log,MINI1G_BASELINE_OR_RAW,SiriSearchFeedback-[PHONE].ips
b297927d5d8d6e5947e9231af9cd9271a94b06e4a7045093ccee4091d6db4dff,2,mini1G,analytics_log,MINI1G_BASELINE_OR_RAW,SiriSearchFeedback-[PHONE].ips
db440360c175c637884e9ea909d8a42cbc569a21b6417c874b796de2e0eb7b49,2,mini1G,analytics_log,MINI1G_BASELINE_OR_RAW,SiriSearchFeedback-[PHONE].ips
0b3ae7cc0a7c9498a0fb73cc4a8725e3b13e40ad3ad867a7b7c752e1f0a1873b,2,mini1G,analytics_log,MINI1G_BASELINE_OR_RAW,SiriSearchFeedback-[PHONE].ips
f7ef9a1811942cf87f8f2509a6e26fb81fcc3574ace44a0530f46a04cd79ad43,2,mini1G,analytics_log,MINI1G_BASELINE_OR_RAW,SiriSearchFeedback-[PHONE].ips
7c85b9fc7f58839aa2f0db8415861596b8e10f6fea1dae4fe31a27f40ca74add,2,mini1G,analytics_log,MINI1G_BASELINE_OR_RAW,xp_amp_app_usage_dnu-[PHONE].ips
ad36d12a22a3cdad2582a46846d7ad6cdac3d2512ec1e09f485e00ddabacf755,2,mini2,analytics_log,RAW_DEVICE_LOG_ARCHIVE,SiriSearchFeedback-[PHONE].ips
7b661113ff9763d325ed628ed772dde24a122b88a1eec64c7eab20326f864502,2,mini2,analytics_log,RAW_DEVICE_LOG_ARCHIVE,SiriSearchFeedback-[PHONE].ips
240e61a4ce07090a6b62fb2b95baf96ba85d44bc8f9cd9088ba9ae57fe50e4e8,2,mini2,other,RAW_DEVICE_LOG_ARCHIVE,IMG_0023 2.PNG || IMG_0023.PNG
929c61410b7e0db94e8f9c4555a11f247b51085c1ba267205ab5d45557b49ac8,2,mini2,other,RAW_DEVICE_LOG_ARCHIVE,IMG_0026 2.PNG || IMG_0026.PNG
99fee35b0cf1f365eca2c24a2b51ca7a019123e1094fe3859d5ebb05a7c745cd,2,mini2,other,RAW_DEVICE_LOG_ARCHIVE,IMG_0027 2.PNG || IMG_0027.PNG
21fc1592387813078ec3b5eed1861bc11e9a0c3914076b3681a3e5025a65dcb7,2,mini2,other,RAW_DEVICE_LOG_ARCHIVE,IMG_0028 2.PNG || IMG_0028.PNG
d3b7997d3ee518c42899e5740705d3087d76fa5b4908b1f1cd144b24c3f0e1a0,2,mini2,analytics_synced,RAW_DEVICE_LOG_ARCHIVE,Analytics-[PHONE].ips.ca.synced
4c0baf75145664c91159949f1cd3f8e50663933f00859c42e625b0c029da5771,2,mini2,analytics_log,RAW_DEVICE_LOG_ARCHIVE,com.apple.StreamingUnzipService.diskwrites_resource-[PHONE].ips
dfb6e490a69bc183a1983a1ebc8f02d2419ad3ea28b42bfcd9aedef422c8141c,2,mini2,analytics_log,RAW_DEVICE_LOG_ARCHIVE,coreduetd.cpu_resource-[PHONE].ips
c717c562768b504e7b3bbc51dac65bc5a4496d1b11834a0a8e3712819563eb23,2,mini2,analytics_log,RAW_DEVICE_LOG_ARCHIVE,JetsamEvent-[PHONE].ips
dd8419f3ec9da24a0054b1961860caef12b8dd89628ee013b9bb57004eaa2af7,2,mini2,analytics_log,RAW_DEVICE_LOG_ARCHIVE,JetsamEvent-[PHONE].ips
ac1b0c32ab9a2f989b6e8486235346b894063335f9470880f2c8dee3a8f3dc52,2,mini2,analytics_log,RAW_DEVICE_LOG_ARCHIVE,proactive_event_tracker-com_apple_Trial-com_apple_triald-[PHONE].ips
87c773c3045726c59545500bffe7d8ae2e5c04a49da00373ca98ccfba04da1f4,2,mini2,analytics_log,RAW_DEVICE_LOG_ARCHIVE,SiriSearchFeedback-[PHONE].000.ips
c905f5d51fc2925eb52e6e4b992aa090776c79ff530428ae194d79db52538df2,2,mini2,analytics_log,RAW_DEVICE_LOG_ARCHIVE,SiriSearchFeedback-[PHONE].ips
7914e87c1a4c5058c0fb08e55475c9d9e7f10285919d01d87c388768a6277e0f,2,mini2,analytics_log,RAW_DEVICE_LOG_ARCHIVE,SiriSearchFeedback-[PHONE].ips
6bdbe32d80557875ba79fffbda82abfb6be0e2f365948d5504cc268425255747,2,mini2,analytics_log,RAW_DEVICE_LOG_ARCHIVE,SiriSearchFeedback-[PHONE].ips
c64130e9aaf564229929f3100a809f77f8b48b6406dc37df5f815ded87d4db13,2,mini2,analytics_log,RAW_DEVICE_LOG_ARCHIVE,SiriSearchFeedback-[PHONE].ips
3804ee4473fdc4b61a425417d9c5f7f65e4a7cf9853059555c42b44dfcb54b02,2,mini2,analytics_log,RAW_DEVICE_LOG_ARCHIVE,SiriSearchFeedback-[PHONE].ips
aecfe3ccb670febed66c612664e8b67e38d06af2b10c5fd916692ccf4bde0d3b,2,mini2,analytics_log,RAW_DEVICE_LOG_ARCHIVE,SiriSearchFeedback-[PHONE].ips
0b0771179309c7a04edf5ce23733e7d278b06df360898963564989d586e0be95,2,mini2,analytics_log,RAW_DEVICE_LOG_ARCHIVE,SiriSearchFeedback-[PHONE].ips
594ac325984fdd08811bcf255daded36fdb9da013995c148dcec8195a613a440,2,mini2,analytics_log,RAW_DEVICE_LOG_ARCHIVE,SiriSearchFeedback-[PHONE].ips
b15e5964570d197b64b6fab0d5125f0bb7f310c04d5e28cb32975969d8d8b8c4,2,mini2,rtcr,RAW_DEVICE_LOG_ARCHIVE,RTCReporting_messageLog_2025-[PHONE] (3).txt || RTCReporting_messageLog_2025-[PHONE].txt
0257898eaab797acf1370787db4c4a52436e4412d9be60e380ef287a5fde52d3,2,mini2,rtcr,RAW_DEVICE_LOG_ARCHIVE,RTCReporting_messageLog_2025-[PHONE] (5).txt || RTCReporting_messageLog_2025-[PHONE].txt
31a3df538494b0ce6fbefb77cfe340e74e1e89001df873338e663cab6be21771,2,mini2,text_log,RAW_DEVICE_LOG_ARCHIVE,テキスト 3 (2).txt || テキスト 3.txt
e6c850555ab9fb7e3607f5736c74143f0152a108e0bfcc116759c756fbc7b41b,2,mini2,rtcr,RAW_DEVICE_LOG_ARCHIVE,RTCReporting_messageLog_2025-[PHONE].txt
4539045b7cb80fd399e8e5ad2fceb7c6e167d85d67901e58237c9cbd0b48fc9f,2,mini2,other,RAW_DEVICE_LOG_ARCHIVE,([PHONE] +0000) [splunk -  flushMessages] { (3).pdf || ([PHONE] +0000) [splunk -_ flushMessages] {(1).pdf
f3dfc945a699f059aae98678047d9f2486edafe2fc046d64e2315703c1c8a8e4,2,mini2,other,RAW_DEVICE_LOG_ARCHIVE,([PHONE] +0000) [splunk -  flushMessages] { (4).pdf || ([PHONE] +0000) [splunk -_ flushMessages] {.pdf
a8639ed5464f4932b28724917f0f98618088a41917be3fd8a31b21ae4e14bc4d,2,mini2,text_log,RAW_DEVICE_LOG_ARCHIVE,テキスト 3 (5).txt || テキスト 3.txt
b595ddea388bc96988e05ec88bcb5a1a1eb19e7f1206df9da2a2ec027ae48391,2,mini2,rtcr,RAW_DEVICE_LOG_ARCHIVE,RTCReporting_messageLog_2025-[PHONE] (6).txt || RTCReporting_messageLog_2025-[PHONE].txt
f2d62a2cfb26685fb348fd366cca72baf85eea0ca59c00096e284397b3b394c0,2,mini2,analytics_log,RAW_DEVICE_LOG_ARCHIVE,ArchiveService.diskwrites_resource-[PHONE].ips
c1edb735368ceebaa116b032d63dc04ef5a8df4cb29b73baa2b959e785836ae0,2,mini2,analytics_log,RAW_DEVICE_LOG_ARCHIVE,duetexpertd.cpu_resource-[PHONE].ips
29e53ccf7d34f38b55098af883838e468c9b6ec4fbfd8ab0960c7e81dd521fe0,2,mini2,analytics_log,RAW_DEVICE_LOG_ARCHIVE,JetsamEvent-[PHONE].ips
898ccec607260e47b6960db2ca8a44031ca91ac596264e1ecd6ef79a4cfb95d1,2,mini2,analytics_log,RAW_DEVICE_LOG_ARCHIVE,ospredictiond.cpu_resource-[PHONE].ips
507326e21877f55393a7960e6a37c8f443e39d44d5fbedec050e1c86ffad2d25,2,mini2,analytics_log,RAW_DEVICE_LOG_ARCHIVE,proactive_event_tracker-com_apple_Trial-com_apple_triald-[PHONE].ips
bb4baed22249f4ab177e0a0746ef382a50c4e4eb8969eda63fd8ae96d60c4b29,2,mini2,analytics_log,RAW_DEVICE_LOG_ARCHIVE,searchd.diskwrites_resource-[PHONE].ips
664407617bb050bac0f116b68c066cb9f73fc92575a1c8df50161f42c7814ec0,2,mini2,analytics_log,RAW_DEVICE_LOG_ARCHIVE,SFA-ckks.json-[PHONE].ips
08a6698efe3b37a4fd3f1f0d3e992a43b64f0bdaa2c39f72830bdb441bc7e500,2,mini2,analytics_log,RAW_DEVICE_LOG_ARCHIVE,SFA-ckks.json-[PHONE].000.ips
af42ed1f33c825672a9078fc7ffd35104228e8c5dae4b6f792671859b7327bce,2,mini2,analytics_log,RAW_DEVICE_LOG_ARCHIVE,SFA-ckks.json-[PHONE].ips
57aea8bcbd3d09ed95992248d01bf634e3b5b6c5ce19aaf2f35fcb17b09c1de3,2,mini2,analytics_log,RAW_DEVICE_LOG_ARCHIVE,SFA-CloudServices.json-[PHONE].ips
e618d211331f8faa39fb9dac4bed9268ddca130d6ce2c59c5602854f7c54992c,2,mini2,analytics_log,RAW_DEVICE_LOG_ARCHIVE,SFA-CloudServices.json-[PHONE].ips
670fb6dc1fbdd79d845b8db208a3722cb122c7202c6d0d6106bf6dc494883e7a,2,mini2,analytics_log,RAW_DEVICE_LOG_ARCHIVE,SFA-CloudServices.json-[PHONE].ips
e96f295f1561ae698c84a9363249e7f129e10be0c3bd257a90bc9cedab9bbbf6,2,mini2,analytics_log,RAW_DEVICE_LOG_ARCHIVE,SFA-local.json-[PHONE].ips
24621a19ee544907f0f01e37af3e7f16258653877c05ae4148a2566a60aa3820,2,mini2,analytics_log,RAW_DEVICE_LOG_ARCHIVE,SFA-local.json-[PHONE].000.ips
751b6ad666ad4cdca869ee9a90c55723dc8844e6b49b245d579c8199748ac97e,2,mini2,analytics_log,RAW_DEVICE_LOG_ARCHIVE,SFA-local.json-[PHONE].ips
5cd69820c02faed38a23f4bae2a22c5677f7ce5a3fbab32cf5ce9986979365d3,2,mini2,analytics_log,RAW_DEVICE_LOG_ARCHIVE,SFA-networking.json-[PHONE].000.ips
674fb424e22c3ae8a4300b665f818253e657c7f936a3ad7c72614b11dee1db83,2,mini2,analytics_log,RAW_DEVICE_LOG_ARCHIVE,SFA-networking.json-[PHONE].ips
4881708dee8e0115546350cdca4408e319c1568d468963e1a996d4c3ac7c10a0,2,mini2,analytics_log,RAW_DEVICE_LOG_ARCHIVE,SFA-networking.json-[PHONE].000.ips
3937f973166b9ac73c315f7563c47fc64af43090a1fbfa15fc131a4aead7d395,2,mini2,analytics_log,RAW_DEVICE_LOG_ARCHIVE,SFA-pcs.json-[PHONE].0002.ips
06ba889b25423c87d909efbf8a3f9386f742f769db314d296f48ae703d6ebe2b,2,mini2,analytics_log,RAW_DEVICE_LOG_ARCHIVE,SFA-pcs.json-[PHONE].ips
268c5329e3c94df50b237b595e21974e2214ce87839fdd742ba38db6549cb460,2,mini2,analytics_log,RAW_DEVICE_LOG_ARCHIVE,SFA-pcs.json-[PHONE].0002.ips
e45698170a916552ed3911360b825f469c157cf313440262cb83d6348265e5d4,2,mini2,analytics_log,RAW_DEVICE_LOG_ARCHIVE,SFA-sos.json-[PHONE].000.ips
ba136f2556c3befb87d0b7b4778c96164bb002b4deb3cc8ead1b5e23c2aaa069,2,mini2,analytics_log,RAW_DEVICE_LOG_ARCHIVE,SFA-sos.json-[PHONE].0002.ips
d9012a8508aedc01fe315118d92390ec41df39c9da7445cf0bc722bc7b0d2f4f,2,mini2,analytics_log,RAW_DEVICE_LOG_ARCHIVE,SFA-sos.json-[PHONE].000.ips
be709599bb37f521f33083a6fe9de7818487194d1cde5812562588daa52f0e6c,2,mini2,analytics_log,RAW_DEVICE_LOG_ARCHIVE,signpost_reporter.cpu_resource-[PHONE].ips
a02377c76edbca3196bc377be3012709a908ee72b769a0e6af19b7f9fb9509e6,2,mini2,analytics_log,RAW_DEVICE_LOG_ARCHIVE,SiriSearchFeedback-[PHONE].ips
85e06054a57681ce89f53e36bae455afdcbe151309b03d02bb27a3fbcc33a137,2,mini2,analytics_log,RAW_DEVICE_LOG_ARCHIVE,SiriSearchFeedback-[PHONE].000.ips
466c508da99eca4dd4616a211ef52952e3df861a72d16d1b20092b5bc3bb29e3,2,mini2,analytics_log,RAW_DEVICE_LOG_ARCHIVE,SiriSearchFeedback-[PHONE].ips
295b6d99cb64ee80733154cbcbf9bd696042473b83f07b093aabc3fd6a260f60,2,mini2,analytics_log,RAW_DEVICE_LOG_ARCHIVE,SiriSearchFeedback-[PHONE].ips
2f49a8da71b6f569ab146cd60d940c4da314d7b130435716ed5d75cb6daf7dd4,2,mini2,analytics_log,RAW_DEVICE_LOG_ARCHIVE,SiriSearchFeedback-[PHONE].ips
67103bc7ec6b820beedd8ffb4fa3dfec3eb3d2dec52d879b894acffc7b38967f,2,mini2,analytics_log,RAW_DEVICE_LOG_ARCHIVE,SiriSearchFeedback-[PHONE].ips
fb95e1f91a124bb282cbb0cb97bdac580f2406bd61be06c40eae3866caf9d417,2,mini2,analytics_log,RAW_DEVICE_LOG_ARCHIVE,SiriSearchFeedback-[PHONE].ips
d1d2eef0f18992a9247f4ffd128866ae93c7317f81a78b3fb7636bbbb11b394f,2,mini2,analytics_log,RAW_DEVICE_LOG_ARCHIVE,SiriSearchFeedback-[PHONE].ips
7a448d2d2314c1307668bfccfe9866c093e3c8b21301cbecad20b7078d1760ec,2,mini2,analytics_log,RAW_DEVICE_LOG_ARCHIVE,SiriSearchFeedback-[PHONE].ips
f5a69a9e16b9b883e41117c8b30bf3d9634d6bed98680483230bf1f6220fd37e,2,mini2,analytics_log,RAW_DEVICE_LOG_ARCHIVE,SiriSearchFeedback-[PHONE].ips
a97acf787451540dc929822530ee422ef88f015735937b1902ba5f562e87b704,2,mini2,analytics_log,RAW_DEVICE_LOG_ARCHIVE,SiriSearchFeedback-[PHONE].ips
888d8e41e70d02e5bf9d05878ee0bf6abc985d55e0913716fe15b71accd3f6ca,2,mini2,analytics_log,RAW_DEVICE_LOG_ARCHIVE,SiriSearchFeedback-[PHONE].ips
d5637c63323950d66d885a82bdd53bfae113b151fc8a5cb1497ea823ffc374b7,2,mini2,analytics_log,RAW_DEVICE_LOG_ARCHIVE,SiriSearchFeedback-[PHONE].ips
d4f2013710a573508b422f914d27f932926b2b479cb0393bf6d2fcbcd344bc69,2,mini2,analytics_log,RAW_DEVICE_LOG_ARCHIVE,SiriSearchFeedback-[PHONE].ips
95f3d4771a4ad6cde1f130e81e1a5b7f0bb08bd6dde388be4632a271b6451f14,2,mini2,analytics_log,RAW_DEVICE_LOG_ARCHIVE,SiriSearchFeedback-[PHONE].ips
ce11d454a3a3caca3159a0801c78dd20e38201560067a1e1fd9382698adc9690,2,mini2,analytics_log,RAW_DEVICE_LOG_ARCHIVE,SiriSearchFeedback-[PHONE].000.ips
7421d8f432c346e05b97f2eba25e42ed214125421ef345948dadd1ece6226796,2,mini2,analytics_log,RAW_DEVICE_LOG_ARCHIVE,SiriSearchFeedback-[PHONE].ips
a10006ada18068a5864f19f531babeac21d9088ce087d45cb02b5e5c7595eb92,2,mini2,analytics_log,RAW_DEVICE_LOG_ARCHIVE,SiriSearchFeedback-[PHONE].ips
a6eb568de8427671bebcf8d2079887f874ab7c0727173aeb4a90e39c72855dcb,2,mini2,analytics_log,RAW_DEVICE_LOG_ARCHIVE,SiriSearchFeedback-[PHONE].ips
22737526eadabd6c2e71ce7d9d039ce69567082386e79589d8239898bdd8a44d,2,mini2,analytics_log,RAW_DEVICE_LOG_ARCHIVE,SiriSearchFeedback-[PHONE].ips
cfc96b718f216a9b39579c1b6bd9547efc91e3893164727c4363674641eea877,2,mini2,analytics_log,RAW_DEVICE_LOG_ARCHIVE,SiriSearchFeedback-[PHONE].ips
ce95b2918df98188dca2ee62619f7f37d50d230f29ac2346d51ff6e2125fbfb8,2,mini2,analytics_log,RAW_DEVICE_LOG_ARCHIVE,SiriSearchFeedback-[PHONE].ips
83db0105acd77bde1cc37c8f818c8d92e01e53a228b0fd1b82934cd2e51c2dc1,2,mini2,analytics_log,RAW_DEVICE_LOG_ARCHIVE,SiriSearchFeedback-[PHONE].ips
6af8b27c2ab0266a0ad2a7592bed24105c4210752e4bb968ff1151e88ba45dcb,2,mini2,analytics_log,RAW_DEVICE_LOG_ARCHIVE,SiriSearchFeedback-[PHONE].ips
d89183845c45ff2caa0a2ef4ebf8adc5a8b6a7417fadd2880830d0f110f00cc1,2,mini2,analytics_log,RAW_DEVICE_LOG_ARCHIVE,SiriSearchFeedback-[PHONE].ips
a35275f9fe1ffee54442bc01a26965465d0aa4a1f77bfe66a507dfb18bb667d5,2,mini2,analytics_log,RAW_DEVICE_LOG_ARCHIVE,SiriSearchFeedback-[PHONE].ips
3261247182b9775902fb5d95d21a341fe3ab67aea7c9703438d3eb847454832f,2,mini2,analytics_log,RAW_DEVICE_LOG_ARCHIVE,xp_amp_app_usage_dnu-[PHONE].ips
22fb42067de701a16a3b84c50de5076b184224dd0f9c08c581ce66cfdb0dfa72,2,mini2,analytics_log,RAW_DEVICE_LOG_ARCHIVE,xp_amp_app_usage_dnu-[PHONE].ips
7bba464842461a5f3db045da6611ecd29e3ca6dd8578561218fd11a31dfb845d,2,mini2,rtcr|text_log,RAW_DEVICE_LOG_ARCHIVE,RTCReporting_messageLog_2025-[PHONE] (7).txt || テキスト (12).txt
1862e90794853a5e70d77e777d27ad8e3dae1423201597f1ddb5018b21da241d,2,mini2,rtcr|text_log,RAW_DEVICE_LOG_ARCHIVE,RTCReporting_messageLog_2025-[PHONE] (9).txt || テキスト (14).txt
6991081011785979dcd6860db1d73da994f852dc996559b9e7c143e3fd2d5c8f,2,mini2,rtcr|text_log,RAW_DEVICE_LOG_ARCHIVE,RTCReporting_messageLog_2025-[PHONE] (3).txt || テキスト (16).txt
6c64e25dc71760122585e5a25bfb6b2b0e90bd43ef90bc9ea9daf5e74fd45f10,2,mini2,rtcr,RAW_DEVICE_LOG_ARCHIVE,RTCReporting_messageLog_2025-[PHONE] (3).txt || RTCReporting_messageLog_2025-[PHONE] (5).txt
00900cb83db8619a4541f1721a6fe58b6d915b99f6919fbd8fd6dbc654cb98f0,2,mini2,rtcr|text_log,RAW_DEVICE_LOG_ARCHIVE,RTCReporting_messageLog_2025-[PHONE] (2).txt || テキスト (17).txt
3f01d777da5b805dc6df212a175b73855f45f0f92a359adf8100eddd99387c90,2,mini2,rtcr,RAW_DEVICE_LOG_ARCHIVE,RTCReporting_messageLog_2025-[PHONE] (4).txt || RTCReporting_messageLog_2025-[PHONE] (8).txt
5708fd85ca9f8b09e0d709799f9465da93e4489bd2d6865225bd527bdb1e898e,2,mini2,rtcr|text_log,RAW_DEVICE_LOG_ARCHIVE,RTCReporting_messageLog_2025-[PHONE] (3).txt || テキスト (18).txt
66ec147d6af7cb96609e4d286cf35c7dcb5d4b28c22b666e3d93e6c265f50061,2,mini2,rtcr|text_log,RAW_DEVICE_LOG_ARCHIVE,RTCReporting_messageLog_2025-[PHONE] (4).txt || テキスト 3 (4).txt
2f3607bd196a9e839f101cbea485ed1dc4ed20c9bc259a3671b25ccf69ad2c24,2,mini2,rtcr|text_log,RAW_DEVICE_LOG_ARCHIVE,RTCReporting_messageLog_2025-[PHONE] (11).txt || テキスト (21).txt
edf04fa5bbedab2ec11485e8aa10ad9ae60cccbcedcfc0e5b0a63e1d737819d8,2,mini2,rtcr|text_log,RAW_DEVICE_LOG_ARCHIVE,RTCReporting_messageLog_2025-[PHONE] (5).txt || テキスト 3 (5).txt
05d599195048414081636070d278052f7f66eb12a1de6bdb39f7acf31c1ce1c9,2,mini2,rtcr|text_log,RAW_DEVICE_LOG_ARCHIVE,RTCReporting_messageLog_2025-[PHONE] (2).txt || テキスト (22).txt
befe5232ff7b8980190a3bbfae4bed2f8d871be470f2fa2ffd0dab3f0c0567df,2,mini2,rtcr|text_log,RAW_DEVICE_LOG_ARCHIVE,RTCReporting_messageLog_2025-[PHONE] (2).txt || テキスト 2 (14).txt
90ae1b106f2f720ed230f1c327f18532dcad0d7fe6da9a5d44497795b567c978,2,mini2,rtcr|text_log,RAW_DEVICE_LOG_ARCHIVE,RTCReporting_messageLog_2025-[PHONE] (3).txt || テキスト (23).txt
65bde58ea43adbd260908e8cf8d953e10b16feac431d92155d8b58b74418b73a,2,mini2,rtcr|text_log,RAW_DEVICE_LOG_ARCHIVE,RTCReporting_messageLog_2025-[PHONE] (4).txt || テキスト (24).txt
c2d671bed3b4e742a4113cef72b77a513d75b7e2d6d272241fa9f9d48f96d61c,2,mini2,rtcr|text_log,RAW_DEVICE_LOG_ARCHIVE,RTCReporting_messageLog_2025-[PHONE] (3).txt || テキスト 2 (15).txt
b529d22999e6b338e4313c025c046bd0e2fb174ced8bbac6a8ff3aa4569e430a,2,mini2,rtcr|text_log,RAW_DEVICE_LOG_ARCHIVE,RTCReporting_messageLog_2025-[PHONE] (5).txt || テキスト (25).txt
1669827b955941f857072bd23c3a4c980d9cc71c8e841e9a551c236d7f765bad,2,mini2,rtcr|text_log,RAW_DEVICE_LOG_ARCHIVE,RTCReporting_messageLog_2025-[PHONE] (6).txt || テキスト (26).txt
139d92ef685b2f476d057f7fa80c99d1be4e066d0ebc48c0b5310060bffe53e1,2,mini2,rtcr|text_log,RAW_DEVICE_LOG_ARCHIVE,RTCReporting_messageLog_2025-[PHONE] (7).txt || テキスト (27).txt
e744972c79febc054f443ae80413bb95600e5f6971a72e54a8b98f2d3c55f4e8,2,mini2,rtcr|text_log,RAW_DEVICE_LOG_ARCHIVE,RTCReporting_messageLog_2025-[PHONE] (5).txt || テキスト 2 (17).txt
71f1f3c0845b422fde6a7ed75653ebb675a3f397e267fcf77f88d650c1798699,2,mini2,rtcr|text_log,RAW_DEVICE_LOG_ARCHIVE,RTCReporting_messageLog_2025-[PHONE] (9).txt || テキスト (16).txt
d4b9e99cde24a578bd8b54bcb316d3985106c6747b041ad11df85b0c81084c04,2,mini2,rtcr|text_log,RAW_DEVICE_LOG_ARCHIVE,RTCReporting_messageLog_2025-[PHONE].txt || テキスト 2 (2).txt
dc0b46856f83e9b023ea9d1e9f7c2b1d24679471ca8a9e43911a7a013a9df52a,2,mini2,rtcr|text_log,RAW_DEVICE_LOG_ARCHIVE,RTCReporting_messageLog_2025-[PHONE] (7).txt || テキスト 2 (10).txt
32067ad12a1e925d16eb273d3b7ab5b1b225104fb407dc63f57d15dfb4f72dfb,2,mini2,rtcr|text_log,RAW_DEVICE_LOG_ARCHIVE,RTCReporting_messageLog_2025-[PHONE] (3).txt || テキスト (3).txt
048d508370d410086beaaa6c8ef6e3978f3afc863061b5352c86842e569471f6,2,mini2,rtcr|text_log,RAW_DEVICE_LOG_ARCHIVE,RTCReporting_messageLog_2025-[PHONE] (3).txt || テキスト (8).txt
ac00f688c584c52bc4efa571f291f831ebd3f6116765e18d58339ed626c825eb,2,mini2,rtcr|text_log,RAW_DEVICE_LOG_ARCHIVE,RTCReporting_messageLog_2025-[PHONE] (4).txt || テキスト (9).txt
75cd02107c2bd1b9bd408493df246e1fbd679d1a8212e114d8bbd33d515cbea0,2,mini2,rtcr|text_log,RAW_DEVICE_LOG_ARCHIVE,RTCReporting_messageLog_2025-[PHONE] (2).txt || テキスト 2 (6).txt
f47e07fdafed981354c2691ae73bdc12cce32b25749118ed46ea5e203ff52b91,2,mini2,rtcr|text_log,RAW_DEVICE_LOG_ARCHIVE,RTCReporting_messageLog_2025-[PHONE] (5).txt || テキスト 2 (9).txt
d7b275ebe878d01f0fa4387bbfce46e3d28ebfab1ef7d7033fccdbda8c699174,2,mini2,commcenter_baseband|plist,RAW_DEVICE_LOG_ARCHIVE,log-bb-[PHONE]-stats.plist
ae634733864dd9d3e9e91a8fdeee678da12bcc594a294a0964d397b9c18c4629,2,mini2,commcenter_baseband|plist,RAW_DEVICE_LOG_ARCHIVE,log-bb-[PHONE]-stats.plist
7d64cd236a78d46f9da4969caa9bdeb3c7a973cf731bfe6883c0d10bd93c3667,2,mini2,rtcr|text_log,RAW_DEVICE_LOG_ARCHIVE,RTCReporting_messageLog_2025-[PHONE] (9).txt || テキスト (10).txt
b351428e4f2573ce2c430fd54d95a69cb09b21ea65d4ce6d485468bb103ad209,2,mini2,rtcr,RAW_DEVICE_LOG_ARCHIVE,RTCReporting_messageLog_2025-[PHONE] (2).txt || RTCReporting_messageLog_2025-[PHONE].txt
5a9a156e9cae7707515b01f3ff2ef7a17bb9b3a19f0fe783107c0ba2c750a3e0,2,mini2,rtcr|text_log,RAW_DEVICE_LOG_ARCHIVE,RTCReporting_messageLog_2025-[PHONE] (3).txt || テキスト 2 (8).txt
a412c3637724a2bc333d72c59c9e63ab16983ca538b3860f0e7af4f029b703fd,2,mini2,rtcr|text_log,RAW_DEVICE_LOG_ARCHIVE,RTCReporting_messageLog_2025-[PHONE].txt || テキスト (11).txt
e9e64196baeefa39fc6a923ccf129706db1e842f581fe845acf940cb731834d2,2,mini2,rtcr|text_log,RAW_DEVICE_LOG_ARCHIVE,RTCReporting_messageLog_2025-[PHONE] (4).txt || テキスト (12).txt
7547f0cf900ee91f1b68cac66f5bb30c752f112909b263015611b337e0d5fa24,2,mini2,rtcr|text_log,RAW_DEVICE_LOG_ARCHIVE,RTCReporting_messageLog_2025-[PHONE] (5).txt || テキスト (13).txt
71621f2f4e990d9466da6b809c31123160dc154b3ddb26c60e9eebad8fbca2dc,2,mini2,commcenter_baseband|plist,RAW_DEVICE_LOG_ARCHIVE,log-bb-[PHONE]-stats.plist
0ad4931f8d6782de1bdd5c3072aebf0adfe8899c08dc799f5a8738aefbb433dc,2,mini2,rtcr|text_log,RAW_DEVICE_LOG_ARCHIVE,RTCReporting_messageLog_2025-[PHONE] (7).txt || テキスト (15).txt
78bd801ae591418ab7b875dc6501736595b8e69a451efe1ecfc9148d36e93c08,2,mini2,other,RAW_DEVICE_LOG_ARCHIVE,([PHONE] +0000) [splunk -  flushMessages] { (2).pdf || ([PHONE] +0000) [splunk -  flushMessages] {.pdf
72269974133cb102ff9b8df3ca81bc19648d0610fc28a725870be400057f62a7,2,mini2,commcenter_baseband|plist,RAW_DEVICE_LOG_ARCHIVE,log-bb-[PHONE]-stats.plist
1f0910089b7b28893b111bb66c2c0a72eb49e667b187f2c8a77631bd8e6b5567,2,mini2,rtcr|text_log,RAW_DEVICE_LOG_ARCHIVE,RTCReporting_messageLog_2025-[PHONE] (9).txt || テキスト 2 (14).txt
c25dcb5be5da244c2f5ba48035b12a4e20df03c157766b1c561f3e43bdc706db,2,mini2,commcenter_baseband|plist,RAW_DEVICE_LOG_ARCHIVE,log-bb-[PHONE]-stats.plist
fa5b132689983caf1edc81178fa8151b751c16cb88d360be8ae98f6c60f8e3c4,2,mini2,archive,RAW_DEVICE_LOG_ARCHIVE,submitLog4579ABD8-BFA2-412E-AAD6-0AC08C27330D_rapid_archive.tar.gz
b371a798e5fc18b37b59fca85bdaa7fd31d5b9f33d559863655e5564e668d9ee,2,mini2,commcenter_baseband|plist,RAW_DEVICE_LOG_ARCHIVE,log-bb-[PHONE]-stats.plist
714c1f89ea513b96f07cc0116dce33c598df7f7a6cabaaee4119a9b182fc9600,2,mini2,rtcr|text_log,RAW_DEVICE_LOG_ARCHIVE,RTCReporting_messageLog_2025-[PHONE] (2).txt || テキスト (3).txt
5a95079301a67847dbb0b844c28d7ebe5d511cae56e0f80cc212de1f1d355e12,2,mini2,rtcr|text_log,RAW_DEVICE_LOG_ARCHIVE,RTCReporting_messageLog_2025-[PHONE] (8).txt || テキスト (23).txt
7772509d05a3870227c270be6c0c151570e1615fdcae262f3daaa9586377fa7a,2,mini2,rtcr|text_log,RAW_DEVICE_LOG_ARCHIVE,RTCReporting_messageLog_2025-[PHONE] (4).txt || テキスト 3 (5).txt
6f4da46cd6ce8e4bf84b27dcb77c37cfdcb66e688b832c1946e89760a58e4938,2,mini2,rtcr|text_log,RAW_DEVICE_LOG_ARCHIVE,RTCReporting_messageLog_2025-[PHONE] (2).txt || テキスト 2 (3).txt
6f5b494d43716e3d9d3ed7387c6b9647ffea86d446d8bc4ddeb540c227ac6946,2,mini2,rtcr|text_log,RAW_DEVICE_LOG_ARCHIVE,RTCReporting_messageLog_2025-[PHONE] (3).txt || テキスト (4).txt
10f99db0f0948185160b4349df26a2ca473f61b8c6a5bf2727a558af91c8582d,2,mini2,rtcr|text_log,RAW_DEVICE_LOG_ARCHIVE,RTCReporting_messageLog_2025-[PHONE] (3).txt || テキスト 2 (4).txt
5f5468879024964c80d791603c2c45a13660946ebd0f9e9ff8bd89a1f0a9f530,2,mini2,rtcr|text_log,RAW_DEVICE_LOG_ARCHIVE,RTCReporting_messageLog_2025-[PHONE] (4).txt || テキスト (5).txt
da58cf94727e33f8d8c1747fe4c7cf41b0a1145fa780932b7cfee8ad15e2976d,2,mini2,rtcr|text_log,RAW_DEVICE_LOG_ARCHIVE,RTCReporting_messageLog_2025-[PHONE] (2).txt || テキスト 3 (2).txt
54fda6ab88cefcf7098c067bc8a6d042f5733a73dc1cdf64f8e1a3a596d25da1,2,mini2,rtcr|text_log,RAW_DEVICE_LOG_ARCHIVE,RTCReporting_messageLog_2025-[PHONE] (6).txt || テキスト (7).txt
6f4a1b00082ad3605de311e8f4144f17355f9c1d06f4e87d96a85fe322199adb,2,mini2,rtcr|text_log,RAW_DEVICE_LOG_ARCHIVE,RTCReporting_messageLog_2025-[PHONE] (5).txt || テキスト 2 (6).txt
c02d5c0dceadb7cc05de10c5fc8ef6f72cb941cb02846fd0d72842915a27f830,2,mini2,commcenter_baseband|plist,RAW_DEVICE_LOG_ARCHIVE,log-bb-[PHONE]-stats.plist
2ab8e0a82e95ec8ad1f7c91d935a4fe5ec3bee967fc224fb9d10a62a875d713b,2,mini2,rtcr|text_log,RAW_DEVICE_LOG_ARCHIVE,RTCReporting_messageLog_2025-[PHONE] (7).txt || テキスト (8).txt
0fd9f9f097de82d1dd856848a42f03e287569bf9c377b86b63f73a1aa459b869,2,mini2,rtcr|text_log,RAW_DEVICE_LOG_ARCHIVE,RTCReporting_messageLog_2025-[PHONE] (6).txt || テキスト 2 (7).txt
49cd7c23a07244b2119f2f520b04e6833c18f3045bf0868d894759ec70909fc4,2,mini2,rtcr,RAW_DEVICE_LOG_ARCHIVE,RTCReporting_messageLog_2025-[PHONE] (3).txt
cc0a50088264806fb264bd07584abb64531a6929df89cc9f722363cffa8ea892,2,mini2,rtcr,RAW_DEVICE_LOG_ARCHIVE,RTCReporting_messageLog_2025-[PHONE] (2).txt || RTCReporting_messageLog_2025-[PHONE] (4).txt
c8262c486192d2223d1084b02b39fce741e55b1485f2711ca5c9374f5dfb8b5e,2,mini2,rtcr,RAW_DEVICE_LOG_ARCHIVE,RTCReporting_messageLog_2025-[PHONE] (3).txt || RTCReporting_messageLog_2025-[PHONE] (4).txt
8dbe758308c11d96d3686311dd5cb9136d8c0ac2f81ac69ef6416e98c0b8d574,2,mini2,rtcr,RAW_DEVICE_LOG_ARCHIVE,RTCReporting_messageLog_2025-[PHONE] (6).txt
7941c60650d76428913f6baa10120810c191b7a5b9cf75836bc1b018cc81c6a4,2,mini2,rtcr,RAW_DEVICE_LOG_ARCHIVE,RTCReporting_messageLog_2025-[PHONE] (7).txt
240e6db0021b4158b01e19abe7b81b8fd0038ab59726c68e861e2c415eb0cbf9,2,mini2,rtcr,RAW_DEVICE_LOG_ARCHIVE,RTCReporting_messageLog_2025-[PHONE] (8).txt
382f38f01b7f92e179df4d0c50bfb4630a8d9bdd9d32004f08592b3214fe6b3d,2,mini2,rtcr,RAW_DEVICE_LOG_ARCHIVE,RTCReporting_messageLog_2025-[PHONE] (2).txt
f80d6e664ee9de6db0e78b7413dd7ed9693f18ab010e382c2d50f76e30aa5090,2,mini2,rtcr,RAW_DEVICE_LOG_ARCHIVE,RTCReporting_messageLog_2025-[PHONE].txt
87056fc0760a0a729cb1a157535e6130c9ddeb6487d85c078e2d7a9af58dd017,2,mini2,rtcr,RAW_DEVICE_LOG_ARCHIVE,RTCReporting_messageLog_2025-[PHONE].txt
40b17786ad23c7e40360059750332a0d770d46d24b5aee5f7cfc747b5f1075ec,2,mini2,rtcr,RAW_DEVICE_LOG_ARCHIVE,RTCReporting_messageLog_2025-[PHONE].txt
17bc8c34167f925cfa70a95162162116ac4ccc484221a7c45184ac72e1052a07,2,mini2,rtcr,RAW_DEVICE_LOG_ARCHIVE,RTCReporting_messageLog_2025-[PHONE].txt
ae30994a827c65a1852c1d188a217f98d255f3406d2d4da28dd0e634adb13e91,2,mini2,analytics_log,RAW_DEVICE_LOG_ARCHIVE,SFA-transparency.json-[PHONE].ips
dff22e5247127aaf0368e30054485985a2c993360570c0fcd1981594d367b9ff,2,mini2,other,RAW_DEVICE_LOG_ARCHIVE,PrivacyPreservingMeasurement_2026-[PHONE].json.anon
f91e35931ecba35fd052ceb71ed1a0fa0498d2886a3444832d0169ca8f2e34ac,2,mini2,rtcr,RAW_DEVICE_LOG_ARCHIVE,RTCReporting_messageLog_2026-[PHONE].txt
84024a1ebd83162d85c48cddaf844b598124b49f85b27bc8b184fe754701b442,2,mini2,analytics_log,RAW_DEVICE_LOG_ARCHIVE,SiriSearchFeedback-[PHONE].ips
e2b9788973f83e6a5aa0f9be373553539b445a9b3fd2fa0c41ae169cd3eaecde,2,mini2,rtcr,RAW_DEVICE_LOG_ARCHIVE,RTCReporting_messageLog_2026-[PHONE].txt
eb4b4aa61dec182d87300e8fb843e4f8db35de5ad2550ecfd976404686f0c0a3,2,mini2,rtcr,RAW_DEVICE_LOG_ARCHIVE,RTCReporting_messageLog_2026-[PHONE].txt
4bb8705fc8ad34dc9fe73353365b3f40481160590131618b214dc0eab83e6b97,2,mini2,rtcr,RAW_DEVICE_LOG_ARCHIVE,RTCReporting_messageLog_2026-[PHONE].txt
ec490920fbd08cdf9c334aa5b503f38cd7824871715826e2ed326c8500e24c58,2,mini2,analytics_log,RAW_DEVICE_LOG_ARCHIVE,JetsamEvent-[PHONE].ips
29919ffbb2bdea3bda5672288799943c9c257081b9f623640d9fbd2c2dad6d2b,2,mini2,rtcr,RAW_DEVICE_LOG_ARCHIVE,RTCReporting_messageLog_2026-[PHONE].txt
91d5bdfa0a66bea5054d4abd0f7bd2616ac0f2fe23eed32cdef9b9b1589a7fc9,2,mini2,rtcr,RAW_DEVICE_LOG_ARCHIVE,RTCReporting_messageLog_2026-[PHONE].txt
e443ce7235d030c613051ae89964bd0f00bcd52017c46d75d63474c227b9808c,2,mini2,analytics_log,RAW_DEVICE_LOG_ARCHIVE,SiriSearchFeedback-[PHONE].ips
73136d3a308d0c2177ab0a4114b2ea42ed2be3e76c27596e2e88e489acd0d37d,2,mini2,rtcr,RAW_DEVICE_LOG_ARCHIVE,RTCReporting_messageLog_2026-[PHONE].txt
2bdd4ff8b26e0c991a5dd14fb5ef1ce8783dbf68b2dfaf17badf311138465900,2,mini2,rtcr,RAW_DEVICE_LOG_ARCHIVE,RTCReporting_messageLog_2026-[PHONE].txt
9c3eb27f3d2ab6eff79722742f074ca639a35e8de08d76a70a29771bc38cb395,2,mini2,rtcr,RAW_DEVICE_LOG_ARCHIVE,RTCReporting_messageLog_2026-[PHONE].txt
dd34b0125cdec123e54585183da12e6c932a509c7b9ac7e7b01f075d3572e8da,2,15G|mini2,analytics_log,RAW_DEVICE_LOG_ARCHIVE,xp_amp_app_usage_dnu-[PHONE].ips
f522c5872524265dc8493e2792badcbe4a963135dc7b5e13d7dccc56e5f79a92,2,mini2,analytics_log,RAW_DEVICE_LOG_ARCHIVE,com.apple.quicklook.ThumbnailsAgent-[PHONE].ips
a67c504dd3d886aaa1f6a2b5acf86939c5119fbee15cbb46a3bf6f5ce18dc023,2,mini2,analytics_log,RAW_DEVICE_LOG_ARCHIVE,proactive_event_tracker-com_apple_Trial-com_apple_triald-[PHONE].ips
b415451ce3929fa8f2987eb25b41b97fa6dc5ff43fe1327eacf5bc9e11f7d0c0,2,mini2,analytics_log,RAW_DEVICE_LOG_ARCHIVE,SFA-ckks.json-[PHONE].ips
0e4ebb3690d0aed478a78ca58783b9d77712ecbbc1457ee7bb3e34f6705843a6,2,mini2,analytics_log,RAW_DEVICE_LOG_ARCHIVE,SFA-CloudServices.json-[PHONE].000.ips
d6fe754dfa3fe95fb7032fed5bf89a45758bfe663c9984cd2d7e048fade24f1f,2,mini2,analytics_log,RAW_DEVICE_LOG_ARCHIVE,SFA-local.json-[PHONE].000.ips
600c801e31b3bcabe232fde441687defea2f8ed7c04582fcd39a31bb4c331941,2,mini2,analytics_log,RAW_DEVICE_LOG_ARCHIVE,SFA-networking.json-[PHONE].ips
9154d25bb24bd23c2d9221cf6db4f299daaed2579fe4fcde52f72d6433f2b328,2,mini2,analytics_log,RAW_DEVICE_LOG_ARCHIVE,SFA-pcs.json-[PHONE].ips
4c7f8c6e9afbad8d4bf304a783ccb18f58d8e874a04199ef1bce9a68c0a06cf0,2,mini2,analytics_log,RAW_DEVICE_LOG_ARCHIVE,SFA-sos.json-[PHONE].000.ips
314007b1a9b4c9ebc8a4e829757b481e9e9a98d2355ec85fa493ca676cfa89ed,2,mini2,analytics_log,RAW_DEVICE_LOG_ARCHIVE,SFA-swtransparency.json-[PHONE].ips
97fb23ed64c93c1cb9df5eb49f4f3205419701d9a9011a41b53493a2d4fe1c24,2,mini2,analytics_log,RAW_DEVICE_LOG_ARCHIVE,SFA-transparency.json-[PHONE].ips
f46233f60eafa3808eeefea8482abca64223bc61a1067ea9925401fbded71e82,2,mini2,analytics_log,RAW_DEVICE_LOG_ARCHIVE,SiriSearchFeedback-[PHONE].ips
d1091c29921acb63aaca814ba3b8997a63a0be0509b0edfe84e98bd66985f3d7,2,mini2,analytics_log,RAW_DEVICE_LOG_ARCHIVE,stacks-[PHONE].ips
ce2fc04e26b0649841bf0f218272f9320c8a2aaa5911fba0d5a634cac802ecb0,2,mini2,sysdiagnose,RAW_DEVICE_LOG_ARCHIVE,sysdiagnose_2026.03.28_00-08-15+0700_iPhone-OS_iPhone_22F76.tar.gz
a6233d1d810aae8ead516ee21a04502cbd57f09d51fe3ad01a071e15af40bb8a,2,mini2,analytics_log,RAW_DEVICE_LOG_ARCHIVE,com.apple.StreamingUnzipService.diskwrites_resource-[PHONE].ips
aebc3d91f48178269a365d73a8aa35537124d43481f39eba5a66ee7188660817,2,mini2,analytics_log,RAW_DEVICE_LOG_ARCHIVE,Grab-[PHONE].ips
efce45639527529c0d03b4fa2ca97fdf46bc791474a43d547ebd6296eaa83468,2,mini2,analytics_log,RAW_DEVICE_LOG_ARCHIVE,JetsamEvent-[PHONE].ips
0bc04e5c929482196db178e55460ee94d972eead1735adfe2a6faf8a08b19278,2,mini2,analytics_log,RAW_DEVICE_LOG_ARCHIVE,proactive_event_tracker-com_apple_Trial-com_apple_triald-[PHONE].ips
75ea8141d6b062dd00fdb93730e5a289e71e61c6e377d77c9141b6c33352f2f3,2,mini2,rtcr,RAW_DEVICE_LOG_ARCHIVE,RTCReporting_messageLog_2026-[PHONE].txt
6dadc4d28d49108fa365f2ed2e0f725e39975126e257fe88de9a2309f0b173d5,2,mini2,analytics_log,RAW_DEVICE_LOG_ARCHIVE,SFA-ckks.json-[PHONE].ips
a058269eb1896a4a7992d5fa06f9e16bb3002b64f84950fe214e1c6db1e57cfe,2,mini2,analytics_log,RAW_DEVICE_LOG_ARCHIVE,SFA-CloudServices.json-[PHONE].ips
bbd46c5668ea1cb218041881a23c18019b54e6ebbc950860752f98fa40d5b8dd,2,mini2,analytics_log,RAW_DEVICE_LOG_ARCHIVE,SFA-local.json-[PHONE].000.ips
44ad849a1ca8288191557cdfd8d908f40b415c43aac3f0aa581c2cedab0864b3,2,mini2,analytics_log,RAW_DEVICE_LOG_ARCHIVE,SFA-networking.json-[PHONE].000.ips
bd411c2ed0aa89868732b593fb8fde7d8e075993e07cc49f57274171c4bb4a0f,2,mini2,analytics_log,RAW_DEVICE_LOG_ARCHIVE,SFA-pcs.json-[PHONE].ips
412754507ec101fccbb2756f3bb8066fbc26ded569a2804eb4822ef56c3d3f44,2,mini2,analytics_log,RAW_DEVICE_LOG_ARCHIVE,SFA-sos.json-[PHONE].000.ips
0edf5867152d730ba78f262ca1ec277212eaaefcd4e087e274594e033dcb4910,2,mini2,analytics_log,RAW_DEVICE_LOG_ARCHIVE,SFA-swtransparency.json-[PHONE].ips
6b3410821608ad3608652df986324fe4e3dd4bd33a77480d6af6f9338e077800,2,mini2,analytics_log,RAW_DEVICE_LOG_ARCHIVE,SFA-transparency.json-[PHONE].ips
adfcbd50db4ceaa3855cbd9a1bd4bc0fd58ab5a998e07b868aeee93e558aef2a,2,mini2,analytics_log,RAW_DEVICE_LOG_ARCHIVE,SiriSearchFeedback-[PHONE].ips
215a051308a58d9ed8a72175ef11b97943f2344eea6b6fe7a01c1e642ece32c8,2,mini2,analytics_log,RAW_DEVICE_LOG_ARCHIVE,SiriSearchFeedback-[PHONE].ips
5fd8ade32606ef63ce7c290470791f0c86c857186b6d49dfc3b729814bd896cc,2,mini2,analytics_log,RAW_DEVICE_LOG_ARCHIVE,SiriSearchFeedback-[PHONE].ips
c85cf0a0e6d0f50a333cac14fd94a15b70abcccb1202dc750528f8f8c0dba765,2,mini2,analytics_log,RAW_DEVICE_LOG_ARCHIVE,SiriSearchFeedback-[PHONE].ips
a35716eec738e080f93fe223ed7102e4286316416d68ba89e8505a54e16f5a42,2,mini2,analytics_log,RAW_DEVICE_LOG_ARCHIVE,stacks-[PHONE].ips
9b6cd81dedd8cac4e64cc13dd784978bbc47fa8a4b2dcbc983667cadd1ce3963,2,mini2,sysdiagnose,RAW_DEVICE_LOG_ARCHIVE,sysdiagnose_2026.04.10_07-01-25+0700_iPhone-OS_iPhone_22F76.tar.gz
4344608a68f11400295c5cddc48d9a37a3c07cb9e175018a71dd32f4ab91a6a2,2,mini2,analytics_log,RAW_DEVICE_LOG_ARCHIVE,SiriSearchFeedback-[PHONE].ips
4dba217f99c65b93262e5182943a58424c00faa840068a5842ee76c51d143b09,2,mini2,analytics_log,RAW_DEVICE_LOG_ARCHIVE,stacks-[PHONE].ips
9458a11ea8e342295582b071e535798edb77cbddd02f1e0a45ce4a8dd3e14e2a,2,mini2,sysdiagnose,RAW_DEVICE_LOG_ARCHIVE,sysdiagnose_2026.04.10_07-32-51+0700_iPhone-OS_iPhone_22F76.tar.gz
47186f78a54f3d2faa14e58f7684a11bbb053638cd766a44dc3c6dd847561fce,2,mini2,analytics_log,RAW_DEVICE_LOG_ARCHIVE,sysdiagnosed.diskwrites_resource-[PHONE].ips
c6845f5d5eb96641eef57f6491aacac5b7a44e552e793eb4825b28704e34acb7,2,mini2,analytics_log,RAW_DEVICE_LOG_ARCHIVE,SiriSearchFeedback-[PHONE].ips
b580d962b4cfa5c89c1c0f8d9c8684e8e344839bbf4b81ce98eed1b8ec3e2ddf,2,mini2,analytics_log,RAW_DEVICE_LOG_ARCHIVE,SiriSearchFeedback-[PHONE].ips
4c2ef32045155f5c2058591f81bd29052eab4d7376978b16fe7a468d7d0e8314,2,mini2,analytics_log,RAW_DEVICE_LOG_ARCHIVE,stacks-[PHONE].ips
e64979d7c63fb8e9b7fa19409015559190e8e5f4b9e6922ec96f2acca09f1056,2,mini2,sysdiagnose,RAW_DEVICE_LOG_ARCHIVE,sysdiagnose_2026.04.11_08-26-16+0700_iPhone-OS_iPhone_22F76.tar.gz
437bbc3655774c8c05103d8c67682c413972bf252b9580e113b06aa16e3a8b9c,2,mini2,analytics_log,RAW_DEVICE_LOG_ARCHIVE,SiriSearchFeedback-[PHONE].ips
ee406eaa69d622340e0d8ee2ad86f153aa38f5fa6b58c7de5f2476270f0bae21,2,mini2,analytics_log,RAW_DEVICE_LOG_ARCHIVE,SiriSearchFeedback-[PHONE].ips
df9f770fed4e9349054309fdbf952dfff35f06ecb26f2d69eec81369a0536a2d,2,mini2,analytics_log,RAW_DEVICE_LOG_ARCHIVE,SiriSearchFeedback-[PHONE].ips
410967ecf7bdfbfaac23f665aa8e8510caba66fbbfcbc2114ed565dd3987a830,2,mini2,sysdiagnose,RAW_DEVICE_LOG_ARCHIVE,sysdiagnose_2026.04.11_15-55-59+0700_iPhone-OS_iPhone_22F76.tar.gz
71cb74011c2b4a953dd6352955f9f64629fdb661911f10bc991bcbc2c06db6c0,2,mini2,analytics_log,RAW_DEVICE_LOG_ARCHIVE,sysdiagnosed.diskwrites_resource-[PHONE].ips
209514329f187d02f641d9c9025fa5cac69ea2569bb1a52f4e63db1ed2af3023,2,mini2,analytics_log,RAW_DEVICE_LOG_ARCHIVE,SiriSearchFeedback-[PHONE].ips
53dab3f6be3e501e5a6fcd3ce12e68e505e24754738fdd271e420cc88911e89a,2,mini2,analytics_log,RAW_DEVICE_LOG_ARCHIVE,SiriSearchFeedback-[PHONE].ips
6cb729a253c8623133358d7e9f45fa83c52a6a2e05aad3893048cf19f4598f88,2,mini2,sysdiagnose,RAW_DEVICE_LOG_ARCHIVE,sysdiagnose_2026.04.11_21-01-55+0800_iPhone-OS_iPhone_22F76.tar.gz
ee5ea376bf334dcaa6c1aad8c8033d5b0736dbdda6ce9f5b99866749260e2556,2,mini2,analytics_log,RAW_DEVICE_LOG_ARCHIVE,WiFiConnectionQuality-[PHONE].ips
7bccdd3af7e01af3ad25240d60f0c815541444c27998c2294d8ccb5bcb181936,2,mini2,analytics_log,RAW_DEVICE_LOG_ARCHIVE,SiriSearchFeedback-[PHONE].ips
51eb2f1a7828978f2bb787a849db9647d91f76a6a8f15b3f26b330b9309406de,2,mini2,analytics_log,RAW_DEVICE_LOG_ARCHIVE,SiriSearchFeedback-[PHONE].ips
9252ffc433b4a436cf74dba0a00c65e2b7d6a30e1d89ba04e439d847efc627a7,2,mini2,analytics_log,RAW_DEVICE_LOG_ARCHIVE,stacks-[PHONE].ips
c39f202eb52770aa46a78ac7e085e72ef43216d7bd7be01116f4eb2703de4240,2,mini2,sysdiagnose,RAW_DEVICE_LOG_ARCHIVE,sysdiagnose_2026.04.13_08-14-03+0800_iPhone-OS_iPhone_22F76.tar.gz
eaea00d26d93f2f8379ed9960ff9f2972d1b42266d2b5b001f022be415b5278f,2,mini2,analytics_log,RAW_DEVICE_LOG_ARCHIVE,SiriSearchFeedback-[PHONE].000.ips
07ff740fcb3dcd03b4e3adf9e0869ed35d84556a2e4f22d19fe84feb42f01998,2,mini2,analytics_log,RAW_DEVICE_LOG_ARCHIVE,SiriSearchFeedback-[PHONE].ips
5be15d96f767e3cb9ce894a9eda417f9ab8bccb0d8aec6f331baf11b47518373,2,mini2,analytics_log,RAW_DEVICE_LOG_ARCHIVE,SiriSearchFeedback-[PHONE].ips
48f8fd980458b763fd65592ebc33092f6845cbd8b1ac9abed488c1e57871e37b,2,mini2,analytics_log,RAW_DEVICE_LOG_ARCHIVE,stacks-[PHONE].ips
27d83dee3739ab32614893b2b89861462759fb75b852c6451612230b45e86d6d,2,mini2,sysdiagnose,RAW_DEVICE_LOG_ARCHIVE,sysdiagnose_2026.04.14_07-23-18+0800_iPhone-OS_iPhone_22F76.tar.gz
a1f77c6f2a955ea81c00ec9529fd6acc46047ff74ac782adf2c482ef914199a5,2,mini2,analytics_log,RAW_DEVICE_LOG_ARCHIVE,proactive_event_tracker-com_apple_Trial-com_apple_triald-[PHONE].ips
9f5315ce4497ffd27c7efb194df594af96cbea92fa0491cf53ffc1f071a0b3c7,2,mini2,rtcr,RAW_DEVICE_LOG_ARCHIVE,RTCReporting_messageLog_2026-[PHONE].txt
54bd63e741878e2cf6b066d098af3789785b115c031a4990a24df931210f52e8,2,mini2,analytics_log,RAW_DEVICE_LOG_ARCHIVE,SiriSearchFeedback-[PHONE].000.ips
c114edaff5001676f59ff8fb22559c3aa8e7defcf7b69617f4679c9e4a2fd3a6,2,mini2,analytics_log,RAW_DEVICE_LOG_ARCHIVE,SiriSearchFeedback-[PHONE].ips
ea7fe7578cd6f4ba15eb63fe530031e91f4d3483188497d88938048e4a613ce7,2,mini2,analytics_log,RAW_DEVICE_LOG_ARCHIVE,SiriSearchFeedback-[PHONE].ips
4ec100911661092635b9d661fd7a92ea1c7a4ea0e5ba32c698da5fc2cf525bf4,2,mini2,analytics_log,RAW_DEVICE_LOG_ARCHIVE,stacks-[PHONE].ips
b0419d2678266c9b8d3bd6e4411e5921b34b2b76cb2444ac7800977575f7e368,2,mini2,sysdiagnose,RAW_DEVICE_LOG_ARCHIVE,sysdiagnose_2026.04.20_07-45-44+0800_iPhone-OS_iPhone_22F76.tar.gz
20983253c79f8f29a20891c7e3b886662608c20aba0d9bec1a8faadbe15c55a1,2,mini2,analytics_log,RAW_DEVICE_LOG_ARCHIVE,SiriSearchFeedback-[PHONE].ips
1ba6e69fec89ff7785da10b93655871674d185eea498f399023d41d2fa62b5bb,2,mini2,analytics_log,RAW_DEVICE_LOG_ARCHIVE,SiriSearchFeedback-[PHONE].ips
0d895168d4bd064425086af1daa0c4807175fbd652fbe541f466b05565a660f7,2,mini2,analytics_log,RAW_DEVICE_LOG_ARCHIVE,stacks-[PHONE].ips
ff63c878d6a5a6aa5f4e78d342954817ed9ce53f736f7c2e4cde827bae5e9bc7,2,mini2,sysdiagnose,RAW_DEVICE_LOG_ARCHIVE,sysdiagnose_2026.04.22_21-24-38+0800_iPhone-OS_iPhone_22F76.tar.gz
2398da06d277ee200ccfabfdbd7b8e57580171a866d087a7d7119c1ae15d4839,2,mini2,analytics_log,RAW_DEVICE_LOG_ARCHIVE,SiriSearchFeedback-[PHONE].ips
aadec60cf2dd98e65f75db56f1373ad31edd462e9843beb44b77bfe17606bfe0,2,mini2,analytics_log,RAW_DEVICE_LOG_ARCHIVE,SiriSearchFeedback-[PHONE].ips
55256eeba277127adef9bf1af739d9332a1cc908fc34ed58c06c86617d3d0abc,2,mini2,analytics_log,RAW_DEVICE_LOG_ARCHIVE,SiriSearchFeedback-[PHONE].ips
7cfd003d24ec2e90f037f2e4f3182a3de745038a0c27e68159e7b9795734a4d2,2,mini2,analytics_log,RAW_DEVICE_LOG_ARCHIVE,stacks-[PHONE].ips
a95d0c6bf365b54ba0ef050612fbf0a41a56183c2d0fd9d8cadbfb2faf38ad5b,2,mini2,sysdiagnose,RAW_DEVICE_LOG_ARCHIVE,sysdiagnose_2026.04.23_08-11-14+0800_iPhone-OS_iPhone_22F76.tar.gz
63d19e34add98baee9e494227832defb6c4947fb15e1e05d021f9f1736ee3b93,2,mini2,analytics_log,RAW_DEVICE_LOG_ARCHIVE,Preferences-[PHONE].ips
6ada1180f925536c8da33c90cae81a7d63fccd61740eac70720f7c27992f74cb,2,mini2,analytics_log,RAW_DEVICE_LOG_ARCHIVE,SiriSearchFeedback-[PHONE].000.ips
84209ea9801a1e825127bfe4c28f99c7cab424ecb7bc08424ee1d0c36c6bd913,2,mini2,analytics_log,RAW_DEVICE_LOG_ARCHIVE,SiriSearchFeedback-[PHONE].ips
009349f9489f9e37a4d1f2d2543342cd18de450c91aea245fd698898fd187edd,2,mini2,analytics_log,RAW_DEVICE_LOG_ARCHIVE,SiriSearchFeedback-[PHONE].ips
1fdf04dcd8ef1a338624b4c9d8f0305116908d1b4ec12c5a55b6e64c6f717bcc,2,mini2,analytics_log,RAW_DEVICE_LOG_ARCHIVE,stacks-[PHONE].ips
7c2a5cacbebad0681ab02a3291d409b88198f9277e8503336bf1c147fb40ac1d,2,mini2,rtcr,RAW_DEVICE_LOG_ARCHIVE,RTCReporting_messageLog_2026-[PHONE].txt
4469de9e33db7527b995f166a13a70ce51ff8ddcd7125f61e037c7ba07d7a5be,2,mini2,analytics_log,RAW_DEVICE_LOG_ARCHIVE,assetsd-[PHONE].ips
7cefa7bab003ac6b12c687fed41236e95bdf5e9c47a87d644488948cab3a496d,2,mini2,analytics_log,RAW_DEVICE_LOG_ARCHIVE,proactive_event_tracker-com_apple_Trial-com_apple_triald-[PHONE].ips
60602e29c73c5b162171c85e304010673567d191779a74dd3b885546aaa14df4,2,mini2,analytics_log,RAW_DEVICE_LOG_ARCHIVE,ShareExtension-[PHONE].ips
87d3217d98ef6b86e23477ac8480eaecd4fe193d22ecff6443cc22da8b0e5380,2,mini2,analytics_log,RAW_DEVICE_LOG_ARCHIVE,SiriSearchFeedback-[PHONE].ips
62ce92475715270e7cb2c720027eeb1f3ce011d9e1d2c455a733974b551eadb0,2,mini2,analytics_log,RAW_DEVICE_LOG_ARCHIVE,SiriSearchFeedback-[PHONE].ips
1bfdffcbdfda1a1f41d2b9ab967ee213ef46f96f3fa4be4ae6b67c4a2348cad3,2,mini2,analytics_log,RAW_DEVICE_LOG_ARCHIVE,stacks-[PHONE].ips
4107baacc0e19f878d9a67a11779b03fabcfd2b78b4c70b361a6ddae99dff7b5,2,mini2,sysdiagnose,RAW_DEVICE_LOG_ARCHIVE,sysdiagnose_2026.04.28_21-22-51+0800_iPhone-OS_iPhone_22F76.tar.gz
69570effaf5005a90116c89f010258677b9d35fa76667d333bb33652fb2fa5b3,2,mini2,rtcr,RAW_DEVICE_LOG_ARCHIVE,RTCReporting_messageLog_2026-[PHONE].txt
0a976eab72a3455b82649e7850bb1f72d7272dac4451945663172cab4517b143,2,mini2,analytics_log,RAW_DEVICE_LOG_ARCHIVE,SFA-transparency.json-[PHONE].000.ips
085e4b575c75e4f7bd7a9d04cd3f8d149cd547b942c45df9521976cf6fbbef09,2,mini2,analytics_synced,RAW_DEVICE_LOG_ARCHIVE,Analytics-[PHONE].ips.ca.synced
293945d2c3dad25695fb8b44b029f8da1bd75e45b79c1711fe4909a318d18d16,2,mini2,analytics_log,RAW_DEVICE_LOG_ARCHIVE,SiriSearchFeedback-[PHONE].ips
c325bedfea85bff209ec9068a5658b918e99f34c5cfe2f3aad75cd89a98c330d,2,mini2,analytics_log,RAW_DEVICE_LOG_ARCHIVE,SiriSearchFeedback-[PHONE].ips
54a86fd8eb9409e84a1dd3301695e638d5237efbfdbdc54c4c182742f8a95e77,2,mini2,analytics_log,RAW_DEVICE_LOG_ARCHIVE,SiriSearchFeedback-[PHONE].ips
13af9eaa53707194bb403a793571a114815df7a1494ab0ed9c169c4037a79faf,2,mini2,analytics_log,RAW_DEVICE_LOG_ARCHIVE,stacks-[PHONE].ips
558c26fd215e71cfd5e9587d2348aa5285de184c485135257ccf17b1b9ca4a7e,2,mini2,sysdiagnose,RAW_DEVICE_LOG_ARCHIVE,sysdiagnose_2026.04.04_07-01-41+0700_iPhone-OS_iPhone_22F76.tar.gz
5cf42c45aee76480332622f31015a70db6d22f79f0bf2ee7ac00340ee1c73448,2,mini2,analytics_log,RAW_DEVICE_LOG_ARCHIVE,SiriSearchFeedback-[PHONE].ips
229921f95004c1a5c419e9160a75ab2d372c5f79bfcd37d5b40a3dcb0ed79111,2,mini2,analytics_log,RAW_DEVICE_LOG_ARCHIVE,SiriSearchFeedback-[PHONE].ips
6536c19496bd584fc44a6eeb79a63367be63d449a28a8c85c65344d913f2ac3f,2,mini2,analytics_log,RAW_DEVICE_LOG_ARCHIVE,SiriSearchFeedback-[PHONE].ips
a865e956cc26438fbe01d180d5cf96677802495758126ae45fd3b775373aac64,2,mini2,analytics_log,RAW_DEVICE_LOG_ARCHIVE,stacks-[PHONE].ips
67d15bb65762e782c36a1cdfaa138ab75692f4497e36fc6b370b79fdf1f8501c,2,mini2,sysdiagnose,RAW_DEVICE_LOG_ARCHIVE,sysdiagnose_2026.04.04_07-12-31+0700_iPhone-OS_iPhone_22F76.tar.gz
2158170993d14281276366a37810c294be25b8d9d5f307e56c20920e66b24896,2,mini2,analytics_log,RAW_DEVICE_LOG_ARCHIVE,stacks-[PHONE].ips
74cd290ea71f874e2bda294b38d2a6dc5cc14bcc4dd55e1fb1c66479e0793805,2,mini2,sysdiagnose,RAW_DEVICE_LOG_ARCHIVE,sysdiagnose_2026.04.06_06-03-12+0700_iPhone-OS_iPhone_22F76.tar.gz
de2c05b526efed21eb1c474bc202e8f00b6916359cd9832695b3666f59d25b31,2,mini2,analytics_log,RAW_DEVICE_LOG_ARCHIVE,JetsamEvent-[PHONE].ips
3a5dbd50680c66e9c602b62fbf71aecb76c13d9eee3399eb77cd9ee7cbfac7e9,2,mini2,analytics_log,RAW_DEVICE_LOG_ARCHIVE,SiriSearchFeedback-[PHONE].000.ips
d71873c83b07b1fedee769acb7ad0bd24efa8a584cf8839e34ffde9228587ea3,2,mini2,analytics_log,RAW_DEVICE_LOG_ARCHIVE,SiriSearchFeedback-[PHONE].ips
55629b6521f0628fa846a528e1e28e6d19491bbac026746a8e00be664424c80b,2,mini2,analytics_log,RAW_DEVICE_LOG_ARCHIVE,stacks-[PHONE].ips
cf37709236e9c05dd5936245bef1c7f622849ae54deb838c6e56871652d4e19b,2,mini2,sysdiagnose,RAW_DEVICE_LOG_ARCHIVE,sysdiagnose_2026.04.06_09-07-54+0700_iPhone-OS_iPhone_22F76.tar.gz
fe62a01cdb43f98f0ef0d9da131231a9a0c691a333ed9a66167870570fdf8eec,2,mini2,analytics_log,RAW_DEVICE_LOG_ARCHIVE,SiriSearchFeedback-[PHONE].ips
1f2f1fa3e41aeec1af9b218f846c7edcf4f6d6481e0b2e37d6ef2c65a4ddf7ac,2,mini2,analytics_log,RAW_DEVICE_LOG_ARCHIVE,SiriSearchFeedback-[PHONE].ips
1b3df3ef1e6e3b544f29b4172385a5ea0b0b9017b37b4f7787a423e00178f519,2,mini2,analytics_log,RAW_DEVICE_LOG_ARCHIVE,stacks-[PHONE].ips
068e9fab30d0b810639a2b3baa46d8c70cbdb2243be0ea778a882567d866e37a,2,mini2,sysdiagnose,RAW_DEVICE_LOG_ARCHIVE,sysdiagnose_2026.04.08_06-37-34+0700_iPhone-OS_iPhone_22F76.tar.gz
3237ad43905022743bdeb53f8cbc627a591d50ce91414a7446983d51ba219c62,2,mini2,analytics_log,RAW_DEVICE_LOG_ARCHIVE,SFA-ckks.json-[PHONE].000.ips
9a1a604a8090df7a22854fdefb947a316327ac79c50a8da128fe664300bebe21,2,mini2,analytics_log,RAW_DEVICE_LOG_ARCHIVE,SFA-CloudServices.json-[PHONE].000.ips
286ab633652840fb97e410d891194efedba80661017d2b75e2c71092ff0c1a34,2,mini2,analytics_log,RAW_DEVICE_LOG_ARCHIVE,SFA-local.json-[PHONE].0002.ips
9ea6d489cadf1dfdfc47282128b3ec5f2ef8e7bac70e0046369f963db8ff073f,2,mini2,analytics_log,RAW_DEVICE_LOG_ARCHIVE,SFA-networking.json-[PHONE].ips
3618d59ac085c29974a6b0cc7fb5b72670309ff07a35caba39afe24cd54d8760,2,mini2,analytics_log,RAW_DEVICE_LOG_ARCHIVE,SFA-pcs.json-[PHONE].000.ips
213fa9ed2ae7d977e94cc3626b97fe1cb3e3fddc465901f12498847691d0bd33,2,mini2,analytics_log,RAW_DEVICE_LOG_ARCHIVE,SFA-sos.json-[PHONE].ips
9a65fd85917a46c9ccf8dd769143ff6d2704bc255f37fb4de717604c5e8caa23,2,mini2,analytics_log,RAW_DEVICE_LOG_ARCHIVE,SFA-swtransparency.json-[PHONE].ips
f0a12f069f619fd264b4ed3c7b81b48cf99f104da29339355d6ef38d197f2cf9,2,mini2,analytics_log,RAW_DEVICE_LOG_ARCHIVE,SFA-transparency.json-[PHONE].ips
d3d75b00a392a09fe04e72efd2361f2a6b8fdf8975c82491d474391d7a1a5f66,2,mini2,analytics_log,RAW_DEVICE_LOG_ARCHIVE,SiriSearchFeedback-[PHONE].000.ips
bfbc29644cf8a65b621aa31b2eb95596c0dfc49de310a49a14ad1a8b3e65f4c3,2,mini2,analytics_log,RAW_DEVICE_LOG_ARCHIVE,SiriSearchFeedback-[PHONE].ips
1d0c2c224b2552724188c286c8302880de1343792b1505f15c21ddf909ae7c3f,2,mini2,analytics_log,RAW_DEVICE_LOG_ARCHIVE,SiriSearchFeedback-[PHONE].ips
d745283578ed3236afe065c0ac53fc8ded700f19b9cca4f20ab417a417245fef,2,mini2,analytics_log,RAW_DEVICE_LOG_ARCHIVE,stacks-[PHONE].ips
483b8949b984afe4be4fdd7d4692d03843a6d89b8b15781f807be69e250a6fa1,2,mini2,sysdiagnose,RAW_DEVICE_LOG_ARCHIVE,sysdiagnose_2026.04.08_10-24-41+0700_iPhone-OS_iPhone_22F76.tar.gz
914d536585846ef7c3b23e8df8e38d214982ab468ad6c34cf932eaf4fb163d79,2,mini2,sysdiagnose,RAW_DEVICE_LOG_ARCHIVE,sysdiagnose_2026.04.09_10-22-08+0700_iPhone-OS_iPhone_22F76.tar.gz
108fd966a7115decfbfe35ae8a72dfcf0db2dfc5dff5ae77aaee47ba7db790e1,2,mini2,rtcr,RAW_DEVICE_LOG_ARCHIVE,RTCReporting_messageLog_2026-[PHONE].txt
9ba3ea335a122f6001e690eba6c3b8d8881da8b66718939b9976c212ffcc36b3,2,mini2,rtcr,RAW_DEVICE_LOG_ARCHIVE,RTCReporting_messageLog_2026-[PHONE].txt
6dcd9e032dfcd30d393790a1d096d2f2fb4b916bb9642eddf4b9b257f6702969,2,mini2,rtcr,RAW_DEVICE_LOG_ARCHIVE,RTCReporting_messageLog_2026-[PHONE].txt
a9bd9c8ece3bf25d63f9154e46d1cd99b887d2352f71e6f758ba40107cd9eb9c,2,MY_DEVICE_UNSPECIFIED,analytics_synced,RAW_DEVICE_LOG_ARCHIVE,Analytics-[PHONE].ips.ca.synced
c869596a62c21e601850191e00472075d80b7c9bbc468f2dacc046f6ed26a1c7,2,MY_DEVICE_UNSPECIFIED,analytics_log|binary,RAW_DEVICE_LOG_ARCHIVE,AppleSupport-[PHONE].bin || AppleSupport-[PHONE].ips
993b531e8068c01314df462853e3ac6f4f08c62a48061f9a96f2ea79f69ea77e,2,MY_DEVICE_UNSPECIFIED,analytics_log|binary,RAW_DEVICE_LOG_ARCHIVE,AppleSupport.cpu_resource-[PHONE].bin || AppleSupport.cpu_resource-[PHONE].ips
054b21b11ff4c04bf2fda95d1dd4ce3961a03fa2f9f31494a4e0e3c028fdf3dc,2,MY_DEVICE_UNSPECIFIED,analytics_log|binary,RAW_DEVICE_LOG_ARCHIVE,cameracaptured.diskwrites_resource-[PHONE].bin || cameracaptured.diskwrites_resource-[PHONE].ips
009b5a0903cbcf8555682ccd8df149f0034eca5b28660eef27b81d79813d44fe,2,MY_DEVICE_UNSPECIFIED,analytics_log|binary,RAW_DEVICE_LOG_ARCHIVE,proactive_event_tracker-com_apple_Trial-com_apple_triald-[PHONE].bin || proactive_event_tracker-com_apple_Trial-com_apple_triald-[PHONE].ips
765103b967c7f04b0b538a6a5f4d73a2dc0037b2252124359c1bf05be6719565,2,MY_DEVICE_UNSPECIFIED,analytics_log|binary,RAW_DEVICE_LOG_ARCHIVE,SiriSearchFeedback-[PHONE].bin || SiriSearchFeedback-[PHONE].ips
f1c3dfaaeedd5ab2e54c49d8119648d3c9c336e3c564ccd3f66dd7d9e6d1d903,2,MY_DEVICE_UNSPECIFIED,analytics_log|binary,RAW_DEVICE_LOG_ARCHIVE,SpringBoard.diskwrites_resource-[PHONE].bin || SpringBoard.diskwrites_resource-[PHONE].ips
2a6c5931e411acbac4f725051e5de3a3bb32a409fe88214eb197758d3de113c9,2,MY_DEVICE_UNSPECIFIED,analytics_log|binary,RAW_DEVICE_LOG_ARCHIVE,STExtractionService.diskwrites_resource-[PHONE].bin || STExtractionService.diskwrites_resource-[PHONE].ips
fdf71c853c2acbb1192264a0bab161b81193115a80f4db05c48a088df29796e8,2,mini1,other,RAW_DEVICE_LOG_ARCHIVE,ocr_batch_001_IMG_1023__IMG_1023_to_IMG_1044__IMG_1044_x2_filename.pdf
3832b97eef5b9b70c1d9f0922f9282119efa4c2d6c3a72decaaff5489a6dfa20,2,mini1,other,RAW_DEVICE_LOG_ARCHIVE,ocr_batch_002_IMG_1045__IMG_1045_to_IMG_1054__IMG_1054_x2_filename.pdf
8a4319defa7a042540670e4d1ee4759c17b828f9a5aaa32c1c6e5b5ff9dfa399,2,mini1,other,RAW_DEVICE_LOG_ARCHIVE,ocr_batch_003_IMG_1055__IMG_1055_to_IMG_1064__IMG_1064_x2_filename.pdf
da66c127b678ade978c3206297f760fe131408a39e5c276b5baddc6563255166,2,mini1,other,RAW_DEVICE_LOG_ARCHIVE,ocr_batch_004_IMG_1065__IMG_1065_to_IMG_1074__IMG_1074_x2_filename.pdf
9699c045de55259a88e6c74cc0066830e3aab94ed02ee66ee4aebfd6b58c65e3,2,mini1,other,RAW_DEVICE_LOG_ARCHIVE,ocr_batch_005_IMG_1075__IMG_1075_to_IMG_1084__IMG_1084_x2_filename.pdf
e4b994f93f24dffe1530552219b7c857229973ec1ac7aa0b7207ce435cfb0eda,2,mini1,other,RAW_DEVICE_LOG_ARCHIVE,ocr_batch_006_IMG_1085__IMG_1085_to_IMG_1094__IMG_1094_x2_filename.pdf
02079df8928fa4da9a112cfa1c9530f87962f9cffa28f05e36cf3bdd0b0ec4e2,2,mini1,other,RAW_DEVICE_LOG_ARCHIVE,ocr_batch_007_IMG_1095__IMG_1095_to_IMG_1104__IMG_1104_x2_filename.pdf
3f143b30d6fc9605290c32bfd7c491c1efbb8600cdab16486527c68e82e8db31,2,mini1,other,RAW_DEVICE_LOG_ARCHIVE,ocr_batch_008_IMG_1105__IMG_1105_to_IMG_1114__IMG_1114_x2_filename.pdf
d3f5fab698680a49892eb4e22cf1c64981676a5ca08f5b55b7f2c0a34eaab103,2,mini1,other,RAW_DEVICE_LOG_ARCHIVE,ocr_batch_009_IMG_1115__IMG_1115_to_IMG_1124__IMG_1124_x2_filename.pdf
8275d53f832b12f3ad487c4da14c0b26bc952cef520ab6157c3d1f1df7aa6db6,2,mini1,other,RAW_DEVICE_LOG_ARCHIVE,ocr_batch_010_IMG_1125__IMG_1125_to_IMG_1134__IMG_1134_x2_filename.pdf
b5d8d69234dec265285ec28f84c0a18260cc75030d2cf91792e3f7e1098d7ee2,2,mini1,other,RAW_DEVICE_LOG_ARCHIVE,ocr_batch_011_IMG_1135__IMG_1135_to_IMG_1145__IMG_1145_x2_filename.pdf
db51a2eac0ba16403090c865b44943b42a776d7e6c8e0cee6d1e70d14adf3ffd,2,mini1,other,RAW_DEVICE_LOG_ARCHIVE,ocr_batch_012_IMG_1147__IMG_1147_to_IMG_1156__IMG_1156_x2_filename.pdf
e2321702a442a65c30e3615159db5896c4c752fdd2aed9dee829014f80cd2353,2,mini1,other,RAW_DEVICE_LOG_ARCHIVE,ocr_batch_013_IMG_1157__IMG_1157_to_IMG_1157__IMG_1157_x2_filename.pdf
0bcecd4421a961eabb2d1b10f15762eb8d60693ffdcd9f6b1035a15e176beb09,2,mini1,csv_summary,RAW_DEVICE_LOG_ARCHIVE,0708_0709_appledata_selected_by_imgnumber.csv
56e97441d5ec8ff399e1ca237dbf08414b83fd93ad42abf11cc62ae5babfaa2b,2,mini1,text_log,RAW_DEVICE_LOG_ARCHIVE,0708_0709_appledata_selected_by_imgnumber.txt
abd1768392dff0d6bad159304056d110b2f963e61898dbc51ae9d03280916eee,2,mini2,rtcr|text_log,RAW_DEVICE_LOG_ARCHIVE,RTCReporting_messageLog_2025-[PHONE] (15).txt || テキスト (7).txt
f5eeffffcb7a30e1ea956760165c9df5a2bb50fca72bebbfc3e9f3de6e4ad54b,2,UNKNOWN,csv_summary,ROOM85_RECONSTRUCTION_OUTPUT,04_strict_remote_gap_candidates.csv
e60a74d183580ec21b1f7e6340f6a310979fbc0e3f36e531c0d970cf4e18f707,2,UNKNOWN,csv_summary,ROOM85_RECONSTRUCTION_OUTPUT,01_all_app_operation_storage_events.csv
1fcf101ed1d407964cbc88fe20ef566336f9a30455b26cb9cfc5890f5a26c1d9,2,UNKNOWN,csv_summary,ROOM85_RECONSTRUCTION_OUTPUT,02_app_operation_events.csv
714f73f042340ddd2ce535db1df1093787fd3e6e1beaad2bf0a4978e533f583c,2,UNKNOWN,csv_summary,ROOM85_RECONSTRUCTION_OUTPUT,03_storage_pressure_events.csv
5277eeb73d328d479fa7c31b20ee2760b07e675cc793c99adde16f6d613ce0ba,2,UNKNOWN,csv_summary,ROOM85_RECONSTRUCTION_OUTPUT,06_app_day_operation_storage_summary.csv
294d50426480a940e9cdc5e04a72ec507d33aead1205501c1d0a58b80518c2be,2,UNKNOWN,csv_summary,ROOM85_RECONSTRUCTION_OUTPUT,07_app_hour_baseline.csv
acb67f8410f8ed0bdedccdcc4a13b3f382f09123f4929af9c60ade56cf61f767,2,UNKNOWN,csv_summary,ROOM85_RECONSTRUCTION_OUTPUT,08_device_day_storage_summary.csv
1ba69a456458ea22a96d5d177f23ae4729957e0a308e0887764bb53ae19c952b,2,UNKNOWN,csv_summary,ROOM85_RECONSTRUCTION_OUTPUT,09_focus_app_day_summary.csv
f56f3e96848139d3d0ce49b1ced0bebcb36697fa3f9acb6479dd29ceb0afde08,2,UNKNOWN,csv_summary,ROOM85_RECONSTRUCTION_OUTPUT,10_focus_events.csv
32904971c7486aae171082976f56756a70a3fba772e3ccde02172eb2acf5efcf,2,UNKNOWN,csv_summary,ROOM85_RECONSTRUCTION_OUTPUT,11_top_app_storage_candidates.csv
51ea13a29f364b4e9b8dba75f1f3f00db1ba1ef543d6bdf3c4b6be2a72fecfdf,2,UNKNOWN,csv_summary,ROOM85_RECONSTRUCTION_OUTPUT,12_run_summary.csv
3c981ece04007f5492283785629bef602e4ea5b81619a6a0ef142630db7e828e,2,UNKNOWN,csv_summary,ROOM85_RECONSTRUCTION_OUTPUT,01_all_native_connectivity_events.csv
f758135ac66f7e68e8a374a9164bbb146dffd3b8bb5b74230f3094fe1335697d,2,UNKNOWN,csv_summary,ROOM85_RECONSTRUCTION_OUTPUT,02_strong_native_trigger_events.csv
18657149c46ff465e545cbf432e2ce683c94874dc3994374c3dfe2c6f6c0973a,2,UNKNOWN,csv_summary,ROOM85_RECONSTRUCTION_OUTPUT,03_medium_plus_native_trigger_events.csv
b7fbda44424d660569f0ca5b790c7da04c8f53600f8bd7f1497a4e8936c8e677,2,UNKNOWN,csv_summary,ROOM85_RECONSTRUCTION_OUTPUT,04_focus_native_events.csv
c321b59f36aecb37cbff80de92221204f182fdb7a762619bac72c732e8ec533b,2,UNKNOWN,csv_summary,ROOM85_RECONSTRUCTION_OUTPUT,05_focus_strong_native_events.csv
9005d93c2fe8a6c8d1530bdc2b6649c565e93c1961f0251aa10ca97d194b79ef,2,UNKNOWN,csv_summary,ROOM85_RECONSTRUCTION_OUTPUT,06_wifi_bssid_ssid_events.csv
2151fdb0bc34d0b0418da54a6ad710eb4c7f38598c5abcb6e5c9f46a80e99a64,2,UNKNOWN,csv_summary,ROOM85_RECONSTRUCTION_OUTPUT,07_airdrop_awdl_sharing_events.csv
14c843eb2781933afa2b699eb89c901ff52a64eac92ecd6ca51531f36f548a85,2,UNKNOWN,csv_summary,ROOM85_RECONSTRUCTION_OUTPUT,08_bluetooth_events.csv
8a71cd0c86ba19c41389168107c5e2e42e80d6c08b461133a1a20daaa866f657,2,UNKNOWN,csv_summary,ROOM85_RECONSTRUCTION_OUTPUT,09_hotspot_tethering_events.csv
a0bd0b15b9d9da599ed7e09d09a9c9cdd2151efb44caff2c910c7ddeede188f4,2,UNKNOWN,csv_summary,ROOM85_RECONSTRUCTION_OUTPUT,10_usb_lockdown_pairing_events.csv
8b37249a2d2ce9e380dbc12d682d277f78a9f7a71d055e88e3ae3fa86ab71570,2,UNKNOWN,csv_summary,ROOM85_RECONSTRUCTION_OUTPUT,11_vpn_networkextension_events.csv
13c056eab66421f09f48aad97d199b896986920a85b3d90e8f82b17bf46198f8,2,UNKNOWN,csv_summary,ROOM85_RECONSTRUCTION_OUTPUT,12_native_device_day_summary.csv
0f274bc8f42c29614ac3ce8919a6c6d423bcd715195d1a9ca05539b5fd455028,2,UNKNOWN,csv_summary,ROOM85_RECONSTRUCTION_OUTPUT,13_focus_native_device_day_summary.csv
e59f927efe170fe4bcfb6fc8dec1536b452cf63119d4d6bfe4e899d2d4073953,2,UNKNOWN,csv_summary,ROOM85_RECONSTRUCTION_OUTPUT,14_native_hour_baseline.csv
e64c7100edf91fdebb7dbf1b1cc16651af030d52e9c0442297d831e99121122c,2,UNKNOWN,csv_summary,ROOM85_RECONSTRUCTION_OUTPUT,15_run_summary.csv
5b566c326ef70878506567eb99e9ffea93bdeca4736b65a0531b03ef371ef540,2,UNKNOWN,csv_summary,ROOM85_RECONSTRUCTION_OUTPUT,00_input_check.csv
e4f275f6eb57d6c359f966e566f99003f6dc64ec6350f63599c16c5c8a6f35d5,2,UNKNOWN,csv_summary,ROOM85_RECONSTRUCTION_OUTPUT,01_all_usage_daemon_events.csv
9bc59339e3bc1761e4eb42b8fa6e418838f32ee40bfd05d6c2955002d63fd86b,2,UNKNOWN,csv_summary,ROOM85_RECONSTRUCTION_OUTPUT,02_usage_events_only.csv
bedc492b0bf45ca6aedf64178ed49c4f66d25456e80c055dbc1e84fda5e6de34,2,UNKNOWN,csv_summary,ROOM85_RECONSTRUCTION_OUTPUT,03_daemon_events_only.csv
19c576c90e601affb98c1a600adc7cf7e52f2db711c44e3036687f3d14a4fbe4,2,UNKNOWN,csv_summary,ROOM85_RECONSTRUCTION_OUTPUT,04_both_usage_and_daemon_events.csv
400bcba309ec4e69964d5d006453c502048eee8be7da4f9ec240ee6bbc27c0d0,2,UNKNOWN,csv_summary,ROOM85_RECONSTRUCTION_OUTPUT,05_usage_daemon_order_pairs.csv
772fd195949c913cb05636ed73ab8a960a96000cca197a04b96e107f71810c2f,2,UNKNOWN,csv_summary,ROOM85_RECONSTRUCTION_OUTPUT,06_strong_order_pairs.csv
9efab270d789605345865c2880a2d98ce96e6348fd83be273e58809837a6c5ec,2,UNKNOWN,csv_summary,ROOM85_RECONSTRUCTION_OUTPUT,08_phase_order_summary.csv
712974488195ce61bd4be828357897c1d4e92e706059f16d4cd7083eccd1fbe6,2,UNKNOWN,csv_summary,ROOM85_RECONSTRUCTION_OUTPUT,09_focus_window_order_summary.csv
3704cc0f80bad3694204839a2e97426aed98763e65e6fbaf907efdf237f698a9,2,UNKNOWN,csv_summary,ROOM85_RECONSTRUCTION_OUTPUT,11_run_summary.csv
261fa5e074f29d13f599cdea7a168a8db9eea61c47d8cb6cd9305a5988ac60c8,2,UNKNOWN,jetsam_resource,ROOM85_RECONSTRUCTION_OUTPUT,01_reset_seam_events.csv
97b1819a47d0deebbaba2a1efc9db8918a7950fadcb4c29561c8242fde9624d3,2,UNKNOWN,jetsam_resource,ROOM85_RECONSTRUCTION_OUTPUT,02_reset_involved_order_pairs.csv
f7dde0fa061c189728f0fabf9ae60c63bb04a9add672e6233d79fa7864822253,2,UNKNOWN,jetsam_resource,ROOM85_RECONSTRUCTION_OUTPUT,03_reset_sequence_windows.csv
fcfc0b35f0c3d791cbcb26a5823b02136259329941bc8e676563d2b84bf8c4fd,2,UNKNOWN,jetsam_resource,ROOM85_RECONSTRUCTION_OUTPUT,04_reset_candidate_windows.csv
efa5913000473202fb49afd6b5bd5a9084f5d354655a91a56706d82e06f004b2,2,UNKNOWN,jetsam_resource,ROOM85_RECONSTRUCTION_OUTPUT,05_focus_reset_events.csv
a70e45d9cf66377b8fb38d289ce209324d35e2275dc7af5c694adbc37b96fa24,2,UNKNOWN,jetsam_resource,ROOM85_RECONSTRUCTION_OUTPUT,06_focus_reset_pairs.csv
874d87cd5fe180cec4181821f31850ea132494050364033b27926293a56a886c,2,UNKNOWN,jetsam_resource,ROOM85_RECONSTRUCTION_OUTPUT,07_focus_reset_candidate_windows.csv
bbec52dd190f6df79432d8b5bffa6f770fd38d6c942e953f52cb9d3ebdb85e3c,2,UNKNOWN,jetsam_resource,ROOM85_RECONSTRUCTION_OUTPUT,08_reset_device_day_summary.csv
dbcd78335f8102edb0a5cb35cdaec29b1be4ea35fd7a3af923f5b2ac227139d1,2,UNKNOWN,jetsam_resource,ROOM85_RECONSTRUCTION_OUTPUT,09_focus_reset_device_day_summary.csv
86c68339a903e0673d82b14262d1483e0d8bd29d3706f805988982d468cfcef8,2,UNKNOWN,jetsam_resource,ROOM85_RECONSTRUCTION_OUTPUT,10_run_summary.csv
c895e053ab6e8876678a4a7474b5f9010c679a84dd9f03598f501d38c06ef7ec,2,UNKNOWN,csv_summary,ROOM85_RECONSTRUCTION_OUTPUT,01_pattern_b_pairs_canonical.csv
b5a370369ad2ef5e3a6d5be19317f791a0b4d1260fa2f3acd0997605daf2e360,2,UNKNOWN,csv_summary,ROOM85_RECONSTRUCTION_OUTPUT,02_pattern_b_pairs_focus.csv
962270e0c9e63f15eff699eb69215cd20fe1e302298ece6f266c0f3b581231ef,2,UNKNOWN,csv_summary,ROOM85_RECONSTRUCTION_OUTPUT,03_pattern_day_summary_fixed.csv
bc71bd5a9d198924bac7db46841ef69b6cb411a3b9701e8f62f8e547b9c6f789,2,UNKNOWN,csv_summary,ROOM85_RECONSTRUCTION_OUTPUT,04_phase_compare_by_device_fixed.csv
11f5fdb2388b50a0705aa2b477aad39ad9062733b569f298cc7ec04ce8554253,2,UNKNOWN,csv_summary,ROOM85_RECONSTRUCTION_OUTPUT,05_phase_compare_by_scope_fixed.csv
5ec702ea24a8c4a26167a966816b229ea1635d8197a16fb646fd3d72d7af3e97,2,UNKNOWN,csv_summary,ROOM85_RECONSTRUCTION_OUTPUT,06_focus_compare_fixed.csv
c193b48552b3da5a3726200fda4b5ebd43d81b19c9f9dc0ac83cb3b06e11b20f,2,UNKNOWN,csv_summary,ROOM85_RECONSTRUCTION_OUTPUT,07_alpha_beta_delta_by_device.csv
16090b7a94235929637277623ccd1aaa5eb12e837b77deef92e4eaf0ed098c29,2,UNKNOWN,csv_summary,ROOM85_RECONSTRUCTION_OUTPUT,08_beta_pattern_b_days.csv
b6d6566b14b378ea7d2da68c66a4ddf95f078ebe755955e730ae3a9e21175fef,2,UNKNOWN,csv_summary,ROOM85_RECONSTRUCTION_OUTPUT,09_alpha_pattern_b_days.csv
68f7f62b2c54c63992dcd02832a2e95259014f4a098f106b7b18e0fcfe222d62,2,UNKNOWN,csv_summary,ROOM85_RECONSTRUCTION_OUTPUT,10_core_pattern_b_days.csv
79e6122e37139fce9e5125385be50aaaf0429d908adeaf8b1ac40fcdb1d0d08a,2,UNKNOWN,csv_summary,ROOM85_RECONSTRUCTION_OUTPUT,11_run_summary.csv
655143e1ae9aa88168595a2a550c06d559419c31092ca7dbbfc35d50098f72e0,2,UNKNOWN,csv_summary,ROOM85_RECONSTRUCTION_OUTPUT,01_bc_pairs_all.csv
54f85d02233ed32211b920eba48fdedf3594b97dce29e498b79be12db8bb4917,2,UNKNOWN,csv_summary,ROOM85_RECONSTRUCTION_OUTPUT,02_bc_pairs_core_strong.csv
718939da4fb09b760a6c160344b4143304cd12d0d3264b9657d95b93fb4d3e29,2,UNKNOWN,csv_summary,ROOM85_RECONSTRUCTION_OUTPUT,03_bc_pairs_focus.csv
d15f727eab646b02d13fd2bd4db7320f484a8488b8cfae15bab017b7575e3a55,2,UNKNOWN,csv_summary,ROOM85_RECONSTRUCTION_OUTPUT,07_bc_phase_by_device.csv
42a214df4aeddff5a54de55b5c5b959c2de75ff9ff675d488920fb10b5cbb251,2,UNKNOWN,csv_summary,ROOM85_RECONSTRUCTION_OUTPUT,08_bc_phase_by_scope.csv
f9689175a62f2761213b9971c73792f9e1041589efc5e1777992c10e4ec8e49a,2,UNKNOWN,csv_summary,ROOM85_RECONSTRUCTION_OUTPUT,09_bc_focus_summary.csv
44b5d34bf85e158975df5db573786385db37f4c070308e9a10702546b9e97cd5,2,UNKNOWN,csv_summary,ROOM85_RECONSTRUCTION_OUTPUT,10_bc_alpha_beta_delta.csv
5aa9740582f59ade3eba72980124ae2f74e37a63444f50f16501b7d642585eb5,2,UNKNOWN,csv_summary,ROOM85_RECONSTRUCTION_OUTPUT,13_run_summary.csv
511b1ef4dedba9d058e29bf45e1770f0ff26bbd15af19514b733b80a360c8bc7,2,UNKNOWN,csv_summary,ROOM85_RECONSTRUCTION_OUTPUT,07_focus_condition_summary.csv
f2ad33cc2c7b5722d3dedaa5b34b2ce1767a7ec38099ccfd3fc134471f0096a0,2,UNKNOWN,csv_summary,ROOM85_RECONSTRUCTION_OUTPUT,08_phase_condition_summary.csv
0350cbe297f0fe7cd53dde5b39b83b448527e33fb37fffa3c99e54aa508d78ba,2,UNKNOWN,csv_summary,ROOM85_RECONSTRUCTION_OUTPUT,09_run_summary.csv
bd6b855d0a5f7392cdf03ee4fc22e70539e5e482d2e971a124a6427526575ace,2,UNKNOWN,csv_summary,ROOM85_RECONSTRUCTION_OUTPUT,01_unique_trigger_events.csv
b35baa6710251b3293fcc967d4cdaac07d739cb368f28b1cf155be2bd1d94cc0,2,UNKNOWN,csv_summary,ROOM85_RECONSTRUCTION_OUTPUT,02_unique_bc_seam_events.csv
587c96356462813fece03bce114d6462ce18956d997dde05b788b39d2a2975cb,2,UNKNOWN,csv_summary,ROOM85_RECONSTRUCTION_OUTPUT,03_unique_trigger_bc_pairs.csv
c915b6797409029c6004843a1575056704b90f743caa2594b23eb52089cdab0b,2,UNKNOWN,csv_summary,ROOM85_RECONSTRUCTION_OUTPUT,04_unique_trigger_to_bc_summary.csv
917bb88628456b1e0d31b8a9049ea4979406e6a28cd8005f412494e20dc116f4,2,UNKNOWN,csv_summary,ROOM85_RECONSTRUCTION_OUTPUT,05_unique_trigger_to_bc_candidates.csv
507fa0fee7eda2fb1f9d9fba18407261e644ef719f94def891fc97511f69609a,2,UNKNOWN,csv_summary,ROOM85_RECONSTRUCTION_OUTPUT,06_unique_bc_precondition_summary.csv
11878cf97c0f3441e4dd9c72cd326bbac6ad2a0e09d73478510977ec4bd689fe,2,UNKNOWN,csv_summary,ROOM85_RECONSTRUCTION_OUTPUT,07_unique_bc_precondition_candidates.csv
a9bbc4fbdc44bbbb0f39f60782cb72c3fec8bec348b60e1f6dfbdef9e467ffee,2,UNKNOWN,csv_summary,ROOM85_RECONSTRUCTION_OUTPUT,08_focus_unique_trigger_to_bc_candidates.csv
2e89f33c796967a906cb2ec73e96f47f2c867198a755753e2f4e59c06c199175,2,UNKNOWN,csv_summary,ROOM85_RECONSTRUCTION_OUTPUT,09_focus_unique_bc_precondition_candidates.csv
5ebdc07566683ff0f56fca5757e391b44d2347b11b578ad6300f942ea1de5f0b,2,UNKNOWN,csv_summary,ROOM85_RECONSTRUCTION_OUTPUT,10_core_unique_trigger_to_bc.csv
dd31db29dbf64b5f9e3f0128d2309d92e8a610b3360ab2c820fc9b13b131fc36,2,UNKNOWN,csv_summary,ROOM85_RECONSTRUCTION_OUTPUT,11_core_unique_bc_preconditions.csv
9a2d6c1c233533726cc425ba852158bc1ff6be0e38185fa1fcfe0058714c18b5,2,UNKNOWN,csv_summary,ROOM85_RECONSTRUCTION_OUTPUT,12_unique_device_day_summary.csv
69f16abe0627e876dbfb1a5bdc95fa8e3b88d08ec14976d312c8e8665b9ce2d0,2,UNKNOWN,csv_summary,ROOM85_RECONSTRUCTION_OUTPUT,13_unique_focus_summary.csv
68cd2b48e97c97f619b0c6f4b9d6806e4c0d6d94b1af942ab9bc1684f4755a63,2,UNKNOWN,csv_summary,ROOM85_RECONSTRUCTION_OUTPUT,14_dedup_report.csv
897c6a9d59dd7cb35a0659e924f2dfb2cab92883c7c3151959d4da8d9aaf3587,2,UNKNOWN,csv_summary,ROOM85_RECONSTRUCTION_OUTPUT,01_trigger_events_combined.csv
670392754919044c7aa47091dd8b90c9649f79b0bcb624cc575e98fb2b8eed8e,2,UNKNOWN,csv_summary,ROOM85_RECONSTRUCTION_OUTPUT,02_bc_seam_events.csv
4db49c28f7eb9c1e0362253000e00c443478243e7083e19bc5ab00819d2f14aa,2,UNKNOWN,csv_summary,ROOM85_RECONSTRUCTION_OUTPUT,03_trigger_to_bc_windows.csv
56a9bdffb22c7b26fdfc6b3c5d99c637120e5f044eadd4b1287e208eeec7a536,2,UNKNOWN,csv_summary,ROOM85_RECONSTRUCTION_OUTPUT,04_trigger_to_bc_candidates.csv
306bca4ba159f172f9eb8d67e848cec768cbd553f685a586ecba30298f804612,2,UNKNOWN,csv_summary,ROOM85_RECONSTRUCTION_OUTPUT,05_bc_precondition_windows.csv
32a6a3dd2df07f15ca2aa419d67601e9a3d0758e76a89895c6ffd1db1fd4cfff,2,UNKNOWN,csv_summary,ROOM85_RECONSTRUCTION_OUTPUT,06_bc_precondition_candidates.csv
8f363abb916d29bf818e8248d7f8e29db1b3d144fccbd454e8baf19874ab2b97,2,UNKNOWN,csv_summary,ROOM85_RECONSTRUCTION_OUTPUT,07_focus_trigger_to_bc_candidates.csv
4bdac441ba2d7a1e9971cd35c8e89a2b5a5e324c4826af987973e9de284b776d,2,UNKNOWN,csv_summary,ROOM85_RECONSTRUCTION_OUTPUT,08_focus_bc_precondition_candidates.csv
8b213d81ab091173f9bda0fd54fca5c6fe2732d52beb1701310eef9b16f375fa,2,UNKNOWN,csv_summary,ROOM85_RECONSTRUCTION_OUTPUT,09_core_trigger_to_bc.csv
5b739c7b0c0198753f45b1b63f3708c03a0bd0bf6dc2d60f23b49c27696fb26d,2,UNKNOWN,csv_summary,ROOM85_RECONSTRUCTION_OUTPUT,10_core_bc_preconditions.csv
c9f53f2e7ddfe17dcc312da613b92a04e044977f016fa6a23f81652d3034884e,2,UNKNOWN,csv_summary,ROOM85_RECONSTRUCTION_OUTPUT,11_device_day_timewindow_summary.csv
9682a69651ab5dcb5599c114a97686ee23c8d0d4efd73afe17bacc16c566d237,2,UNKNOWN,csv_summary,ROOM85_RECONSTRUCTION_OUTPUT,12_focus_timewindow_summary.csv
5228aff812c2d3719facdb8f419af5b8807f5f2dfbb91de4bd67843aa221445b,2,UNKNOWN,csv_summary,ROOM85_RECONSTRUCTION_OUTPUT,13_run_summary.csv
22601b8e5088de7c332096dcd7aa931c5681799eb63888c5093b7a2118bec43a,2,UNKNOWN,csv_summary,ROOM85_RECONSTRUCTION_OUTPUT,01_core_of_core_focus_final.csv
8e6815647185e550ba8c9db36449d1b2205d630987018a9c68a66e9f4d3beb02,2,UNKNOWN,csv_summary,ROOM85_RECONSTRUCTION_OUTPUT,02_core_of_core_final_only.csv
febbf0f6ea825723ee2fff0756ba2120f5efa74ea9eacc077d8e228f41f116d2,2,UNKNOWN,csv_summary,ROOM85_RECONSTRUCTION_OUTPUT,03_core_of_core_strong_only.csv
76076b76a1a58f8254993b0e7ba9ed53aef609203f6126a15f917ce0976f09b4,2,UNKNOWN,csv_summary,ROOM85_RECONSTRUCTION_OUTPUT,04_core_of_core_day_table.csv
d55354bb64476f86d52c84f664c2a066a4d100dc755e02ffe12d8a61509dee4f,2,UNKNOWN,csv_summary,ROOM85_RECONSTRUCTION_OUTPUT,05_core_of_core_pre_core_evidence.csv
9b8fd07c6b57d4b623d5873c44ef44f4d348f40fdd7f8732c8f8cfe65bd7e9ac,2,UNKNOWN,csv_summary,ROOM85_RECONSTRUCTION_OUTPUT,06_core_of_core_tw_core_evidence.csv
27123d2e2d429ea231cd03452dea61d684a77530c45daf0215eddbf554a063b2,2,UNKNOWN,csv_summary,ROOM85_RECONSTRUCTION_OUTPUT,07_core_of_core_evidence_pack.csv
22c04e4e7b98a3860d185d0c8c887dfe8f70cca636a81baf7bfa645d1fcfe2d3,2,UNKNOWN,csv_summary,ROOM85_RECONSTRUCTION_OUTPUT,08_device_core_of_core_summary.csv
df6e7401a4a1e9d0f76679f5955cb52a8e3c7238d21b8a2c9e3f3849c065b2e6,2,UNKNOWN,csv_summary,ROOM85_RECONSTRUCTION_OUTPUT,09_rejected_from_core_of_core.csv
aa79840813a9fedd4d866f5e8acd879ef7d67b73243dd263dea495e309d55837,2,UNKNOWN,csv_summary,ROOM85_RECONSTRUCTION_OUTPUT,10_run_summary.csv
ce6d6f7b5b4733444d54768c28dee7eddf1a9ea85cce61d5d961ee1f4e52ba98,2,UNKNOWN,csv_summary,ROOM85_RECONSTRUCTION_OUTPUT,01_joker_focus_decision.csv
b396455ef45527beecdeaaac12e667c360c0c48e2fd67a76564ad46a95edc626,2,UNKNOWN,csv_summary,ROOM85_RECONSTRUCTION_OUTPUT,02_joker_core_focus_only.csv
129b8b2e44f31764344de9265eab826240a42cb6b5b243aa6e20aa2914b0d011,2,UNKNOWN,csv_summary,ROOM85_RECONSTRUCTION_OUTPUT,03_joker_strong_support_focus.csv
7ffe52ac865b73c5051825d2476347c7fcdbb10a716465d7406ff8b87f50c6b4,2,UNKNOWN,csv_summary,ROOM85_RECONSTRUCTION_OUTPUT,04_external_bc_support_focus.csv
62a12f56918a168829a452c97303cfedb8d0b6b0977a772d0b9a0f46c7b63bee,2,UNKNOWN,csv_summary,ROOM85_RECONSTRUCTION_OUTPUT,05_core_day_evidence_table.csv
0944f7d06f186ba034aacd467cbef56b19f2c7be647e1ebc5d6a131ce6d6c61b,2,UNKNOWN,csv_summary,ROOM85_RECONSTRUCTION_OUTPUT,06_core_pre_tw_evidence_table.csv
8f530ad79e4eb88a8e5d30bb4fe8d75cc142772bdfa910666e14889b8bb87b3a,2,UNKNOWN,csv_summary,ROOM85_RECONSTRUCTION_OUTPUT,07_device_joker_summary.csv
86cb2406c095e31969846c7e83a98eceba7d882719b93d84aa0dd7e7040f41c3,2,UNKNOWN,csv_summary,ROOM85_RECONSTRUCTION_OUTPUT,08_run_summary.csv
a052533290d9d324a2e7fb364562e021bf9afe87129a3c5d2871c337c6a84533,2,UNKNOWN,csv_summary,ROOM85_RECONSTRUCTION_OUTPUT,01_final_verdict.csv
ec91eaffd473a3e33e6a86170de4dab4f7498e250cb05698376f65891a59220f,2,UNKNOWN,csv_summary,ROOM85_RECONSTRUCTION_OUTPUT,02_core_of_core_focus_rank.csv
ee47ca3c9ea7111ed6dc8bf90481519ee90f974c98d71af1d950178c230b9379,2,UNKNOWN,csv_summary,ROOM85_RECONSTRUCTION_OUTPUT,03_device_final_rank.csv
f0128689673365ce0901a7f07ff1fdb97b66cf9549fde3127a1c5536718f96a3,2,UNKNOWN,csv_summary,ROOM85_RECONSTRUCTION_OUTPUT,04_evidence_compact_by_focus.csv
e60e5e0def2895dc92787510bff9d67b910ec2cc09434128353904531961aa46,2,UNKNOWN,csv_summary,ROOM85_RECONSTRUCTION_OUTPUT,05_core_day_compact.csv
ac82443ba6d824be09e92c222edceb6b6ad519a780447114f79bb87e473471fc,2,UNKNOWN,csv_summary,ROOM85_RECONSTRUCTION_OUTPUT,06_false_positive_stress_table.csv
1740fd538a67e3acbe1383fc3cf9ceb28bbbbb60f106f95ee6c48035f499e885,2,UNKNOWN,csv_summary,ROOM85_RECONSTRUCTION_OUTPUT,07_claim_boundary_table.csv
670371e85478d63f942f707333b9670ea43f02c9463fdcf901d11a0848e15ee6,2,UNKNOWN,csv_summary,ROOM85_RECONSTRUCTION_OUTPUT,08_external_support_context.csv
c6364f7c6ef9698c11e1f5f5d03eab87526245a1b4f221310b6c3f2337aba447,2,UNKNOWN,csv_summary,ROOM85_RECONSTRUCTION_OUTPUT,09_package_summary.csv
6f00befa80edde0dbc6211cdb0b078a339eeb13d838eae7f5072e64e3ea79fbf,2,UNKNOWN,script,ROOM85_RECONSTRUCTION_OUTPUT,run_joker_repro_V3.py
4d07361f7a33c1c67e0c7e8a7e91066b5f49394bac04e5ff2739d78d6cb5e275,2,UNKNOWN,endpoint_network,ROOM85_RECONSTRUCTION_OUTPUT,30d4_path_target_mismatch_rows.csv || 30d5_unknown_or_review_rows.csv
16506e2c334cda573ca2e047863de86142d33b5b1d71adb44af507a3f64d5191,2,UNKNOWN,csv_summary,ROOM85_RECONSTRUCTION_OUTPUT,00_input_check.csv
49c56da9a8919b2bdee0a32e99619b0daa6f223c85525641a3f68e853ee632b0,2,UNKNOWN,csv_summary,ROOM85_RECONSTRUCTION_OUTPUT,01_repro_key_compare.csv
51f69994b7c61a9c2710c5c191e98fe8e77cfb5f624468ba78bfcd23c203633d,2,UNKNOWN,csv_summary,ROOM85_RECONSTRUCTION_OUTPUT,02_final_core_targets.csv
6bbd7bfdaca6cb83728c207984e07f71cde93f2bba63a91ddba3a3ed27503673,2,UNKNOWN,csv_summary,ROOM85_RECONSTRUCTION_OUTPUT,04_remote_vs_prereserved_final.csv
09f55be97fb6bc5effe439261e355c98d3117a06ee6c35b12d62ed83f3407b6a,2,UNKNOWN,csv_summary,ROOM85_RECONSTRUCTION_OUTPUT,05_sc_design_final.csv
f6ddb4922c8a1d85cb355f7cb5670f935fcd98cf9baa97efc19894486f6d5aa1,2,UNKNOWN,csv_summary,ROOM85_RECONSTRUCTION_OUTPUT,06_sc_purpose_final.csv
c6bc419b00362d7d465a45407ce5c902af8ec29267c5d625d7101d1ea98a35a8,2,UNKNOWN,csv_summary,ROOM85_RECONSTRUCTION_OUTPUT,07_external_language_ready.csv
f1ab2e9a2512de0bbe240001e34b533f32fc34b20d13b8753ff91ccd7ae22c39,2,UNKNOWN,json_summary,ROOM85_RECONSTRUCTION_OUTPUT,22_MASTER_SUMMARY.json
ccf82c6b8759d7b396a7186e7f6b4d3097b4567920659627e7abf0f6ef559d28,2,UNKNOWN,csv_summary,FINAL_33B_PUBLIC_PACKAGE|REPO_34_PUBLIC_PACKAGE,00_source_file_inventory.csv
7dce86a8010530221b2fa6cd23f6cc4090dd10c96d356c90a67f9e1573ab3e50,2,UNKNOWN,csv_summary,FINAL_33B_PUBLIC_PACKAGE|REPO_34_PUBLIC_PACKAGE,00_source_keyword_evidence.csv
76d3f27e126fc5037cf52003c097bb9c0f14f89a2b2687ab67e30b1cf9f34d43,2,UNKNOWN,csv_summary,FINAL_33B_PUBLIC_PACKAGE|REPO_34_PUBLIC_PACKAGE,00_source_root_audit.csv
f46a1f2af2f20248c833684bbcf1f73b5bbf0b6a09140f313221e3971a4d3635,2,UNKNOWN,csv_summary,FINAL_33B_PUBLIC_PACKAGE|REPO_34_PUBLIC_PACKAGE,00_source_status_summary.csv
d1ec6fa24fa0b3b1fa5c37ea8ef7683e657fd0e5b40306c886a8fd1dd13b4548,2,UNKNOWN,csv_summary,FINAL_33B_PUBLIC_PACKAGE|REPO_34_PUBLIC_PACKAGE,33b_a_score_adjustment_components.csv
6ae2caaa70ce085098c6a33960aeeaa52be3e6b10782afe43cb210eaedeabda0,2,UNKNOWN,csv_summary,FINAL_33B_PUBLIC_PACKAGE|REPO_34_PUBLIC_PACKAGE,33b_d_source_adoption_register.csv
c86a476905bec3d17681b90736ba4af8a27efd6868424617ccefca3ab8722677,2,UNKNOWN,csv_summary,FINAL_33B_PUBLIC_PACKAGE|REPO_34_PUBLIC_PACKAGE,33b_i_key_source_copies.csv
c86dffb1edb2d1a1d5c1bfbc236ddfcd7992548a7f848a174ce567f9dfc70243,2,UNKNOWN,csv_summary,FINAL_33B_PUBLIC_PACKAGE|REPO_34_PUBLIC_PACKAGE,33b_j_v1_fix_report.csv
fb91dc8da2204280760acf84576f73cd6131152ac284c760c01dc66453460451,2,UNKNOWN,json_summary,FINAL_33B_PUBLIC_PACKAGE|REPO_34_PUBLIC_PACKAGE,33b_MASTER_SUMMARY.json
cec791c23444d0facb2946e87f8166bc80cca7d7ed22220cb0667644d0608754,2,UNKNOWN,markdown,FINAL_33B_PUBLIC_PACKAGE|REPO_34_PUBLIC_PACKAGE,33b_README_REPO_DRAFT.md
1c260f8975760b26fc0d28f4a1df88b3eb210ed1260ce397ab62a4ff8de1d8e0,2,UNKNOWN,manifest_related,FINAL_33B_PUBLIC_PACKAGE|REPO_34_PUBLIC_PACKAGE,33b_SHA256_MANIFEST.csv
7eb11614efa3c48c30f4dab0d7c417607965eb3ef3a563486d2d487fd162352c,2,UNKNOWN,csv_summary|jetsam_resource,FINAL_33B_PUBLIC_PACKAGE|ROOM85_RECONSTRUCTION_OUTPUT,28_victim__28b_victim_process_events.csv || 28b_victim_process_events.csv
d24ef42b76d60e4210ad3b11a40938a637725cf5101f373bf523dec9ef43b826,2,UNKNOWN,csv_summary,ROOM85_RECONSTRUCTION_OUTPUT,25b_final_vs_internal_control_summary.csv
56064b650eb6da93c0a9011c31c370c11ac3a785f1f9f95a1c49f810a1d5278b,2,UNKNOWN,jetsam_resource|usageclientid,ROOM85_RECONSTRUCTION_OUTPUT,00_file_scan_index.csv || 00_raw_file_scan_index.csv
843a96f8e7f54c972535e6497af028aa09ad0cf28a85561c16ec11dc7e7f7bbe,2,UNKNOWN,markdown,REPO_34_PUBLIC_PACKAGE|ROOM85_RECONSTRUCTION_OUTPUT,README_ja.md
3fdc8343a8845bf91c418cb97c56e8d4e1095e54d616f930b1bf25b13a3b2b7b,2,UNKNOWN,markdown,REPO_34_PUBLIC_PACKAGE|ROOM85_RECONSTRUCTION_OUTPUT,SHORT_RESEARCH_SUMMARY.md
a93818f5759390250ba216a3eb52989c1930ce03ea117daaa5b982a5c7c835c8,2,UNKNOWN,markdown,REPO_34_PUBLIC_PACKAGE|ROOM85_RECONSTRUCTION_OUTPUT,README.md
